Index	Longitude	Latitude
0	-17.560976610480281579	8.728409139080719470
1	-14.357144536870755758	8.231605824149577089
2	-11.275495651252400719	7.728546517993844844
3	-9.533681645491606460	7.433793147954176561
4	-6.621722875654862506	6.925083268863500230
5	-3.802199124590841084	6.414549051845372496
6	-2.199363800277438941	6.116905104835018037
7	0.496711082758058753	5.604894420409889833
8	3.128651396557507347	5.092273906642305725
9	4.635004074896801995	4.793626151139081415
10	7.186504452016150957	4.279756818585938483
11	9.699959017826385477	3.764592614542074500
12	11.149059154304737262	3.463949769275778579
13	13.621844624019971093	2.945488402163025210
14	16.080975118908213517	2.423973668725333486
15	17.509524098211635135	2.118716528712103919
16	19.965831593709232550	1.590601462698173041
17	22.432204409344244311	1.057110991947991074
18	23.875902136599499670	0.743767671616818116
19	26.377157944116252253	0.199792517812440590
20	28.912696598312177088	-0.352058514268964950
21	30.407985741982994199	-0.677224993102513606
22	33.017785825934574007	-1.243400605199849407
23	35.687650023304271940	-1.819678522763463979
24	37.273303672494854766	-2.159979791192911502
25	40.059904163075060524	-2.753476422994712625
26	42.934540992381663216	-3.358282090052370883
27	44.652573985790425581	-3.715470589212380048
28	47.689793850065022696	-4.337865179117776471
29	50.844714255591732410	-4.970437984258226471
30	-18.689728574769485903	11.737472266258384579
31	-15.370333217761954714	11.350870080096390424
32	-12.160604894183288494	10.940651198958741830
33	-10.339606270431772828	10.692405847161710497
34	-7.285284845710382484	10.251497710084825243
35	-4.317256450624640252	9.794469458833852116
36	-2.625899539155970519	9.521833904560915940
37	0.224799228287736769	9.042983878143775911
38	3.013394218690192972	8.551968454451976953
39	4.611389918084817907	8.260933594900311761
40	7.320483368388451595	7.752174759296602602
41	9.990942786953079136	7.232666664668012224
42	11.530837924886657930	6.925398664458367826
43	14.158154844817333995	6.388894588819508336
44	16.769384490059248805	5.841330800504049847
45	18.285082085429241516	5.517391095145004698
46	20.888345051282829701	4.951355547810016411
47	23.497586601454671040	4.372826497408226487
48	25.022277120719671473	4.030083375047674110
49	27.658481888476039501	3.430229908109891923
50	30.322916130299539361	2.815823803110457657
51	31.890064482327922235	2.451208164058537697
52	34.617190190101410963	1.812044650958849479
53	37.395567183760441310	1.156194860613629194
54	39.039777377292175231	0.766537618117728803
55	41.918037799912134744	0.082950791156896075
56	44.871500218070806909	-0.618721208703715386
57	46.628727348288173005	-1.035461344764525338
58	49.720332275271083233	-1.765764534681628417
59	52.911198460246559705	-2.513506286680632140
60	-19.801688181549110368	14.634828018543919015
61	-16.374110906609516292	14.372150312994692811
62	-13.041893239059776377	14.068809844454658986
63	-11.144150969799948570	13.875169681654814013
64	-7.950350475713405807	13.515540400575368096
65	-4.835209181367621234	13.124627513320966443
66	-3.055545710922557223	12.883822095325871970
67	-0.049747226013136310	12.448814075011789271
68	2.896811327971164030	11.988631726179118431
69	4.587485399155514898	11.709866302004407146
70	7.456234047016426558	11.212945635042375514
71	10.285888848788909300	10.694184589403477048
72	11.917811129006000925	10.382499243585241899
73	14.701536974844504613	9.830463267464315535
74	17.466242266795141802	9.257775973677102144
75	19.069573013409996776	8.914985510659358070
76	21.819942998175914539	8.309575646768355028
77	24.571184910277342084	7.683155882948439874
78	26.175826421695088442	7.308747890041146889
79	28.944167064657040811	6.648158748622319258
80	31.733282391258210708	5.965224157738171051
81	33.369151804689209939	5.557221622921953319
82	36.206986539397668423	4.837610990919581688
83	39.085686953281459921	4.093991968244585777
84	40.782969131105957672	3.649937410509296321
85	43.742280710242987141	2.867264033065703543
86	46.762585836658800531	2.059488746127820402
87	48.551487124919120220	1.577801277876638153
88	51.683832609070989861	0.730455298720174340
89	54.896453326361708491	-0.141179886852351055
90	-20.444145398014107684	16.273292348850418421
91	-16.956699760017766465	16.088222692828502147
92	-13.555461013290681649	15.852849848657708520
93	-11.613991240010806294	15.694374029405002702
94	-8.339996866729711300	15.387764517010067422
95	-5.139494924430779044	15.040760627276849704
96	-3.308296083773734519	14.821447013080874200
97	-0.211570099042882903	14.416635389053759297
98	2.827994811362429584	13.978469072851954280
99	4.573366111412212831	13.708905023296438230
100	7.536473902353892917	13.221851373329206680
101	10.460275447665290827	12.705766332640854088
102	12.146600723329063598	12.392470932685970553
103	15.022673998576554055	11.832458494627569934
104	17.877752896143938699	11.245483645146993723
105	19.532531877829185873	10.891591784950829691
106	22.368932071497937386	10.262509359830605860
107	25.202711847793082711	9.606826432826354178
108	26.853552979839296455	9.212909302520307264
109	29.697719290021428407	8.514692199295684105
110	32.557638397686162079	7.789117086876685470
111	34.232150846219134621	7.354068620501013953
112	37.131520439071948658	6.584282155549882276
113	40.064992293003058421	5.785957608663544249
114	41.790738183427635022	5.308048263189723670
115	44.792547494382830564	4.463853123370971510
116	47.846516780213775633	3.590460887057686179
117	49.650593257833762095	3.068763284025321170
118	52.800799959833064179	2.149644585628299520
119	56.020095109236486053	1.202536078395632257
120	-21.545045375784972919	19.012889094975903959
121	-17.959622710528730494	18.969303285335051612
122	-14.443234710776293284	18.859499963956846358
123	-12.427952281299932125	18.766691864370010023
124	-9.017295858764287075	18.560170452456837609
125	-5.669920409451257193	18.297276002414722740
126	-3.749509664953274868	18.119667397234167083
127	-0.494628374771681312	17.774328382033193208
128	2.707439327354635772	17.380629330330773286
129	4.548615242934440417	17.130242054720500988
130	7.677236391173535957	16.665000404016158342
131	10.766275992922331284	16.157142509272620856
132	12.548038305387386515	15.842613160824036811
133	15.585884071610101032	15.270530889626908078
134	18.598809647798404399	14.659403538113314980
135	20.343153267728624201	14.286116849342599622
136	23.328687911659990561	13.614911241361998151
137	26.304599720698035981	12.906441884677981591
138	28.034491816367406614	12.477100889081254920
139	31.007427250036769806	11.710280742005839016
140	33.986230688546115175	10.906747298443571381
141	35.724935482456061209	10.422213537306703302
142	38.725234717399033002	9.560655245602655228
143	41.746778199982045976	8.662440823711254012
144	43.517383873774058145	8.122846297801753934
145	46.584440388679468015	7.166879848811234410
146	49.687612877359804031	6.174808968430051337
147	51.512435410778870448	5.581044602431538770
148	54.683869606892393733	4.533254329338507915
149	57.905098270387505011	3.451722615024572782
150	-22.648481222696229764	21.664838119507873415
151	-18.970854273545519675	21.771568393631870464
152	-15.343199332521161082	21.797134522138343016
153	-13.255451297689514689	21.775946782264615109
154	-9.708898432501754883	21.679848969051985108
155	-6.213578510852340919	21.511163877687547341
156	-4.202575681128550400	21.380876315172027802
157	-0.786068171726689746	21.103983728508445950
158	2.583066343207468751	20.762637126159159351
159	4.523058859495049155	20.535427824531684138
160	7.822716833825314353	20.097754084693573162
161	11.082626182392306902	19.602374675244796265
162	12.963004533406875751	19.288369949356507504
163	16.167675703020798039	18.706002960569509952
164	19.342705972674618664	18.070973460038072034
165	21.178611461375876246	17.677757806752524061
166	24.315716461386191583	16.962412390039322219
167	27.434761931472863239	16.197864017326729424
168	29.243563937722711898	15.730656685099651426
169	32.343707591259686751	14.890252636733199765
170	35.438119822950966409	14.002956044919100620
171	37.238319095904671485	13.465261419642022389
172	40.333588431515956074	12.505253537650359519
173	43.435668233657452220	11.500207344933937037
174	45.246089802805975921	10.894856400432255228
175	48.368753931268685164	9.820225175110190108
176	51.510515147900811428	8.702904098142994371
177	53.349596854250535216	8.033482852545045461
178	56.530861174942536707	6.851396021233539635
179	59.742709058311866954	5.630669500948361161
180	-23.294769158952501442	23.171541463535270111
181	-19.565996654498622576	23.369223782855076621
182	-15.875190836102314407	23.477532896613240609
183	-13.745754118044457570	23.500473569613195224
184	-10.120170211415022266	23.472945400773607361
185	-6.537875362851528926	23.363350643514170457
186	-4.473252264360435326	23.262991260984676956
187	-0.960569997706986922	23.029768325676773344
188	2.508474256048719653	22.722269007806861651
189	4.507720837811191927	22.510261546954126288
190	7.910095059336084589	22.091081952321289350
191	11.272671302138322247	21.604744826268159841
192	13.212261132595417124	21.291760568136311349
193	16.516919839343785270	20.704081592363959174
194	19.788757252163613032	20.055127674800704796
195	21.679125914598870395	19.650003248183423921
196	24.905932664597699500	18.907952482457428545
197	28.109016535525132241	18.109198586954047272
198	29.963796731499520831	17.618818617916904401
199	33.137394007726797440	16.733319456377419243
200	36.297650894713036962	15.794683315462911821
201	38.132413953695021291	15.224435442441379251
202	41.280215160274565278	14.204246066245415747
203	44.425691920162414306	13.134090680583243582
204	46.256966863856064265	12.488781218097217973
205	49.407588491441394751	11.342287003486568153
206	52.567005600280495514	10.149479234431561636
207	54.411478762274285259	9.434648808427898103
208	57.593410151312795620	8.172314603069729344
209	60.794853531554657877	6.868901864980313299
210	-24.417471265694690175	25.703470445771841923
211	-20.604993774853021193	26.062499821132398381
212	-16.808195946087330697	26.318933045366843970
213	-14.607758437921916084	26.421435530319840268
214	-10.845996999875543665	26.518389330385566893
215	-7.112085178466719171	26.517001810972036679
216	-4.953309040027749077	26.471831368008501784
217	-1.270786172311208162	26.319711068318991209
218	2.375638188862317701	26.075717682850843460
219	4.480386296273831448	25.892531052374170741
220	8.065937140899183788	25.508956034531149015
221	11.611684589773485499	25.040867794114674894
222	13.656826171916431889	24.730679543516249197
223	17.139364620850862764	24.134738590038317341
224	20.582727540952465262	23.461584860521359275
225	22.569170446996210444	23.035342326062423268
226	25.953327507062059709	22.245497481732147804
227	29.302538945730141506	21.385190730949062754
228	31.236595474318811227	20.853036605754944333
229	34.535586099612928024	19.886220111847418224
230	37.806546467454069216	18.855100127780954011
231	39.698566819957676444	18.226304900778231399
232	42.931827462201241019	17.098125583877045841
233	46.145784423906945904	15.911549250468549843
234	48.008847445939949239	15.195019081704039365
235	51.199882279743697211	13.920896540296800126
236	54.381417016469669079	12.594674468278375556
237	56.230226641138834509	11.799912904429815441
238	59.404827848889325992	10.396920610034522170
239	62.580213063982050414	8.949366068711512412
240	-25.562476348085755973	28.170847709395857805
241	-21.671512054805742054	28.696654346776860223
242	-17.771694487966627207	29.107775936462200406
243	-15.500832539846246760	29.294032046687920712
244	-11.601818039563738694	29.523030054562063640
245	-7.712651863945032993	29.637508994422578468
246	-5.456509450635801173	29.651869835162152356
247	-1.596987259563007244	29.587862246896701635
248	2.235630224550277045	29.413535995179973526
249	4.451547803935579140	29.262257802326431033
250	8.230520696374533429	28.918597908369218175
251	11.969781283804339367	28.471697335723384015
252	14.126293378405817336	28.165356316828464855
253	17.795976045973752377	27.561826196072839679
254	21.418769214067364004	26.863765017995859807
255	23.505092487267447154	26.415400472475052851
256	27.051552963010017550	25.575125472448679176
257	30.549649771164844481	24.649643240532128630
258	32.563527479017508881	24.073237852971988815
259	35.987012173955619687	23.020372400248923839
260	39.365523389101817031	21.891642280690238209
261	41.311991258222491297	21.201229136616611015
262	44.624369640084630362	19.959790886592333692
263	47.898813370603569695	18.651718142023995028
264	49.788392021889855243	17.861180228316541729
265	53.009984665763852263	16.455043784544255203
266	56.203141840277041297	14.991654857620517305
267	58.050060095076879918	14.115115960768822134
268	61.206728265799497990	12.568932857515076051
269	64.345953917358315266	10.975562061520635737
270	-26.242461712784393768	29.580429057462467313
271	-22.308249365079678483	30.205401948839256221
272	-18.349790679069034383	30.709175393428214562
273	-16.038122581256796906	30.945880386089591241
274	-12.058469182040923329	31.254840648509070178
275	-8.076840564284941237	31.439938338068820656
276	-5.762221800947417982	31.490759154349227344
277	-1.795694974773822672	31.480959176307091951
278	2.150175431992513708	31.349733844071057121
279	4.433931687380707309	31.218290820437012201
280	8.331140645558662072	30.899586287334056323
281	12.188732499927951380	30.466123040844010461
282	14.413266684795143391	30.162368682921805174
283	18.196957141356566723	29.554514306996107820
284	21.928507174378161437	28.841444430540782662
285	24.075040131575782709	28.379652570807923695
286	27.718666370605852478	27.508699147106050020
287	31.304936498646505072	26.543563733214938338
288	33.365593731652289478	25.940264898859798137
289	36.861134551872275722	24.835202909177425568
290	40.300692478556413789	23.647445048484584618
291	42.277462855806625441	22.919875192774856743
292	45.632773879333882405	21.610357115336800149
293	48.938533872295295168	20.229565899197343271
294	50.841004214159994490	19.394889409211465647
295	54.075680985940749679	17.910307527657412408
296	57.270662459694563040	16.365790894085201046
297	59.113579258369270519	15.441062153114810229
298	62.254922610378955028	13.810805467772604871
299	65.368503852230603002	12.132200714154997456
300	-27.440435246936210945	31.962501095001261575
301	-23.436260853087322431	32.760891376180552470
302	-19.379309379187020568	33.427771378311376793
303	-16.997727266319685668	33.753744457310425275
304	-12.877777569452609541	34.204877098095288090
305	-8.732862670101651403	34.516247493149933234
306	-6.314020565584113953	34.632530068604488349
307	-2.155395632399629502	34.720402101951464147
308	1.995154352481242066	34.667141379994923511
309	4.401946707435197226	34.571675204729523045
310	8.513992427480870262	34.298340682164571547
311	12.586651198225197845	33.889401810318119601
312	14.934642661242985895	33.590426777820169946
313	18.924637584462136175	32.974877027149901210
314	22.851857905336444787	32.234767500658087158
315	25.106046982571260884	31.748775207831496203
316	28.922056004455015454	30.822596762115512803
317	32.662854220446746467	29.786261063017452244
318	34.804528415107810702	29.134794797847916925
319	38.423107381738248023	27.936525859606806677
320	41.964591535284718304	26.643795996657722469
321	43.990799238357027434	25.850376584370362565
322	47.414037963646933349	24.420645656937264079
323	50.766420679686952155	22.912049889448983464
324	52.686399212635187439	22.000085772986221144
325	55.935066201652830387	20.378650514992347809
326	59.124384355417703318	18.693242475113809320
327	60.955315253879454929	17.685113261233297521
328	64.061802046228365271	15.909832903531833992
329	67.123389468817563852	14.084777474189198898
330	-28.684479184885088188	34.300611256923751569
331	-24.616246632060033050	35.275592889582682687
332	-20.463831570472205357	36.109846574286869725
333	-18.012514123333225768	36.527966172222235741
334	-13.749555631459456251	37.126660998367341904
335	-9.434691167026938885	37.569916739910475201
336	-6.905977603596947567	37.754866801447434455
337	-2.542808723909841806	37.945539484649430051
338	1.827701714055751880	37.974579040415157749
339	4.367355573434481997	37.917127140545780151
340	8.711971496576110141	37.691679848985394585
341	13.017502148987489363	37.308436921207743353
342	15.498892743533351890	37.014292570270953320
343	19.710846222410673079	36.390099966321137970
344	23.846846139293916167	35.620826625000809429
345	26.214886982921917991	35.108940474865136139
346	30.211175642536545638	34.124018753100003210
347	34.110772557259281257	33.012439595838188211
348	36.334289223403466451	32.310325248095281836
349	40.074621967788829124	31.014555360925935901
350	43.713653090767643050	29.612733246985747826
351	45.785513154991889451	28.751231832182188697
352	49.268427276624883859	27.197854318927014106
353	52.657476004959953286	25.558638322497511552
354	54.588618966191368997	24.568067004782221829
355	57.839825414645147816	22.808089640378351959
356	61.011797348831116494	20.980838486430958056
357	62.824031839133091637	19.889085320802301737
358	65.884579862772994829	17.968931770825548710
359	68.883975170772103525	15.998193294493409766
360	-29.434106383259099005	35.643983259572955546
361	-25.331589736446101568	36.722930927938321588
362	-21.125164090164339825	37.656279431790565582
363	-18.633341909122144386	38.129191261404606905
364	-14.285690305904051201	38.815977789685121024
365	-9.868313717605950330	39.338314208807780403
366	-7.272583117193914148	39.564555534065092957
367	-2.783558826529095587	39.817160844317157853
368	1.723380176807445929	39.895824478817118575
369	4.345783692659951569	39.861268306696160835
370	8.835554486369050053	39.664546701068545076
371	13.286439062085095841	39.296477105365084981
372	15.850932504526687339	39.004977898611727483
373	20.200617106685939461	38.375000767997782702
374	24.465204865289145175	37.587489544233001482
375	26.902807939502238810	37.059611609978134084
376	31.008145263240102452	36.038697066779690203
377	35.002288001647052340	34.881372311756223326
378	37.273776855849121148	34.148632592076346270
379	41.084128887909450611	32.794215294910756597
380	44.777503153959322901	31.327185144338209000
381	46.873905081405752071	30.425181917408096410
382	50.387230555700050161	28.798583868152174858
383	53.792524763338839477	27.082437555594708556
384	55.726969888711671786	26.045754663240522575
385	58.973967130728034647	24.204807290467051928
386	62.130133552211333381	22.295005001608089401
387	63.928244170442056316	21.154726870547499118
388	66.956753455505278794	19.150721768076753193
389	69.915123428402139893	17.095892979541808643
390	-30.774710378949425404	37.926959670377421219
391	-26.619137051186854137	39.186174382787122283
392	-22.323029629099110593	40.292257231846740240
393	-19.761832543335899004	40.861070499232369002
394	-15.265841275968186963	41.702617742790913269
395	-10.665134722696038239	42.364444463008204877
396	-7.948033618021172586	42.663693819084777203
397	-3.228825363179313790	43.025934325734688457
398	1.529895701603908309	43.192392409902211625
399	4.305729329797951088	43.198219141445946434
400	9.065258811844440601	43.051782410076079088
401	13.786256227110543549	42.709554619528482533
402	16.504815781371490857	42.421945224573576638
403	21.108661702960183959	41.780099040564337542
404	25.608466204173396363	40.958494414002551309
405	28.172129461355446267	40.401262120244844311
406	32.472787438384663972	39.315015881733863523
407	36.633171862442814870	38.075527461677545205
408	38.987473762392440335	37.288168743678376416
409	42.915984019232162439	35.829839079865926976
410	46.697544130203951340	34.248145538346612682
411	48.831964010920962949	33.275316775077783404
412	52.388942280743769686	31.521337834044430792
413	55.812270703196141142	29.672147778263177287
414	57.746299059027258238	28.556053818947898293
415	60.975388024936926001	26.576181619437953429
416	64.093857192841227288	24.525312502659378566
417	65.861783605745671366	23.302333960116225597
418	68.825661916376660088	21.155729136506636223
419	71.704897887851657856	18.958192084277641243
420	-32.194189585945231613	40.183384995238611737
421	-27.994209047668224599	41.624423619528116092
422	-23.613288597530434743	42.905858865021357929
423	-20.983261752705182346	43.572517527815371352
424	-16.335134622648695313	44.572685322946583142
425	-11.540654623042764015	45.378167856392636281
426	-8.692940015752897764	45.752800668434190356
427	-3.722519050772606697	46.228326241354778858
428	1.314521481450096063	46.485270125542633934
429	4.261073417873334712	46.532446616184621746
430	9.321708806451294294	46.436750411410073980
431	14.344119100384769894	46.119225858452395528
432	17.233980444782432073	45.834142028211758202
433	22.118480812936176960	45.177046498768952176
434	26.874679252629167792	44.316981232475093577
435	29.573868519464248550	43.727574315383613168
436	34.080924535912529905	42.570991014571028188
437	38.412211180032542757	41.244513102143912420
438	40.849308636887904811	40.399963152432960101
439	44.891860393153677933	38.833913477147632420
440	48.753239104106278035	37.134699741816447727
441	50.919294494740547918	36.089868201898397615
442	54.507105745969084865	34.207341192090197524
443	57.934170255773700831	32.224985204318009835
444	59.859133190171746719	31.029852574775915741
445	63.055399525470235744	28.912363512244571240
446	66.121705345415151100	26.722438215820375262
447	67.851423638151061368	25.418182779147301176
448	70.737801285291283193	23.131737238111067967
449	73.526400571062453082	20.794498488531875324
450	-33.063147816805503965	41.486668281455642671
451	-28.842070313714391006	43.034014778026211445
452	-24.414640065115417400	44.418490795532171944
453	-21.745018444430193938	45.142875129536712109
454	-17.006587853058871218	46.236965585101742704
455	-12.093872099641373552	47.127829162774581562
456	-9.165157290786249078	47.547348764134625299
457	-4.036971670188424177	48.090333343951236600
458	1.176863384292129222	48.400973633134022123
459	4.232491984215318581	48.472504493401466164
460	9.486039565597168988	48.406205788216489339
461	14.701471852027898635	48.102101613025695315
462	17.700657767012224042	47.817577256810082531
463	22.763122295623922753	47.149544924029058279
464	27.679956898910869967	46.264603760484035888
465	30.462973048561792666	45.654927253021675426
466	35.095658694295757130	44.454775146523239471
467	39.528303548545657975	43.075267884308935606
468	42.013200071358312471	42.196219498635187506
469	46.119306512754093319	40.565804109970244440
470	50.022178030600315424	38.797109601013090696
471	52.203034947036805136	37.710024208822865432
472	55.801766472218155002	35.752556841085869621
473	59.223405494851952824	33.693122810985833837
474	61.138584774917745790	32.452458384294260441
475	64.308103410150636137	30.255996596518116348
476	67.336766243486550820	27.986568777572568223
477	69.040254891302353712	26.635941118031158936
478	71.875183515398788359	24.269809880935380164
479	74.605412115880255897	21.853014942698965939
480	-34.642990636199904486	43.712478988637030852
481	-30.395617236220047630	45.442917889000881360
482	-25.894705870117626034	47.005773708969634583
483	-23.158465741711648178	47.830509446806523499
484	-18.262112987757596727	49.088513868319751055
485	-13.135712312774598942	50.128981627108124997
486	-10.057788832668576262	50.627298659120036461
487	-4.634654855578401289	51.288666771965772284
488	0.914156062812671810	51.693073783082887473
489	4.177860561057733513	51.806698447625976200
490	9.800556121830904743	51.790065260274765535
491	15.385064264854658944	51.506526928753984862
492	18.592390562986427227	51.220822994336877798
493	23.991005537755178523	50.529400790105569286
494	29.206837092834209813	49.596417221730142444
495	32.143461035548419602	48.948738675800100850
496	37.001898193238190515	47.668505265511662117
497	41.610944386010899620	46.193372300929276264
498	44.176240609559343397	45.252897587985316363
499	48.384380323952903780	43.509163886118976450
500	52.347409942910800851	41.619671097914547886
501	54.545973153733442018	40.459759408235136391
502	58.148926707155901283	38.374099787980455289
503	61.546007656976421174	36.183866271289076622
504	63.435524708070715860	34.866330183719291824
505	66.544328856849503495	32.537063705753645593
506	69.494507887632323673	30.134413871670680862
507	71.145450980569179933	28.706214268299717673
508	73.880207276846192599	26.206880121571305864
509	76.499799540251501639	23.657068975249543996
510	-36.352247211723465625	45.924959698505794847
511	-32.094255613113645609	47.838456314357991062
512	-27.530822224591013025	49.580892155960341938
513	-24.731018921305189195	50.507243375031762866
514	-19.674219261272202885	51.932152213608624436
515	-14.319482198216549662	53.125843106757784540
516	-11.077513745099368592	53.705084714184422978
517	-5.322903710517478792	54.487954801510078084
518	0.609857995614073611	54.987821233215811390
519	4.114435375138216777	55.143570749694923450
520	10.166354653409221953	55.174702661221502353
521	16.179360423640282818	54.907313654995746788
522	19.626704165442685479	54.616832156931835129
523	25.408238882052160079	53.894548185247955985
524	30.957055732725237363	52.905215333676991918
525	34.060664286161994596	52.214705164719624975
526	39.157165417990157152	50.846716212835239901
527	43.942967588460639661	49.269687193891357424
528	46.584337366925772983	48.264981919688210610
529	50.881151049764504535	46.404737491693374807
530	54.885749352036555138	44.393342117911821276
531	57.089720119548147181	43.160876467784355270
532	60.674526125958884393	40.948898700516231486
533	64.024383827055515894	38.631240085268466089
534	65.875352085386452927	37.239344810270125663
535	68.902339082757620758	34.782281284391160625
536	71.754657345525473033	32.251981515983622728
537	73.342684928898336238	30.749579787456287505
538	75.961091358546525498	28.122846768884141255
539	78.455947658030794400	25.445618335349109884
540	-37.417236395980495445	47.207895627642272984
541	-33.162150632622825697	49.227606303064213478
542	-28.569175273014266736	51.074865348783085039
543	-25.734656645262326435	52.060843493315992703
544	-20.584163060569675707	53.584202001427094331
545	-15.089305633268448759	54.868784763342681288
546	-11.743915731191886920	55.496165974402892118
547	-5.775975889000346086	56.351284837702749542
548	0.408456530772510817	56.907471708251584630
549	4.072369749759767288	57.087643050781608167
550	10.409340121684834912	57.145289671888974681
551	16.706419290055883664	56.884575801762657932
552	20.311816407943954488	56.589154741639575263
553	26.342518161047493663	55.844524553473362971
554	32.103296983236731421	54.817661294200419775
555	35.310711190340690280	54.099543145134049382
556	40.550808404100088467	52.676360611697532477
557	45.437745696274660645	51.036848300827877267
558	48.119947546334500998	49.993437069149109675
559	52.459484175049162502	48.064072357734538343
560	56.477000185627446172	45.981604734100393728
561	58.676982275063338079	44.707339703866402658
562	62.238669388503062407	42.423317737121912785
563	65.548733877058467101	40.033728648657763927
564	67.370416650092607824	38.600118955867792181
565	70.338764188630975127	36.071674046824405480
566	73.124191005172875180	33.470304610840621251
567	74.670345891767212265	31.926626599183180133
568	77.212908569587128227	29.228981127401233664
569	79.628137854808244356	26.480657716536125434
570	-39.389879563696041487	49.405907557940366814
571	-35.159767808591141147	51.606909245655273821
572	-30.532259787042960397	53.634315896486938868
573	-27.644336698959520504	54.723413392752092932
574	-22.335032401678695635	56.418142116634086847
575	-16.586754533630568176	57.862115026382504368
576	-13.047873198431458874	58.574257818047492208
577	-6.670426578223491276	59.556611227367518779
578	0.008213248484620414	60.211084354206867886
579	3.988561514947411624	60.432929601768705652
580	10.894303768950658551	60.533148386651326689
581	17.756702576807604999	60.277727544684971406
582	21.673828320006872872	59.968985364470093202
583	28.188370710521816420	59.176303791860213721
584	34.349156764037061862	58.074806285487348134
585	37.746504052657904538	57.303664838754883704
586	43.239077619396930174	55.777359245560539591
587	48.291257993073912758	54.024485807894265577
588	51.033893697265277467	52.912280521285190105
589	55.424844939151789447	50.862315622723549779
590	59.438895786969403900	48.658366831506846495
591	61.616482945649991620	47.313652615153564795
592	65.111998663431066348	44.909623003627473281
593	68.328625691265827413	42.401623392644530952
594	70.086343867361975413	40.899819621068594699
595	72.932365998650936945	38.255214662229192868
596	75.583765349995672977	35.538534474809246433
597	77.047989464907672641	33.927903572809256616
598	79.444923520800131200	31.115053824977842112
599	81.710183446934749441	28.250776534889450176
600	-41.576965626520063779	51.596715404867971699
601	-37.404652308950311124	53.976401163258245219
602	-32.771332545739987552	56.183192935326445649
603	-29.842496204486167244	57.375984990312446143
604	-24.383297894317124133	59.244878875228707216
605	-18.366992802479209956	60.852920338173376535
606	-14.611930695316718953	61.652990582346660631
607	-7.757935753557859471	62.767589191090422673
608	-0.483387392767254731	63.522960435000157986
609	3.885226824787641142	63.786074226732161208
610	11.493752898180810362	63.923944928661803999
611	19.051201232824560350	63.663493014895877309
612	23.345874941867283070	63.333387859854141766
613	30.431568225957672524	62.476835580825564875
614	37.042778635762708461	61.284566414967422077
615	40.643131477604910629	60.451801256957104158
616	46.387402940324228950	58.810139290116985933
617	51.582340537054548690	56.935719542110469149
618	54.365795617478731572	55.751956170824442438
619	58.768240084708445181	53.579946074879018170
620	62.735757521166270578	51.256794123887651438
621	64.865983600752983307	49.844398863832722668
622	68.254255880917810373	47.327085332185617972
623	71.339841425284475918	44.709252432332824867
624	73.013572771660491867	43.144827120577623703
625	75.706177851161882586	40.394216680002259068
626	78.196522262906213996	37.572653443981536725
627	79.564839203605515650	35.901080242389546981
628	81.794879007828825479	32.982988289751929756
629	83.892020875394152313	30.011979673678577996
630	-42.967285592457834298	52.868155367582538418
631	-38.848324473327437545	55.349990557443270234
632	-34.230109412109356981	57.660340756925052119
633	-31.286340619134865193	58.913582299213651083
634	-25.748649978323527421	60.885131810548074327
635	-19.571624818765773313	62.591231806683012451
636	-15.679252428000779673	63.444340913924001768
637	-8.509809337403014595	64.639028151203888228
638	-0.826639600200888891	65.454920650045792740
639	3.812807019312954182	65.741923084053851767
640	11.914786370264632609	65.898810847893201981
641	19.957444887446609272	65.629120106749098795
642	24.511509124603961141	65.281673132718140096
643	31.979198192206705897	64.378451241643091407
644	38.876992393504934853	63.123994159524848158
645	42.599329054631851932	62.250563009827118321
646	48.482991483421770340	60.535269227477975562
647	53.742358175867884995	58.586179865223833474
648	56.535724044367412944	57.359670159762210062
649	60.918941160334192375	55.116597057232631585
650	64.833308467244194162	52.726027660440159650
651	66.921471691185416830	51.276117811071458163
652	70.224237134033231200	48.697054509506422448
653	73.213107755853826575	46.020339643582900635
654	74.827302582132944053	44.422654016948555977
655	77.414350394370160302	41.616042422194361450
656	79.797059432079535668	38.739184762093756831
657	81.102444044112615984	37.035424083700391407
658	83.224604097700321859	34.061481955761379936
659	85.214780320193227681	31.033325142501020366
660	-45.597726210625197041	55.044456492344068010
661	-41.615180935715571309	57.697120869554119338
662	-37.067907916128177703	60.182745505876823700
663	-34.122128330470602009	61.539584532795522875
664	-28.478383440733530563	63.689677633430839876
665	-22.025644410813285390	65.569701840046249686
666	-17.877257020885345185	66.518227616347061826
667	-10.084997931848810993	67.858197936476415180
668	-1.555334827328042069	68.783059007412319374
669	3.658305040121301754	69.111227551774348399
670	12.815355773651461391	69.294382650745276919
671	21.885879829603783975	68.994000904980865130
672	26.976627942828582007	68.605260668459720819
673	35.204523280346563752	67.600130095222255022
674	42.632602364735035394	66.218419032385000378
675	46.561738232475576638	65.265183853510947642
676	52.650988018927250778	63.410841199119879263
677	57.966132307202236973	61.326950569057871121
678	60.740542266976440544	60.025797276479721631
679	65.028308954628485594	57.662357754383855024
680	68.792737540887671344	55.161522894403773876
681	70.777356770890577309	53.651737540197508736
682	73.884993559175427436	50.976099462702372023
683	76.666391327035057657	48.209128060034210250
684	78.157221368893232238	46.561016420962083373
685	80.531257521428130985	43.669988703653309869
686	82.702421841971272443	40.709858492852475820
687	83.886188275062579578	38.957437501702479210
688	85.802739720605302409	35.898415007044604863
689	87.592016728441350892	32.782042497290028393
690	-48.595739040346053628	57.204464058254757219
691	-44.825108922207341777	60.019302932269091855
692	-40.430245959790205745	62.674491020728275714
693	-37.529063444381634440	64.133624616278609665
694	-31.846060780485277775	66.464514450346612762
695	-25.142586463410253828	68.526940246979023641
696	-20.717929199761158543	69.578297460405934771
697	-12.179163499452226205	71.077967141312797139
698	-2.545996058333599432	72.122393344424409634
699	3.446511362858468708	72.492877179522565712
700	14.054376804316142113	72.691529815499677625
701	24.511873065798738480	72.333662673590012560
702	30.295162898549840236	71.883054517173576414
703	39.435209661135353088	70.738622244696060193
704	47.415132508768422781	69.196990037275213581
705	51.520974998863344751	68.149246089623119360
706	57.722719989854098799	66.139179183883570090
707	62.978750182013293113	63.914070604513085527
708	65.666565975386191667	62.538554175588892292
709	69.749720829676576273	60.060658094845528865
710	73.268424141358735824	57.460585156394486717
711	75.100488179395213706	55.899004951403604480
712	77.939830486024703760	53.142578177903395442
713	80.453091189304373643	50.302595854247115881
714	81.790231489074841420	48.614419184167765309
715	83.906403942706887733	45.656868409805021258
716	85.828860393131293449	42.631002565660054415
717	86.872322103309826957	40.839782744516533342
718	88.555348496454143969	37.711772242009068634
719	90.120203450882527818	34.521918381265031428
720	-50.544406307583301441	58.449795828864964164
721	-46.943371357970356428	61.353301906150996103
722	-42.690581897645785148	64.102941182752459781
723	-39.848283238929766981	65.620267027801361337
724	-34.195944587735752407	68.056808210887808741
725	-27.380042553372639702	70.230039097639505030
726	-22.793149828765084663	71.345889176769659912
727	-13.754956391364503432	72.948434378868427075
728	-3.309612387308465298	74.070679697364013805
729	3.281796379170948352	74.467208901402585752
730	15.020949913522315455	74.668014736741341153
731	26.534011608070823485	74.258353405981310402
732	32.816360992526995233	73.757985420739345273
733	42.557668507008216352	72.508878159155955245
734	50.837096912094906997	70.855562052402376594
735	55.008604942969220986	69.745344019087923471
736	61.194980401171591211	67.637551086804222678
737	66.333627422300594390	65.329244084879988463
738	68.926444971048539401	63.911999386696464853
739	72.823066673839605301	61.372780524311700390
740	76.143206409957301162	58.722504327765946641
741	77.859154989281776693	57.135840756627949588
742	80.502755870497992419	54.341766744086314134
743	82.828101569032227758	51.469092452462753329
744	84.060158631991569678	49.763351547759221205
745	86.003434782909579326	46.776867848326169508
746	87.762465020344137656	43.722212144623988195
747	88.714936479887967380	41.913705221195883155
748	90.248153038439880902	38.754161966916036874
749	91.670692603391998432	35.529436082079605796
750	-54.316518961815695832	60.557769624156328803
751	-51.113086754427797587	63.599466004330544422
752	-47.235637353646012571	66.499709714050936782
753	-44.581839362207382749	68.112380241460641628
754	-39.141839895319442633	70.728424108250635527
755	-32.269858007951491174	73.100508743242627929
756	-27.441683960033532941	74.337780449028471708
757	-17.444235277327400979	76.143125971432738197
758	-5.167223798906501742	77.424108231110295719
759	2.875316035612053511	77.871114445786403735
760	17.413775664655652520	78.057622172572962427
761	31.417728172270841469	77.508069567347590123
762	38.764584315699508466	76.886113962649915266
763	49.592580072274678571	75.401206994640972425
764	58.210934041333416644	73.518967732205581456
765	62.353048923105077961	72.289430770710993102
766	68.266129986850330624	70.006703023640056927
767	72.987943014336224223	67.560770706443619815
768	75.311769501461242271	66.078683539789281554
769	78.737845061984685913	63.449895722784056318
770	81.600672987558638738	60.732150016037671492
771	83.062093357174575203	59.114044569944319107
772	85.291835988418711167	56.275829426946486933
773	87.233566237491416473	53.367589684566780761
774	88.255720877055978235	51.643501441775626404
775	89.859541230213423546	48.627130892323705780
776	91.303374824325743475	45.541976005227930102
777	92.082377955988590656	43.714321861941499492
778	93.332696007232058832	40.517763664015305380
779	94.489190458110982718	37.248877436096449856
780	-58.738029413030666603	62.603421855538258001
781	-56.110695805253222090	65.757321835523299569
782	-52.844888706875480011	68.784309142684634253
783	-50.549237788924045844	70.480963306036969129
784	-45.669918570903746513	73.265428981764344485
785	-39.126871848354667804	75.843238952643162065
786	-34.244663811767459549	77.217857195390379843
787	-23.312293690901615406	79.275851854387610729
788	-8.367492472868720554	80.775312639755497912
789	2.153082762775345937	81.290106966988048498
790	21.670634079873931199	81.421304364157464306
791	39.574378559183955417	80.615464231937110640
792	48.194560900641576495	79.799566785373656330
793	59.782621312942822556	77.986614191180336775
794	68.113444384435084089	75.832734313850920671
795	71.871599675547884090	74.477121731466482402
796	76.999819494517112162	72.027891370952715988
797	80.922891524344066738	69.467519001047165261
798	82.805559436638830562	67.937614353892357144
799	85.531112332021734801	65.251314145120858257
800	87.768497738573117317	62.499399773602085872
801	88.898351787899130727	60.869193618223022213
802	90.608141273717791364	58.019456375025924899
803	92.084851335182023035	55.107140848457085269
804	92.858192446207894477	53.382420787975284782
805	94.066692420778764472	50.365460612747874336
806	95.150123494537353963	47.277563073604696342
807	95.733127033888195001	45.446157312258549155
808	96.666894660624365088	42.237626827985074840
809	97.528738834732365603	38.947664506551021191
810	-61.671335936261527877	63.751074497865864998
811	-59.485979900957637767	66.953100265697088389
812	-56.726412406929291876	70.036481952497766201
813	-54.754731928209764646	71.772500035564789300
814	-50.465289587868653598	74.641907467347806460
815	-44.471876239661170871	77.335776149084097142
816	-39.794245192836314118	78.796309405489779465
817	-28.596464334674251973	81.033029436740406481
818	-11.581676593049561319	82.712809830077148376
819	1.394329453021750043	83.286641970848606320
820	26.107543743463420327	83.345271897270649220
821	47.235225509258725651	82.286656956034306631
822	56.435881982883380203	81.308017343960869994
823	67.793335197617508925	79.260253987139904552
824	75.336817783463246201	76.943277913231398202
825	78.599110768009424532	75.520955786874708338
826	82.933445417872590610	72.993569768653927099
827	86.172015838688693634	70.388683448955177369
828	87.706177433326217852	68.843984766298106592
829	89.907544160365617358	66.145954389752716907
830	91.699624987158344425	63.394637261579696030
831	92.600184716662951701	61.768682808953997210
832	93.958108936563988323	58.930616260027711917
833	95.126820107232859414	56.033113998976276093
834	95.737561010370967551	54.317531724307038132
835	96.690426270736651304	51.315782149451770522
836	97.543316510296705246	48.240917656893344656
837	98.001816950362496073	46.415429455361731925
838	98.735635416249252216	43.213131214088193133
839	99.412455716835879116	39.923141796750208243
840	-67.449540590144721364	65.614676223945735956
841	-66.252754083979425559	68.857051502686516642
842	-64.702933706398354730	71.990347052287376073
843	-63.565670863973998905	73.764903304106169912
844	-60.990750056739500451	76.729588149458294311
845	-57.110063937394656364	79.580180317200017726
846	-53.792884903931479812	81.176825703755937980
847	-44.431757705936121283	83.762670934855691485
848	-24.229982700404924856	85.936287064923490675
849	-2.075200202402207150	86.723973671912730765
850	44.718306102070435770	86.430095648447831991
851	70.557489227405767451	84.581062725650951961
852	78.222091937658248639	83.247549342622974677
853	85.961526505112644259	80.803469582968332929
854	90.412185214786589427	78.274117100672526703
855	92.219566613424063917	76.781482059402932805
856	94.538534455323244288	74.191916408615341538
857	96.222716865950857823	71.573999137518754310
858	97.009044119012159513	70.036814510885946561
859	98.126865733176799722	67.369286223018434612
860	99.029357804535578680	64.663478448520947950
861	99.480813618114197538	63.068424653493543985
862	100.159424320274567322	60.287785177498513178
863	100.741825044212021112	57.449869741705612114
864	101.045697257311474004	55.768638991782161440
865	101.519294891653288460	52.823330282462833907
866	101.942830274818192038	49.799262557259197592
867	102.170422799818751969	47.999682930775492196
868	102.534610950840814780	44.833841269424667075
869	102.870504981504140574	41.567878875314185905
870	-74.315999159386649353	67.280942564425501473
871	-74.440790613911488549	70.488123533137581944
872	-74.605215067441065457	73.580685096906961462
873	-74.728075725264986318	75.331940838125433402
874	-75.013969485240238555	78.264780564583560363
875	-75.468558871110047903	81.110222989888200118
876	-75.884692316410848889	82.729999744748710100
877	-77.252144407485758393	85.456970381747126453
878	-82.400959347953133260	88.114142189159139207
879	-114.402325260922168582	89.559464130733815068
880	113.618254903471196826	87.720509416301325700
881	109.778374460753326503	85.170539506363340365
882	108.976161916203068358	83.695420217212316061
883	108.224509184342863932	81.174548611140565413
884	107.806502319865117556	78.664425571537265114
885	107.638134999327618857	77.205148487303929983
886	107.422501494231156016	74.694517187729900343
887	107.265802919052191555	72.172151139209475446
888	107.192528260882838254	70.695200323079077975
889	107.088166275629774304	68.135829893907754240
890	107.003690647965186145	65.541155720288998054
891	106.961345875679455730	64.011086733413904426
892	106.897570217788455693	61.341107846638493584
893	106.842704680875385748	58.610839403691457505
894	106.814025717622214984	56.990089534207427846
895	106.769251689774506531	54.143617960621284624
896	106.729126889455372407	51.210161099085219405
897	106.707530970004768278	49.458651087933034773
898	106.672921576911434727	46.365763573315675217
899	106.640941930336779819	43.158349569315930694
900	52.115735780082367512	-6.054729110259931879
901	53.228795842808352745	-9.066516069285146529
902	54.319878902418942346	-11.967543956551635276
903	54.947850446966725713	-13.608573930039666422
904	56.019850728293540953	-16.353317388890570072
905	57.089220664470119004	-19.011368464704517578
906	57.713218562671087852	-20.522080964403048853
907	58.793156966284286113	-23.061732471380302911
908	59.889351684480118365	-25.537968280578212443
909	60.537910538261634485	-26.953275987298120242
910	61.676182053840882702	-29.346272781537230401
911	62.852498961708391789	-31.696846301711282479
912	63.558563024954409570	-33.048273150345565341
913	64.816232970479006781	-35.346665209247888129
914	66.141073598515319532	-37.620810393233163893
915	66.948743524519883863	-38.935642025548027334
916	68.410870815662178757	-41.183794814109724314
917	69.984012966484741014	-43.422376997073321547
918	70.959806858781021788	-44.722575086597977645
919	72.758830817120525580	-46.954554778274356863
920	74.741502939022410601	-49.185995770575118513
921	75.995860512813678156	-50.484860112061852533
922	78.357486228404212625	-52.716363747078879953
923	81.032892869261473834	-54.944448692424707303
924	82.764009900278466603	-56.236898848980395371
925	86.101100234921275955	-58.442303950575180238
926	89.996681357383792488	-60.612223323158623600
927	92.576371176236463612	-61.848061902520967692
928	97.660396952838169682	-63.898108386484636867
929	103.733359878327632941	-65.806506646712207953
930	54.228488642742973980	-3.634644420178367419
931	55.476710830956008635	-6.664705024836332647
932	56.701826477426365614	-9.599835444443366228
933	57.407541459193538458	-11.266928470038223509
934	58.613119776559798879	-14.065457370032977025
935	59.816634145161167169	-16.786756806519587570
936	60.519231864440506286	-18.337829511465319143
937	61.735609403905108650	-20.951681897235413743
938	62.970621266293555607	-23.506823800179386552
939	63.701366052155115938	-24.969613263649456769
940	64.983799072853656753	-27.445911822646682054
941	66.308738742373108721	-29.880812592250880044
942	67.103713450919016736	-31.281281122849257770
943	68.518964845784140039	-33.663020176370118008
944	70.008368517231133410	-36.018256665928717553
945	70.915464836166947293	-37.378724220213065621
946	72.555503669026506941	-39.701664003944614478
947	74.316542183662761545	-42.009141073103293706
948	75.406767766120267993	-43.346062882947833828
949	77.411920093408710386	-45.634070444684184054
950	79.613549336880964802	-47.910754050753780575
951	81.001470229297183323	-49.230024774482643579
952	83.602995658351218822	-51.484516275487322901
953	86.530083750348310900	-53.717578833980340391
954	88.411655448543086777	-55.003227448348269490
955	92.009042201924344795	-57.177619508306698037
956	96.155379116723523225	-59.288588785646375356
957	98.867834802836327412	-60.475729947649611518
958	104.132706360583370042	-62.415461164550322337
959	110.278797768674252211	-64.179692738455941026
960	56.254999246063164264	-1.296286476197051396
961	57.635381384601878096	-4.326102088439688131
962	58.991372043734685349	-7.276680739436542034
963	59.772889567755036921	-8.959061032500500232
964	61.108477513661490832	-11.793173986643791906
965	62.442196940664942417	-14.560062656427799510
966	63.220893082203708957	-16.141508604864107213
967	64.568979606472964861	-18.812929571620170321
968	65.937425028319694320	-21.431007855675364482
969	66.746865017777338380	-22.932274904702609319
970	68.166731459324850562	-25.476857744787338333
971	69.632466437956935579	-27.981570061090312862
972	70.511193807506472808	-29.422826211170605148
973	72.073925811080357562	-31.873996211616724139
974	73.715909177365404048	-34.296662963789444234
975	74.714414052561153312	-35.694899082168262794
976	76.516414158877651630	-38.079204521857782595
977	78.446045528416448178	-40.442244337881120941
978	79.637582469900138449	-41.808171531230662765
979	81.822335486533077642	-44.139055930861815114
980	84.210169429773884531	-46.448098195765211926
981	85.709056477053636058	-47.780500532503822342
982	88.504146806454230045	-50.046150348786198947
983	91.624888227874080826	-52.273772450689804714
984	93.616596728344831035	-53.547576923063672893
985	97.391597102588249868	-55.684969648567737011
986	101.686637648981275106	-57.736033113270259776
987	104.462976500965140758	-58.877224831806529437
988	109.775664193824127324	-60.719203121760301656
989	115.852322632645311273	-62.364854652338074459
990	57.400527835669450383	0.028840140732883646
991	58.856427968839163611	-2.993416638865457280
992	60.287075460698879681	-5.945353671371321091
993	61.111762977676512776	-7.632156081185784480
994	62.521247913181213107	-10.479320948245266720
995	63.928763447986213464	-13.265205680476935157
996	64.750477715960968794	-14.860025220429657011
997	66.172798567077904863	-17.557727364353102217
998	67.616132155819556715	-20.205445457668144371
999	68.469572390637495118	-21.725149484333147853
1000	69.965953339130365407	-24.302860741734967576
1001	71.509598281595998515	-26.841812964925619411
1002	72.434419364576598355	-28.303183290778925141
1003	74.077816911040770265	-30.788683858540650817
1004	75.802513629875790002	-33.244689465049631849
1005	76.850173021913462890	-34.661544340028392241
1006	78.738455900857005076	-37.075913330368493348
1007	80.756674214299593473	-39.465811648494693031
1008	82.000768896027025789	-40.845524378869370707
1009	84.277277011795789008	-43.196249456404586908
1010	86.758027909003232025	-45.519365311482324898
1011	88.311028522018091280	-46.856867514293348620
1012	91.197777181668257640	-49.125193576481493096
1013	94.405772622861960031	-51.346817405291005798
1014	96.444421590938091526	-52.612711146382125094
1015	100.288891478249652778	-54.728312217340970847
1016	104.630948922067403828	-56.746797226965263405
1017	107.419222563571480578	-57.864110653796991812
1018	112.714398408708234456	-59.657444964283655509
1019	118.707835600703532464	-61.247339489628842557
1020	59.319761366771587063	2.247897974608550342
1021	60.903059182983646735	-0.750362763323469628
1022	62.459366404797805217	-3.693062754925584557
1023	63.356562436045592790	-5.380579009477546748
1024	64.889861931597167199	-8.238236363495181180
1025	66.420587279589625496	-11.044847939310106000
1026	67.313898138696515616	-12.655778392378731922
1027	68.859331751729584425	-15.387017966290601478
1028	70.426238347658411953	-18.074333679689082999
1029	71.351960432211555485	-19.619274239925296399
1030	72.973408923460411302	-22.243116838346931985
1031	74.643500978129893042	-24.830473648539314269
1032	75.642660749355670191	-26.320505724261419545
1033	77.415225200850983356	-28.855152343457191932
1034	79.271011381644825633	-31.358980010307252684
1035	80.395852676289123906	-32.802502479257007906
1036	82.418163612328783074	-35.259721914928753961
1037	84.571817367583037139	-37.687456656089345586
1038	85.895080460678300938	-39.086287679222053271
1039	88.307350276169742642	-41.463827093290852588
1040	90.921805516669380154	-43.804774185369261374
1041	92.550535471026790901	-45.147894225204915131
1042	95.560947175404621134	-47.416652737855933708
1043	98.879195617268578644	-49.625856040354491938
1044	100.972561860810429835	-50.878151430334284555
1045	104.887041458406514494	-52.958999991925104212
1046	109.255557590802695245	-54.928498982374961201
1047	112.031558984247368471	-56.011271518436814176
1048	117.242094914971616504	-57.737036472418772348
1049	123.048070574785427311	-59.253860383089659081
1050	61.187624687773556786	4.398773465257973747
1051	62.895443180250673265	1.436450128915388591
1052	64.574134239431231208	-1.484194284903797234
1053	65.541717942129452013	-3.164686358421558765
1054	67.194764196032693349	-6.019249740637042656
1055	68.844020096213114357	-8.832832237654473673
1056	69.805884651138228492	-10.451866137907758869
1057	71.468579811568162086	-13.202986287317445502
1058	73.152314899683247518	-15.916475251670732405
1059	74.145927209704979077	-17.478984395003962504
1060	75.883986368661794586	-20.136081863786039037
1061	77.670755859889538897	-22.759395026933827211
1062	78.737879246119803156	-24.271061529944944368
1063	80.627302387382457027	-26.843187247730483591
1064	82.599907398236680933	-29.383735124096904912
1065	83.792590471075811820	-30.847752639785909423
1066	85.930842759348877280	-33.337778683493425547
1067	88.198894264929293740	-35.794132331599932684
1068	89.587533284284461388	-37.207168025901395936
1069	92.108849141676913064	-39.604017578723890836
1070	94.826014955809199591	-41.956754082815045592
1071	96.510262815912369661	-43.302809379830016212
1072	99.605598389012484972	-45.569175300301893117
1073	102.990163906265976834	-47.765941243206178513
1074	105.110394416716886212	-49.006220469439654153
1075	109.043841872915436397	-51.058361111369599428
1076	113.385816873346641387	-52.989917998119835829
1077	116.119411778008014835	-54.047225865394757705
1078	121.199192876193350799	-55.725999262289477088
1079	126.786712689701985823	-57.196693055751119061
1080	62.255657827770725987	5.621521575395187931
1081	64.034685732001804581	2.684786766885844500
1082	65.783127934348925692	-0.217894187347091928
1083	66.790705816437210274	-1.891156602718613966
1084	68.511558314299705330	-4.738330210596749303
1085	70.227605038168420037	-7.550228303417185316
1086	71.227932881486538008	-9.170602978097495139
1087	72.956105382778218882	-11.927488661207267029
1088	74.704637330235399872	-14.650456028227974770
1089	75.735680508903328700	-16.219887023747595833
1090	77.537606775672117010	-18.890775773306195617
1091	79.387680267770207365	-21.529632201734635544
1092	80.491368910850127349	-23.050855958802522139
1093	82.443065992698876698	-25.639779702128702610
1094	84.477066878053349797	-28.196973289798542339
1095	85.704955074340659849	-29.670322226825962986
1096	87.902482108519308213	-32.175285820019524863
1097	90.227709063595582961	-34.644592970472047000
1098	91.648311510849396200	-36.063986997288864700
1099	94.221484019752750783	-38.469299229491710435
1100	96.985254259122399390	-40.826886054815808791
1101	98.693392615139188706	-42.173901638197030195
1102	101.822388960146739123	-44.438460861061663820
1103	105.228279664996634324	-46.628889222374631629
1104	107.353543994263830541	-47.863413466594742829
1105	111.279359513765228940	-49.902396963189382006
1106	115.587693871144693958	-51.817452713690478561
1107	118.286951475394118916	-52.864205491164860007
1108	123.277364948770227215	-54.524751681669762604
1109	128.731417200287722835	-55.979832258295324721
1110	64.065522221116964374	7.676707513672661243
1111	65.964866561387722754	4.790710130777850573
1112	67.830700197983915700	1.926490257666575667
1113	68.905352634284938063	0.270374807816408491
1114	70.739478608032271723	-2.555583738465951438
1115	72.566487183045126130	-5.355709013561327225
1116	73.630405456505073403	-6.973115221919808704
1117	75.466248969659844192	-9.730763031025441379
1118	77.320529748742927723	-12.460872089584743350
1119	78.412254676524611341	-14.036919891454420650
1120	80.316954212523569367	-16.722588162255185296
1121	82.267825016176047370	-19.379507686140986067
1122	83.429188394441567311	-20.912286072858265129
1123	85.478061199202841181	-23.522057150143613313
1124	87.606375182633854592	-26.100363474184366197
1125	88.887563052249504381	-27.585674873677302088
1126	91.173295990039619596	-30.109890063299978635
1127	93.581358903881607603	-32.595902626348376430
1128	95.047046978034316567	-34.023456712493697296
1129	97.690851371436593809	-36.439499320385792203
1130	100.514202794155750098	-38.803006445309591754
1131	102.250549516623721047	-40.151019158758558092
1132	105.413903241557832757	-42.412855662361742759
1133	108.831589832530937656	-44.594967548544836689
1134	110.950742539371944417	-45.822246874644086745
1135	114.838477662626772258	-47.845355908754797269
1136	119.066268318156986084	-49.741774561274830546
1137	121.695377030224463510	-50.777465337168216308
1138	126.518994688945099369	-52.421201607688210800
1139	131.741316689073386215	-53.866522277587534973
1140	65.852384313692468254	9.679155251768847279
1141	67.869634631187309992	6.851039046602442895
1142	69.849856672177963901	4.033485026800126327
1143	70.989538381759302865	2.399700312430584681
1144	72.932868803906970356	-0.395569478857544510
1145	74.866011126929038255	-3.173897765925263847
1146	75.990332215984906838	-4.782321535235072751
1147	77.927667881508199343	-7.530208135132493652
1148	79.880558410097606270	-10.256838079907382166
1149	81.028331656014756845	-11.833339117692887044
1150	83.026951980969599276	-14.523329151128427483
1151	85.068546231248205913	-17.188147663998098125
1152	86.281112527791222533	-18.726757949957452354
1153	88.414909423925081455	-21.347974806824083771
1154	90.623743137130702507	-23.938670843350841722
1155	91.949442279572977554	-25.431245572776067121
1156	94.306890976065972154	-27.967409682177837738
1157	96.779457173762907018	-30.463973446278941992
1158	98.278687215366772989	-31.896722772219355591
1159	100.971785273555113349	-34.319631297338176523
1160	103.831566634760946499	-36.686987810211036276
1161	105.581907151952975710	-38.035736864958359149
1162	108.754231052069528118	-40.296241770601199050
1163	112.157766543292638062	-42.474028705668651185
1164	114.255894141221148175	-43.697701887889465411
1165	118.081356416083067984	-45.713611755974191908
1166	122.208140309782550048	-47.603232661495617606
1167	124.758006571904644488	-48.636187586666714822
1168	129.406274391269221269	-50.279664571788849514
1169	134.400204022251585911	-51.734019418782743571
1170	66.885720024457086197	10.822618545693865499
1171	68.970556415863086386	8.030890111566371559
1172	71.016015694323883167	5.243680866581660105
1173	72.192617616427725125	3.624939852290932851
1174	74.197639723784121202	0.851328157708381661
1175	76.190319471211637392	-1.910231248566121254
1176	77.348316059940074751	-3.510950582100796247
1177	79.341850646944749315	-6.248781264208268738
1178	81.348820938088124421	-8.968926621626815532
1179	82.527071009766757470	-10.543086859438163927
1180	84.576275191609838089	-13.231152195514933823
1181	86.666061142104993564	-15.896236802885779227
1182	87.905485493253607387	-17.435800435905804306
1183	90.083181801955817036	-20.059674193403228770
1184	92.332725565908404519	-22.653884386297342246
1185	93.680449273361432461	-24.148709643026876392
1186	96.072437294060321733	-26.688791830658331605
1187	98.574669002082913494	-29.188997181479958698
1188	100.088531681020313613	-30.623602707295749070
1189	102.801427374419944272	-33.049067654146853101
1190	105.672984687469323717	-35.418038168921178510
1191	107.425801043541511604	-36.767271347593315056
1192	110.593464005859843269	-39.027895961731090324
1193	113.979024598411385227	-41.205160011646931650
1194	116.059513361739462312	-42.428434826931578527
1195	119.840368152801389101	-44.444036776018890578
1196	123.901901913368675423	-46.334788418438456858
1197	126.403160444815284791	-47.369633506671810608
1198	130.948039516514882052	-49.019710737857323579
1199	135.812340283065793756	-50.486771098746743291
1200	68.656602239958800737	12.753583635488814352
1201	70.855912735521826562	10.028121041762304344
1202	73.011240904017313369	7.297601435434900807
1203	74.249709863670389609	5.707689618704583800
1204	76.357536281497061736	2.976910127341754198
1205	78.448660061495644413	0.250310439898203285
1206	79.661958378991499785	-1.333398323485482262
1207	81.747086997072017311	-4.047218547674168221
1208	83.841258725180665579	-6.749284516045315208
1209	85.068184932407362453	-8.315342484299568682
1210	87.197316495836872718	-10.993106842997846684
1211	89.362068741302735475	-13.651792548448140607
1212	90.642673661079641079	-15.189122071242556089
1213	92.886544462278294532	-17.811206563929975033
1214	95.195854621949379748	-20.405603713046492231
1215	96.575064328519516721	-21.901181741743727116
1216	99.014743200083600527	-24.443251545149600190
1217	101.555403622802273844	-26.945874903982723225
1218	103.086732800131883891	-28.381918018746851828
1219	105.819909498154615335	-30.809709479757170669
1220	108.697468700172791500	-33.180725209681128263
1221	110.446155527132106045	-34.531046698595822875
1222	113.591542653401475604	-36.793586232106974876
1223	116.932661576490232846	-38.973365921469429907
1224	118.975594257309609247	-40.198758450628915284
1225	122.669130931098962378	-42.220053241023833834
1226	126.611160784164610504	-44.120674051615864641
1227	129.026636451446591991	-45.164087089939492614
1228	133.394409250601000849	-46.835627491625061225
1229	138.043149797511745192	-48.335442905860183771
1230	70.430000329421432070	14.646601960352930050
1231	72.741825022100229603	11.991116490655683080
1232	75.004274557690891356	9.321972257913788695
1233	76.302635757824987195	7.764029285209399944
1234	78.509207377594165678	5.082112050913707435
1235	80.693850315230505998	2.397199682617235261
1236	81.959174967849904192	0.834684906948157335
1237	84.129548823016037318	-1.847574749948292183
1238	86.303639914282442192	-4.523686059669021375
1239	87.574564848712356024	-6.076972482722765356
1240	89.774816901324470564	-8.736379440644782335
1241	92.004739716097432733	-11.380717276920943704
1242	93.320364280183625283	-12.911306891657407192
1243	95.619032359648855390	-15.524192499262339240
1244	97.975743813953997119	-18.111950240771580667
1245	99.378801923745314184	-19.604653225375294312
1246	101.852334388477260063	-22.143203917521653068
1247	104.416776101167158686	-24.643828050690679277
1248	105.956736346311998886	-26.079317828442889038
1249	108.694634674804532892	-28.507142634666706726
1250	111.562436497755356868	-30.879492925854062690
1251	113.297898362425712548	-32.231283268137957521
1252	116.405895753238866064	-34.497848788498444605
1253	119.688732237050388107	-36.684175887297925556
1254	121.686987682790288545	-37.914930993668946257
1255	125.283291385313262367	-39.949005436097934307
1256	129.099866032857420350	-41.868358482667005660
1257	131.428420805127700532	-42.926207600397383146
1258	135.621960014888486512	-44.630227445994307800
1259	140.064962379971461814	-46.174498403082715470
1260	71.467130955380028468	15.732959009738170408
1261	73.843585153802692389	13.119477766302436450
1262	76.167129975257452656	10.487755490352032695
1263	77.499435702470179876	8.949592897265867819
1264	79.761585287798808963	6.298423052746694673
1265	81.998351676404581667	3.640411529030592952
1266	83.292422807971135512	2.091898225781584575
1267	85.509444775461474819	-0.568945317364359604
1268	87.726665006120683188	-3.226726665390552196
1269	89.021034789820447486	-4.770650190007397207
1270	91.258633293658775187	-7.416016798485548733
1271	93.522026929171289567	-10.048665127315668855
1272	94.855251763765394912	-11.573429464650143217
1273	97.180723191562080387	-14.177820005846763607
1274	99.559561939927633034	-16.758809207300824795
1275	100.973164150513483150	-18.248292703505875068
1276	103.460429199458303628	-20.782446524815959776
1277	106.032497132782410176	-23.280023103815960184
1278	107.573786285572211341	-24.714341988783374404
1279	110.308031456256856018	-27.141207565986608330
1280	113.163818621453245328	-29.514024430662814780
1281	114.888002375768664365	-30.866821221614817006
1282	117.968432459395316414	-33.136591644812803281
1283	121.212234825045598541	-35.328371057637902197
1284	123.181967070011381793	-36.563560755976062921
1285	126.718398902925443394	-38.607919441680373041
1286	130.460369431129379336	-40.541696261771853926
1287	132.738360805159800293	-41.610257909561752854
1288	136.832433928736207918	-43.337478526440868620
1289	141.160270860158220785	-44.912135668037265646
1290	73.264599338610793211	17.576640242150769922
1291	75.750694591993379845	15.036852387853736346
1292	78.177066762084280072	12.471632809732430047
1293	79.566104678404073525	10.969043957779511800
1294	81.920428825461456768	8.373924587168152911
1295	84.242700909355292538	5.765926221291372222
1296	85.583472150835476100	4.243911048120834195
1297	87.875455607605772457	1.624399818493055037
1298	90.160892837009924961	-0.997008303924806105
1299	91.491805600389326969	-2.521891609178735116
1300	93.786624718808297985	-5.137948921853308981
1301	96.099946795694890511	-7.745299730948002725
1302	97.458724095812982569	-9.257063459485845414
1303	99.821752477679495996	-11.841887404550680785
1304	102.229611586313581029	-14.406617796670122544
1305	103.655894219746400609	-15.888091210395971942
1306	106.157141795375707716	-18.410902504444791816
1307	108.732471789520261041	-20.900172508441269059
1308	110.270277011531590006	-22.331076770549348254
1309	112.988409186420071251	-24.754628102560609193
1310	115.814032278262942555	-27.127613341009904957
1311	117.513565162096881522	-28.482280617058250982
1312	120.538282984537758580	-30.758715141078283750
1313	123.707949183203865573	-32.962193291847775356
1314	125.625342202853062190	-34.206890426077471545
1315	129.054890178609525719	-36.273024968333565710
1316	132.667306132383089334	-38.236659578859502062
1317	134.859051235308896821	-39.326947998729544054
1318	138.786070559383119871	-41.100183881141148845
1319	142.923614251119431628	-42.733476971392057919
1320	75.090411138872852348	19.395405072160905036
1321	77.684391145925303590	16.930436684473846753
1322	80.210813674186070443	14.433652520674815634
1323	81.654504816948687562	12.968130730482108959
1324	84.096654138650464461	10.432239423193546912
1325	86.499128036318680302	7.878157775484498693
1326	87.883087864218055074	6.385217156506058700
1327	90.243297596875208910	3.811923473785334693
1328	92.589369209217863954	1.232254595385949392
1329	93.952041822943328953	-0.270295588083940830
1330	96.295265553049461005	-2.851192136779652664
1331	98.649000560171387519	-5.427284784025303566
1332	100.027499698368927739	-6.922594483202392013
1333	102.417623052534423778	-9.482063054265481128
1334	104.843569652990268537	-12.025082326602868577
1335	106.276001916575665973	-13.495598187068605256
1336	108.779823388992241462	-16.002510221562900483
1337	111.346925982731420390	-18.479704388697957285
1338	112.874608167792246149	-19.905425842614313581
1339	115.565476948304379334	-22.323452710527078580
1340	118.350375102381320858	-24.695545540555620789
1341	120.019522772968585400	-26.052032075602813421
1342	122.979662840651869260	-28.336054183145108709
1343	126.067975700010038054	-30.553443745391025033
1344	127.929788031193183429	-31.809515948525572071
1345	131.248893147491173750	-33.901567619316644198
1346	134.731193208176961207	-35.900241427896020241
1347	136.837938472709140569	-37.015662747399808552
1348	140.603007209677002720	-38.841238954699498720
1349	144.559268734111583399	-40.539786563425693089
1350	76.170296514833324864	20.444205065723981107
1351	78.826242953726264773	18.022951060809084822
1352	81.409561082658413511	15.566513146681502988
1353	82.884056557520210617	14.123027849266382105
1354	85.375220347509269914	11.622679761654833186
1355	87.821821098000299344	9.101385070993426751
1356	89.229236221899498105	7.626328761132544543
1357	91.625950452835539295	5.081810450963588188
1358	94.003737193900448688	2.528551939046847608
1359	95.382656980535401203	1.040322267287132174
1360	97.749963998048286840	-1.517725143220091999
1361	100.122857066837497086	-4.073154996082044121
1362	101.510186877387198479	-5.557439863909031885
1363	103.911377562934617913	-8.099695266925206028
1364	106.343004080892697516	-10.627730028217085234
1365	107.776152875630245376	-12.090581972756734075
1366	110.276532079880652759	-14.586219599280354942
1367	112.833951761035450545	-17.054666893870368938
1368	114.352953208065372337	-18.476537677253976000
1369	117.023340777226067644	-20.890241931016351629
1370	119.780259629785888364	-23.261163057524882447
1371	121.429445764646999351	-24.618553418341722505
1372	124.348562696123508431	-26.907126709394567854
1373	127.386840118894539842	-29.133259152540084358
1374	129.215159527310504473	-30.396557487241491202
1375	132.468868568008645070	-32.505102692005927167
1376	135.875550515953364084	-34.525991069558827462
1377	137.933516740729487537	-35.657255680389994268
1378	141.606669928733452934	-37.515575701626431737
1379	145.461252827449413871	-39.254513603621411733
1380	78.063200067179650432	22.232423782428387682
1381	80.824129302394055685	19.885999880503529624
1382	83.502761954320789073	17.499167159028907292
1383	85.028345926040799441	16.093978916172282823
1384	87.599892390503868000	13.655914191787147161
1385	90.117686670407849192	11.192745020656126087
1386	91.562375357009415211	9.749713041357463084
1387	94.016084510716879663	7.257262854028218690
1388	96.442039130984369422	4.752456485466574954
1389	97.844949730045470915	3.290795101408396928
1390	100.246528903493739904	0.775614007573274811
1391	102.644845830620070615	-1.740500470189588311
1392	104.042845532519748986	-3.203573707176493368
1393	106.455137246146364305	-5.712350578746543839
1394	108.888474494619700295	-8.210835870257946922
1395	110.318154360606470732	-9.658401099770992815
1396	112.804602786538936243	-12.131272100504306266
1397	115.337567247420182071	-14.581705154148293602
1398	116.837257196761555633	-15.995453535474434048
1399	119.465284347371920148	-18.399605189140388006
1400	122.167614028054742903	-20.767040821427173114
1401	123.779096315654783211	-22.125452621635115946
1402	126.622695383837566396	-24.421517849848612514
1403	129.571217747963601141	-26.663094212216552847
1404	131.340460872286087124	-27.939392973529855624
1405	134.480504165874606315	-30.077830679701150984
1406	137.757823096078141134	-32.139063161499080934
1407	139.733237180027941804	-33.299056178683883900
1408	143.252302783787627050	-35.216537831334370878
1409	146.938146615391360683	-37.028020202877250711
1410	80.013798457023426636	24.006268933665726450
1411	82.877633129321097272	21.733607912345707547
1412	85.648191452782910460	19.415993445607398371
1413	87.222330553224551863	18.049210655170494277
1414	89.869022170054705612	15.674204107458223234
1415	92.451758721390689288	13.270674976675856271
1416	93.929664974358132667	11.860878186121892597
1417	96.432766139798914651	9.423107324646817773
1418	98.898590830880124258	6.969971974834459516
1419	100.320391965209154250	5.536996232779370253
1420	102.747098281529986252	3.068666291559301929
1421	105.161319657512777326	0.596187084534948175
1422	106.564327430226413185	-0.843057370242021653
1423	108.977873130013279024	-3.313774994459135037
1424	111.403044080910206048	-5.778145678449256195
1425	112.823551173243188828	-7.207830854870812765
1426	115.286452014015608825	-9.653683778498423962
1427	117.785723475075442934	-12.082225328315049140
1428	119.260972629826198954	-13.485816999914691294
1429	121.838385373107087162	-15.877379474921506031
1430	124.478763259242754202	-18.238955898441670200
1431	126.048756997368371913	-19.597343642267631481
1432	128.811357451457325851	-21.899718000993654954
1433	131.666147783635040014	-24.156352751988453775
1434	133.374789090282718007	-25.445793497480700296
1435	136.400058178506355944	-27.614970770474812412
1436	139.548989379293686852	-29.718095933222599569
1437	141.443438365717668148	-30.908000826357845625
1438	144.812944158857675347	-32.887070423491977067
1439	148.336818777338692144	-34.773880820401338099
1440	81.180722252968649855	25.033303953406033315
1441	84.103355392330954032	22.802755414835264247
1442	86.925668398041764817	20.524914345998521270
1443	88.526776934725361912	19.180338612775795326
1444	91.214566503313506018	16.842056452182738724
1445	93.831994096435195729	14.473610431497791140
1446	95.327238533169534662	13.083530354933659012
1447	97.855385478062373750	10.678481784105379404
1448	100.340427606862846233	8.256617298801469218
1449	101.770797257935015523	6.841157408527497985
1450	104.207822730497056796	4.401687546552327746
1451	106.626877831221960946	1.956384900628139301
1452	108.030197280398908788	0.532110738155661900
1453	110.439993548034422588	-1.914488851546956250
1454	112.855979741341016620	-4.356993727656884197
1455	114.268616921060839786	-5.775105548933745503
1456	116.713592817519767664	-8.203273787721967025
1457	119.189259966552768333	-10.617220075763791343
1458	120.648093004227789038	-12.013891165560966812
1459	123.192565623519101337	-14.396545737251512875
1460	125.793834253395658607	-16.753361927858421154
1461	127.338136204280516495	-18.111070593813682450
1462	130.051397533225525649	-20.416200454816110010
1463	132.850091511829191404	-22.680984290143150872
1464	134.522898077778904735	-23.977857792590118180
1465	137.481024992147951025	-26.164795868810202251
1466	140.555735863255051754	-28.292463932969372564
1467	142.403760529175258398	-29.499994592427917439
1468	145.688124859670836031	-31.515466488038395454
1469	149.120498205565212402	-33.446868343508270982
1470	83.249869671435078544	26.790704229341852027
1471	86.271313891692784637	24.630549326380187125
1472	89.179123705670065192	22.419612197502075901
1473	90.824081462055630709	21.112625487827354931
1474	93.577467922050473703	18.836952124139397569
1475	96.248685233195601541	16.528914508560042407
1476	97.770027984269262333	15.173068122495562804
1477	100.334436093420649172	12.825320099739114355
1478	102.845301792394835161	10.458811837974664627
1479	104.286062813131167104	9.074625193204120421
1480	106.733214852287844110	6.687117095452937754
1481	109.152867686811489989	4.291262636501071093
1482	110.552234012364095861	2.894455248529689495
1483	112.947945106613573785	0.492479523744186076
1484	115.340688066567423675	-1.909111993970932897
1485	116.735586150510485481	-3.305354726180065761
1486	119.142807031075932400	-5.699724193894936342
1487	121.571420958951605940	-8.085249358953783272
1488	122.998522962574966755	-9.468148799121346215
1489	125.480858503993275122	-11.832431997507546484
1490	128.010144058170766357	-14.178274823259359394
1491	129.507910700216001487	-15.533341000093530582
1492	132.133043498413002226	-17.840965629916968993
1493	134.833050696937391422	-20.117922386556305270
1494	136.443472235687380589	-21.426703979521640520
1495	139.285802609253352102	-23.643033605983259093
1496	142.233833392604651635	-25.812199445355656025
1497	144.003186852136764173	-27.049827462867916950
1498	147.144173140958656631	-29.127855783293423286
1499	150.423484314479082968	-31.136269834647599453
1500	85.413403952470787317	28.540646419578472148
1501	88.530239484350147450	26.447677203300926863
1502	91.518485202002139545	24.301136248645214266
1503	93.203695672542195894	23.030634687401775551
1504	96.015556493250159065	20.816316058896443764
1505	98.732460768689804809	18.568257284054276113
1506	100.274826715836098856	17.246769959975360109
1507	102.866303882091429500	14.957159911761648274
1508	105.393373482416052411	12.647586657899662299
1509	106.838802351802968360	11.295907493389670151
1510	109.286144818581675509	8.962971519725279279
1511	111.696462179552014504	6.619721273133561290
1512	113.086152380076669033	5.252432728187389266
1513	115.458135702646458753	2.898912231460688549
1514	117.818343720589183476	0.542367858657463842
1515	119.190305259132543370	-0.829499665078332171
1516	121.551283234312151649	-3.185658776827756888
1517	123.925016863726739302	-5.538301546355855365
1518	125.316183022534858083	-6.904847841885057846
1519	127.729837826275087309	-9.246412544306551240
1520	130.181557099591145743	-11.577122740932335176
1521	131.630026240025131301	-12.927245382484111147
1522	134.163196239787453123	-15.233668995740364593
1523	136.761923490532296910	-17.519488519083630251
1524	138.309058665585695280	-18.838453377453738824
1525	141.035138709563057091	-21.081591588686123373
1526	143.857460520934949955	-23.290186670447440065
1527	145.549369710498666564	-24.556955898538433303
1528	148.550200036027860051	-26.696333630985527918
1529	151.680995896967715453	-28.781107027296567225
1530	86.722731031779787259	29.556198674168943086
1531	89.893135669658022380	27.500515958075894218
1532	92.925443969815106016	25.389987118258400045
1533	94.632172131985342389	24.140042838408390935
1534	97.474354474292667305	21.960586237655057573
1535	100.213711475678294960	19.746993364265978954
1536	101.765758181360425283	18.445429505577312312
1537	104.368423278046961400	16.189833460781549945
1538	106.900219440101352575	13.913937482104419274
1539	108.345599103066859925	12.581648319734599184
1540	110.788305224014862915	10.281527117879020850
1541	113.188509201266754189	7.970225634359919376
1542	114.569900133770914863	6.621006890081251761
1543	116.923625326357012000	4.297386431020482789
1544	119.260665653735557612	1.968940831097253819
1545	120.616933911198444207	0.612423296612623513
1546	122.947206374878220458	-1.719406117311474302
1547	125.285543370087367521	-4.050737009472437755
1548	126.653954712619636780	-5.406477379590143961
1549	129.024797764911227205	-7.732592977308906157
1550	131.428975221333502077	-10.052285704060103910
1551	132.847575599223063136	-11.398267839236867260
1552	135.325598649392361494	-13.701887370967186897
1553	137.864287740170823326	-15.990875655267398514
1554	139.374209228434722263	-17.314677392911292486
1555	142.032428441767848426	-19.571686972071507427
1556	144.781962458600844457	-21.801706545395560966
1557	146.429281501194907378	-23.084657773356838106
1558	149.349808252737005887	-25.258609890542746967
1559	152.395949027297945122	-27.386976738544330345
1560	89.071513374076559444	31.296471457746896760
1561	92.329756694962853203	29.301148847816065768
1562	95.432123552547466261	27.249464692938410337
1563	97.172001039574297465	26.033413271581082427
1564	100.059003860957673737	23.911996731314307141
1565	102.828998596730897930	21.756514249558367879
1566	104.392849083923181297	20.488875140648669770
1567	107.006224554492007428	18.291748792889585218
1568	109.537514744974160408	16.074406584323181590
1569	110.977798852523022788	14.776119089101396042
1570	113.404037253743098290	12.534009722580082169
1571	115.778599018227481565	10.279753853502592520
1572	117.141068240419897961	8.963052473452668423
1573	119.455726163850215471	6.693668167743585862
1574	121.745726189958759278	4.416741912256863856
1575	123.071060451749573872	3.088637004565693456
1576	125.342208081339805403	0.802338598662266866
1577	127.613983112618555538	-1.488408482445757075
1578	128.940262279890959007	-2.823186667420815699
1579	131.232893919934781479	-5.118531034515852340
1580	133.551483166906933775	-7.414979866222126681
1581	134.916854508533305079	-8.751322769978058247
1582	137.297493135360610950	-11.045807662022721019
1583	139.731240714860007301	-13.336014602267846740
1584	141.176582895681150376	-14.665739962435255350
1585	143.717801060318549844	-16.942661194046433337
1586	146.342744155141303963	-19.205869774526387772
1587	147.914118150137340990	-20.514688822039889970
1588	150.698462736207204671	-22.745075632080990147
1589	153.601688771100697295	-24.945898988691567411
1590	91.563563864985241025	33.030144277826906318
1591	94.902892925252487544	31.089751660885411866
1592	98.066688693471562033	29.092470421770926237
1593	99.834033319675342000	27.908207074273079229
1594	102.755271022512147283	25.842048485452959738
1595	105.544618893578402208	23.742929570210613122
1596	107.113519317241113527	22.508657302870645367
1597	109.725874565010514061	20.369788556528927614
1598	112.244971905049425231	18.211672024395653580
1599	113.673457171067994409	16.948155638248383781
1600	116.071988348442516781	14.765981815740977012
1601	118.410132807471697447	12.571397223672093446
1602	119.747666295932177150	11.289038978194094298
1603	122.013425568630381690	9.077498673587875544
1604	124.247252224757872341	6.856246531085470330
1605	125.536683585015879316	5.559202821943451944
1606	127.740800348969031575	3.323346764215551641
1607	129.938946108187366235	1.078504687745937884
1608	131.219382566704354076	-0.232047841381221004
1609	133.428143970198959778	-2.490768519449380936
1610	135.656420404341105268	-4.757869429598464706
1611	136.966254453562839899	-6.080934710810868005
1612	139.246316830415736376	-8.359944200594132013
1613	141.572924043332136534	-10.645000601967719689
1614	142.952867532341770129	-11.976972942961435109
1615	145.376464726059168697	-14.267623537470434769
1616	147.877174803045136287	-16.558126001676747308
1617	149.373246024062467541	-17.889571979472886909
1618	152.023210879639634641	-20.171257871227638248
1619	154.786118566936465868	-22.440091419531096761
1620	93.089018717082097965	34.035274913575307210
1621	96.471595492401803540	32.124017908092980633
1622	99.666335210197203764	30.156101886067379070
1623	101.446583267571625697	28.989255462305621336
1624	104.382126799133345685	26.953824196192279317
1625	107.176886533581210870	24.886597550911297105
1626	108.745280429837876568	23.671441228603161022
1627	111.351145176793409064	21.566320470113147678
1628	113.857371441337619444	19.442941310528311760
1629	115.275718918098405652	18.199998802372959972
1630	117.652703786306005895	16.053574237819180581
1631	119.964527869500244606	13.894922250259057250
1632	121.284717124183273995	12.633396903643207665
1633	123.517431882369976393	10.457206704471982306
1634	125.714352874915448410	8.270318847831118703
1635	126.980615263508909152	6.992615089089633251
1636	129.142128686687499339	4.788481251264849803
1637	131.294237428717025296	2.572953807971084750
1638	132.546330128146649940	1.278112787203684597
1639	134.703751861720377292	-0.956364721040050991
1640	136.877360832363592635	-3.203278688459683998
1641	138.153842110462619530	-4.516738305033103806
1642	140.373935236826753226	-6.783418664950100485
1643	142.637176152853299982	-9.062073141828138390
1644	143.978662359563145401	-10.393355296568334012
1645	146.333449975197680715	-12.688577610771856641
1646	148.761899296699709794	-14.991627111148206453
1647	150.214342749984353986	-16.334368958155394580
1648	152.786714518171322652	-18.642874793993129856
1649	155.468879533056821174	-20.948570779444523282
1650	95.856704869777416889	35.753134145704095204
1651	99.304970659991809612	33.886543163735815654
1652	102.542842897335603425	31.964788007756233412
1653	104.338998157828825697	30.825870509536432706
1654	107.287955444217089962	28.840631417253408841
1655	110.080660690911415145	26.826578571225191183
1656	111.641610462036211970	25.643739105974997727
1657	114.225241380326750118	23.596352078146821896
1658	116.698686924006025833	21.533163091868438244
1659	118.093650591854398613	20.326182402515293290
1660	120.423842590325676838	18.242736195590246950
1661	122.681327309636827749	16.147967890846249617
1662	123.966729196097602994	14.923740468444846030
1663	126.134663772261731651	12.811287059541427880
1664	128.260896315093589237	10.686947463433106975
1665	129.483451201053753721	9.444737912095321875
1666	131.565643421512419309	7.299376807755080243
1667	133.633259439277594538	5.138949827165668616
1668	134.833846661015257951	3.874065800412363370
1669	136.898802847242194503	1.686673612826909974
1670	138.974936138888494952	-0.519717249651727498
1671	140.192368295720797278	-1.813103070230500879
1672	142.306971529011377697	-4.052208286429806350
1673	144.459558202063902854	-6.313207240128048348
1674	145.734233626344320101	-7.639343898498707652
1675	147.970032044904826307	-9.935546865354549340
1676	150.274163366515665530	-12.253309447531389509
1677	151.651811116785069089	-13.611553329070263274
1678	154.091549116079903570	-15.959689325628760415
1679	156.636107908659681698	-18.322782846638212106
1680	98.834287654284580071	37.454191775793184149
1681	102.334374006263445267	35.624891197379142227
1682	105.599937808376211024	33.743587067027384307
1683	107.402621353528957115	32.630008670620924249
1684	110.348646635715539333	30.691680813540369144
1685	113.123083433212684668	28.728865745450828939
1686	114.667361095333632193	27.577773274199927300
1687	117.213439513719166030	25.587996978102932388
1688	119.639618744832830544	23.585845283159429187
1689	121.003199627080988421	22.415721803557129732
1690	123.273644661513344545	20.397423278615669062
1691	125.464865787061441438	18.369447917716005492
1692	126.709019892140474894	17.184532807741305760
1693	128.801894036463863813	15.139808070808944862
1694	130.848180550520766019	13.082664855818967098
1695	132.022101599764340563	11.878953785777923713
1696	134.017281748493616078	9.798041103307951971
1697	135.993666234358443035	7.699041430318028567
1698	137.139251961880404451	6.468096636722485471
1699	139.106445938988571243	4.335144452064239040
1700	141.080677839513612071	2.177265320808246418
1701	142.236873532369401119	0.908882708597222089
1702	144.242873540150071676	-1.293730187274230392
1703	146.282478068775873226	-3.527656539220365595
1704	147.489334271868983706	-4.842977978717337706
1705	149.604975703737949289	-7.130189750870271403
1706	151.784289597492431767	-9.452558294128529326
1707	153.087133282581589810	-10.820446812890246235
1708	155.394653716777554564	-13.198372873885920953
1709	157.802480173536281427	-15.609578241350556382
1710	100.676165012479046368	38.433138957007422221
1711	104.198355213629852756	36.621968275962231587
1712	107.471430699094980810	34.761544206135290835
1713	109.272821812337213032	33.661549635942634495
1714	112.208460137012380642	31.749119542572795893
1715	114.963860506458857458	29.815383358388459101
1716	116.493732574339944108	28.682602668654773481
1717	119.010266647881167046	26.726471681028812100
1718	121.401791250586683191	24.760402372530339932
1719	122.743210442026736473	23.612235505644978417
1720	124.972641977497787025	21.633002144769871933
1721	127.119626423602682053	19.645377539628700703
1722	128.336729810726836831	18.484345077239598965
1723	130.381113069962708551	16.481001012020435326
1724	132.376582020861945921	14.465230132579357303
1725	133.519929653415886150	13.285383271186194776
1726	135.460944160638604217	11.244732099647984924
1727	137.381157122707264762	9.184557397092333986
1728	138.493139776004426267	7.975306857764066670
1729	140.401023246016677604	5.877642847072289456
1730	142.313924452709812840	3.751943976815303561
1731	143.433472880654051096	2.500566806566942635
1732	145.374812577089585375	0.323669667611769574
1733	147.347541302442181177	-1.889714054197518811
1734	148.514419188127675397	-3.195828515701063299
1735	150.559488716277400044	-5.472624508884257111
1736	152.665787287030326524	-7.792334786421951875
1737	153.924990036110727942	-9.162698515918377140
1738	156.155544973159322808	-11.552607591657825026
1739	158.483948035589463643	-13.986645751249723091
1740	104.051257086991810752	40.088328342672348015
1741	107.594041324651030322	38.302100903991473047
1742	110.862190893546269876	36.473179665887862200
1743	112.651081281637488019	35.394726071250218524
1744	115.551732277777631452	33.524810463979846986
1745	118.258230769081151834	31.640247224707493956
1746	119.754444399821267098	30.538933387551168153
1747	122.205870885884735344	28.641291406382528351
1748	124.524748172594797779	26.738626435150969485
1749	125.821030094365113428	25.629295381989759761
1750	127.968809329158247579	23.719536840405591960
1751	130.029748229115341474	21.804116623200066272
1752	131.195030833686956839	20.686020428818832073
1753	133.147726893289302552	18.757431330002461323
1754	135.048470907658412443	16.816900237793404926
1755	136.135388357502961298	15.680712580420477664
1756	137.977300994447773519	13.714232208845080763
1757	139.795751750194824581	11.726335290549489088
1758	140.847281631535963697	10.557880641307063385
1759	142.649135387652393092	8.527403981752213369
1760	144.453180097571504348	6.464217316812261416
1761	145.508014508972252088	5.246575003732894871
1762	147.335699212146892023	3.122165068781530550
1763	149.191490892684839764	0.953050526028240585
1764	150.288719516976954083	-0.331731012102438216
1765	152.211237208558259226	-2.580710452990503168
1766	154.191185941793008851	-4.885475112102216855
1767	155.375045560367993858	-6.253908333222984339
1768	157.472973464170280522	-8.653692428949037563
1769	159.664752530944326736	-11.116391204197540787
1770	107.723372784100959620	41.696163979338209060
1771	111.259355635876900692	39.927396806752035729
1772	114.495579117177484818	38.125151521847406855
1773	116.256807276439204202	37.066463748774438614
1774	119.097749778111605679	35.237483922045775842
1775	121.732560314338172702	33.402037245051374725
1776	123.182797007553901381	32.332726004450776713
1777	125.549573678334112969	30.495289809560880201
1778	127.778253644506918363	28.658579714211938949
1779	129.020057394182828148	27.589893511649293600
1780	131.071541634907816842	25.753209084641046189
1781	133.033446004427503340	23.914165604575103430
1782	134.140051779736324988	22.841688457674525381
1783	135.990392878320733416	20.992905643771230473
1784	137.787036818289237772	19.133249777695187532
1785	138.812613998485318234	18.044288362451801788
1786	140.547849611782766033	16.158642564806093844
1787	142.257964091093498382	14.250423161230772351
1788	143.245638839576628243	13.127439085935817431
1789	144.936286861693929495	11.172865250946518501
1790	146.627079392535534907	9.181829779420052517
1791	147.614972163015295337	8.003981023850643695
1792	149.325696283318762880	5.943269038651740388
1793	151.061849367970609137	3.830660702381067928
1794	152.088109064603116849	2.574800621613670959
1795	153.886196768699221593	0.367437354548964701
1796	155.738349772233135582	-1.907724229307914632
1797	156.846193744156579442	-3.265375238886504938
1798	158.810571017823406237	-5.659460206048479769
1799	160.865009966989958912	-8.135111979062269683
1800	105.684000840613350647	-67.280942564425501473
1801	105.559209386088511451	-70.488123533137581944
1802	105.394784932558948753	-73.580685096906961462
1803	105.271924274735013682	-75.331940838125433402
1804	104.986030514759761445	-78.264780564583560363
1805	104.531441128889966308	-81.110222989888200118
1806	104.115307683589165322	-82.729999744748710100
1807	102.747855592514241607	-85.456970381747126453
1808	97.599040652046866740	-88.114142189159139207
1809	65.597674739077831418	-89.559464130733815068
1810	-66.381745096528803174	-87.720509416301325700
1811	-70.221625539246687708	-85.170539506363340365
1812	-71.023838083796931642	-83.695420217212316061
1813	-71.775490815657136068	-81.174548611140565413
1814	-72.193497680134896655	-78.664425571537265114
1815	-72.361865000672381143	-77.205148487303929983
1816	-72.577498505768843984	-74.694517187729900343
1817	-72.734197080947808445	-72.172151139209475446
1818	-72.807471739117175957	-70.695200323079077975
1819	-72.911833724370225696	-68.135829893907754240
1820	-72.996309352034813855	-65.541155720288998054
1821	-73.038654124320544270	-64.011086733413904426
1822	-73.102429782211544307	-61.341107846638493584
1823	-73.157295319124628463	-58.610839403691457505
1824	-73.185974282377799227	-56.990089534207427846
1825	-73.230748310225507680	-54.143617960621284624
1826	-73.270873110544627593	-51.210161099085219405
1827	-73.292469029995231722	-49.458651087933034773
1828	-73.327078423088579484	-46.365763573315675217
1829	-73.359058069663220181	-43.158349569315930694
1830	112.550459409855292847	-65.614676223945735956
1831	113.747245916020588652	-68.857051502686516642
1832	115.297066293601645270	-71.990347052287376073
1833	116.434329136026022411	-73.764903304106169912
1834	119.009249943260499549	-76.729588149458294311
1835	122.889936062605343636	-79.580180317200017726
1836	126.207115096068534399	-81.176825703755937980
1837	135.568242294063878717	-83.762670934855691485
1838	155.770017299595082250	-85.936287064923490675
1839	177.924799797597785300	-86.723973671912730765
1840	-135.281693897929585546	-86.430095648447831991
1841	-109.442510772594246760	-84.581062725650951961
1842	-101.777908062341751361	-83.247549342622974677
1843	-94.038473494887355741	-80.803469582968332929
1844	-89.587814785213424784	-78.274117100672526703
1845	-87.780433386575950294	-76.781482059402932805
1846	-85.461465544676755712	-74.191916408615341538
1847	-83.777283134049156388	-71.573999137518754310
1848	-82.990955880987840487	-70.036814510885946561
1849	-81.873134266823200278	-67.369286223018434612
1850	-80.970642195464435531	-64.663478448520947950
1851	-80.519186381885816672	-63.068424653493543985
1852	-79.840575679725432678	-60.287785177498513178
1853	-79.258174955787978888	-57.449869741705612114
1854	-78.954302742688525996	-55.768638991782161440
1855	-78.480705108346711540	-52.823330282462833907
1856	-78.057169725181822173	-49.799262557259197592
1857	-77.829577200181248031	-47.999682930775492196
1858	-77.465389049159185220	-44.833841269424667075
1859	-77.129495018495859426	-41.567878875314185905
1860	118.328664063738500545	-63.751074497865864998
1861	120.514020099042369338	-66.953100265697088389
1862	123.273587593070701018	-70.036481952497766201
1863	125.245268071790249564	-71.772500035564789300
1864	129.534710412131346402	-74.641907467347806460
1865	135.528123760338814918	-77.335776149084097142
1866	140.205754807163685882	-78.796309405489779465
1867	151.403535665325762238	-81.033029436740406481
1868	168.418323406950435128	-82.712809830077148376
1869	-178.605670546978245739	-83.286641970848606320
1870	-153.892456256536576120	-83.345271897270649220
1871	-132.764774490741274349	-82.286656956034306631
1872	-123.564118017116626902	-81.308017343960869994
1873	-112.206664802382505286	-79.260253987139904552
1874	-104.663182216536753799	-76.943277913231398202
1875	-101.400889231990575468	-75.520955786874708338
1876	-97.066554582127423600	-72.993569768653927099
1877	-93.827984161311306366	-70.388683448955177369
1878	-92.293822566673796359	-68.843984766298106592
1879	-90.092455839634396852	-66.145954389752716907
1880	-88.300375012841655575	-63.394637261579696030
1881	-87.399815283337048299	-61.768682808953997210
1882	-86.041891063436025888	-58.930616260027711917
1883	-84.873179892767154797	-56.033113998976276093
1884	-84.262438989629032449	-54.317531724307038132
1885	-83.309573729263362907	-51.315782149451770522
1886	-82.456683489703308965	-48.240917656893344656
1887	-81.998183049637489717	-46.415429455361731925
1888	-81.264364583750761994	-43.213131214088193133
1889	-80.587544283164120884	-39.923141796750208243
1890	121.261970586969354713	-62.603421855538258001
1891	123.889304194746785015	-65.757321835523299569
1892	127.155111293124534200	-68.784309142684634253
1893	129.450762211075954156	-70.480963306036969129
1894	134.330081429096253487	-73.265428981764344485
1895	140.873128151645346406	-75.843238952643162065
1896	145.755336188232547556	-77.217857195390379843
1897	156.687706309098388147	-79.275851854387610729
1898	171.632507527131281222	-80.775312639755497912
1899	-177.846917237224658948	-81.290106966988048498
1900	-158.329365920126093670	-81.421304364157464306
1901	-140.425621440816058794	-80.615464231937110640
1902	-131.805439099358437716	-79.799566785373656330
1903	-120.217378687057177444	-77.986614191180336775
1904	-111.886555615564915911	-75.832734313850920671
1905	-108.128400324452115910	-74.477121731466482402
1906	-103.000180505482902049	-72.027891370952715988
1907	-99.077108475655947473	-69.467519001047165261
1908	-97.194440563361183649	-67.937614353892357144
1909	-94.468887667978279410	-65.251314145120858257
1910	-92.231502261426882683	-62.499399773602085872
1911	-91.101648212100883484	-60.869193618223022213
1912	-89.391858726282208636	-58.019456375025924899
1913	-87.915148664817991175	-55.107140848457085269
1914	-87.141807553792119734	-53.382420787975284782
1915	-85.933307579221249739	-50.365460612747874336
1916	-84.849876505462660248	-47.277563073604696342
1917	-84.266872966111819210	-45.446157312258549155
1918	-83.333105339375634912	-42.237626827985074840
1919	-82.471261165267634397	-38.947664506551021191
1920	125.683481038184311274	-60.557769624156328803
1921	128.886913245572202413	-63.599466004330544422
1922	132.764362646354015851	-66.499709714050936782
1923	135.418160637792624357	-68.112380241460641628
1924	140.858160104680564473	-70.728424108250635527
1925	147.730141992048515931	-73.100508743242627929
1926	152.558316039966484823	-74.337780449028471708
1927	162.555764722672620337	-76.143125971432738197
1928	174.832776201093508917	-77.424108231110295719
1929	-177.124683964387969581	-77.871114445786403735
1930	-162.586224335344354586	-78.057622172572962427
1931	-148.582271827729158531	-77.508069567347590123
1932	-141.235415684300505745	-76.886113962649915266
1933	-130.407419927725328535	-75.401206994640972425
1934	-121.789065958666583356	-73.518967732205581456
1935	-117.646951076894936250	-72.289430770710993102
1936	-111.733870013149669376	-70.006703023640056927
1937	-107.012056985663789987	-67.560770706443619815
1938	-104.688230498538771940	-66.078683539789281554
1939	-101.262154938015328298	-63.449895722784056318
1940	-98.399327012441361262	-60.732150016037671492
1941	-96.937906642825439008	-59.114044569944319107
1942	-94.708164011581274622	-56.275829426946486933
1943	-92.766433762508583527	-53.367589684566780761
1944	-91.744279122944021765	-51.643501441775626404
1945	-90.140458769786576454	-48.627130892323705780
1946	-88.696625175674270736	-45.541976005227930102
1947	-87.917622044011423554	-43.714321861941499492
1948	-86.667303992767941168	-40.517763664015305380
1949	-85.510809541889017282	-37.248877436096449856
1950	129.455593692416726981	-58.449795828864964164
1951	133.056628642029664888	-61.353301906150996103
1952	137.309418102354214852	-64.102941182752459781
1953	140.151716761070218809	-65.620267027801361337
1954	145.804055412264261804	-68.056808210887808741
1955	152.619957446627353193	-70.230039097639505030
1956	157.206850171234918889	-71.345889176769659912
1957	166.245043608635512555	-72.948434378868427075
1958	176.690387612691552022	-74.070679697364013805
1959	-176.718203620829058309	-74.467208901402585752
1960	-164.979050086477684545	-74.668014736741341153
1961	-153.465988391929187173	-74.258353405981310402
1962	-147.183639007473004767	-73.757985420739345273
1963	-137.442331492991769437	-72.508878159155955245
1964	-129.162903087905107213	-70.855562052402376594
1965	-124.991395057030786120	-69.745344019087923471
1966	-118.805019598828437211	-67.637551086804222678
1967	-113.666372577699419821	-65.329244084879988463
1968	-111.073555028951460599	-63.911999386696464853
1969	-107.176933326160394699	-61.372780524311700390
1970	-103.856793590042713049	-58.722504327765946641
1971	-102.140845010718237518	-57.135840756627949588
1972	-99.497244129502007581	-54.341766744086314134
1973	-97.171898430967786453	-51.469092452462753329
1974	-95.939841368008444533	-49.763351547759221205
1975	-93.996565217090434885	-46.776867848326169508
1976	-92.237534979655862344	-43.722212144623988195
1977	-91.285063520112032620	-41.913705221195883155
1978	-89.751846961560119098	-38.754161966916036874
1979	-88.329307396608015779	-35.529436082079605796
1980	131.404260959653953478	-57.204464058254757219
1981	135.174891077792665328	-60.019302932269091855
1982	139.569754040209801360	-62.674491020728275714
1983	142.470936555618379771	-64.133624616278609665
1984	148.153939219514739989	-66.464514450346612762
1985	154.857413536589774594	-68.526940246979023641
1986	159.282070800238841457	-69.578297460405934771
1987	167.820836500547784453	-71.077967141312797139
1988	177.454003941666400124	-72.122393344424409634
1989	-176.553488637141555273	-72.492877179522565712
1990	-165.945623195683850781	-72.691529815499677625
1991	-155.488126934201261520	-72.333662673590012560
1992	-149.704837101450181081	-71.883054517173576414
1993	-140.564790338864668229	-70.738622244696060193
1994	-132.584867491231591430	-69.196990037275213581
1995	-128.479025001136676565	-68.149246089623119360
1996	-122.277280010145929623	-66.139179183883570090
1997	-117.021249817986713992	-63.914070604513085527
1998	-114.333434024613822544	-62.538554175588892292
1999	-110.250279170323437938	-60.060658094845528865
2000	-106.731575858641264176	-57.460585156394486717
2001	-104.899511820604786294	-55.899004951403604480
2002	-102.060169513975296240	-53.142578177903395442
2003	-99.546908810695626357	-50.302595854247115881
2004	-98.209768510925158580	-48.614419184167765309
2005	-96.093596057293112267	-45.656868409805021258
2006	-94.171139606868720762	-42.631002565660054415
2007	-93.127677896690187254	-40.839782744516533342
2008	-91.444651503545856031	-37.711772242009068634
2009	-89.879796549117486393	-34.521918381265031428
2010	134.402273789374817170	-55.044456492344068010
2011	138.384819064284442902	-57.697120869554119338
2012	142.932092083871822297	-60.182745505876823700
2013	145.877871669529383780	-61.539584532795522875
2014	151.521616559266476543	-63.689677633430839876
2015	157.974355589186728821	-65.569701840046249686
2016	162.122742979114661921	-66.518227616347061826
2017	169.915002068151181902	-67.858197936476415180
2018	178.444665172671989239	-68.783059007412319374
2019	-176.341694959878708460	-69.111227551774348399
2020	-167.184644226348552820	-69.294382650745276919
2021	-158.114120170396233789	-68.994000904980865130
2022	-153.023372057171428651	-68.605260668459720819
2023	-144.795476719653436248	-67.600130095222255022
2024	-137.367397635264978817	-66.218419032385000378
2025	-133.438261767524409152	-65.265183853510947642
2026	-127.349011981072749222	-63.410841199119879263
2027	-122.033867692797770133	-61.326950569057871121
2028	-119.259457733023552350	-60.025797276479721631
2029	-114.971691045371514406	-57.662357754383855024
2030	-111.207262459112342867	-55.161522894403773876
2031	-109.222643229109436902	-53.651737540197508736
2032	-106.115006440824572564	-50.976099462702372023
2033	-103.333608672964956554	-48.209128060034210250
2034	-101.842778631106781972	-46.561016420962083373
2035	-99.468742478571869015	-43.669988703653309869
2036	-97.297578158028727557	-40.709858492852475820
2037	-96.113811724937420422	-38.957437501702479210
2038	-94.197260279394697591	-35.898415007044604863
2039	-92.407983271558649108	-32.782042497290028393
2040	137.032714407542187018	-52.868155367582538418
2041	141.151675526672562455	-55.349990557443270234
2042	145.769890587890671441	-57.660340756925052119
2043	148.713659380865152571	-58.913582299213651083
2044	154.251350021676501001	-60.885131810548074327
2045	160.428375181234230240	-62.591231806683012451
2046	164.320747571999220327	-63.444340913924001768
2047	171.490190662597001392	-64.639028151203888228
2048	179.173360399799122433	-65.454920650045792740
2049	-176.187192980687058252	-65.741923084053851767
2050	-168.085213629735392260	-65.898810847893201981
2051	-160.042555112553401386	-65.629120106749098795
2052	-155.488490875396053070	-65.281673132718140096
2053	-148.020801807793304761	-64.378451241643091407
2054	-141.123007606495065147	-63.123994159524848158
2055	-137.400670945368148068	-62.250563009827118321
2056	-131.517008516578243871	-60.535269227477975562
2057	-126.257641824132122110	-58.586179865223833474
2058	-123.464275955632601267	-57.359670159762210062
2059	-119.081058839665800519	-55.116597057232631585
2060	-115.166691532755820049	-52.726027660440159650
2061	-113.078528308814583170	-51.276117811071458163
2062	-109.775762865966783011	-48.697054509506422448
2063	-106.786892244146187636	-46.020339643582900635
2064	-105.172697417867055947	-44.422654016948555977
2065	-102.585649605629839698	-41.616042422194361450
2066	-100.202940567920464332	-38.739184762093756831
2067	-98.897555955887384016	-37.035424083700391407
2068	-96.775395902299678141	-34.061481955761379936
2069	-94.785219679806772319	-31.033325142501020366
2070	138.423034373479936221	-51.596715404867971699
2071	142.595347691049710193	-53.976401163258245219
2072	147.228667454260033765	-56.183192935326445649
2073	150.157503795513832756	-57.375984990312446143
2074	155.616702105682890078	-59.244878875228707216
2075	161.633007197520782938	-60.852920338173376535
2076	165.388069304683284599	-61.652990582346660631
2077	172.242064246442140529	-62.767589191090422673
2078	179.516612607232758592	-63.522960435000157986
2079	-176.114773175212349088	-63.786074226732161208
2080	-168.506247101819184309	-63.923944928661803999
2081	-160.948798767175446756	-63.663493014895877309
2082	-156.654125058132734694	-63.333387859854141766
2083	-149.568431774042323923	-62.476835580825564875
2084	-142.957221364237284433	-61.284566414967422077
2085	-139.356868522395103582	-60.451801256957104158
2086	-133.612597059675778155	-58.810139290116985933
2087	-128.417659462945465521	-56.935719542110469149
2088	-125.634204382521275534	-55.751956170824442438
2089	-121.231759915291547713	-53.579946074879018170
2090	-117.264242478833736527	-51.256794123887651438
2091	-115.134016399247030904	-49.844398863832722668
2092	-111.745744119082203838	-47.327085332185617972
2093	-108.660158574715524082	-44.709252432332824867
2094	-106.986427228339522344	-43.144827120577623703
2095	-104.293822148838131625	-40.394216680002259068
2096	-101.803477737093786004	-37.572653443981536725
2097	-100.435160796394484350	-35.901080242389546981
2098	-98.205120992171188732	-32.982988289751929756
2099	-96.107979124605861898	-30.011979673678577996
2100	140.610120436303958513	-49.405907557940366814
2101	144.840232191408858853	-51.606909245655273821
2102	149.467740212957039603	-53.634315896486938868
2103	152.355663301040493707	-54.723413392752092932
2104	157.664967598321311470	-56.418142116634086847
2105	163.413245466369431824	-57.862115026382504368
2106	166.952126801568539349	-58.574257818047492208
2107	173.329573421776501618	-59.556611227367518779
2108	-179.991786751515405740	-60.211084354206867886
2109	-176.011438485052593705	-60.432929601768705652
2110	-169.105696231049364542	-60.533148386651326689
2111	-162.243297423192416318	-60.277727544684971406
2112	-158.326171679993137786	-59.968985364470093202
2113	-151.811629289478190685	-59.176303791860213721
2114	-145.650843235962923927	-58.074806285487348134
2115	-142.253495947342116779	-57.303664838754883704
2116	-136.760922380603091142	-55.777359245560539591
2117	-131.708742006926087242	-54.024485807894265577
2118	-128.966106302734715428	-52.912280521285190105
2119	-124.575155060848217659	-50.862315622723549779
2120	-120.561104213030603205	-48.658366831506846495
2121	-118.383517054350008380	-47.313652615153564795
2122	-114.888001336568933652	-44.909623003627473281
2123	-111.671374308734172587	-42.401623392644530952
2124	-109.913656132638038798	-40.899819621068594699
2125	-107.067634001349077266	-38.255214662229192868
2126	-104.416234650004327023	-35.538534474809246433
2127	-102.952010535092327359	-33.927903572809256616
2128	-100.555076479199868800	-31.115053824977842112
2129	-98.289816553065250559	-28.250776534889450176
2130	142.582763604019504555	-47.207895627642272984
2131	146.837849367377202725	-49.227606303064220583
2132	151.430824726985747475	-51.074865348783085039
2133	154.265343354737666459	-52.060843493315999808
2134	159.415836939430334951	-53.584202001427094331
2135	164.910694366731547689	-54.868784763342681288
2136	168.256084268808109528	-55.496165974402892118
2137	174.224024110999664572	-56.351284837702756647
2138	-179.591543469227502783	-56.907471708251584630
2139	-175.927630250240241594	-57.087643050781608167
2140	-169.590659878315193509	-57.145289671888974681
2141	-163.293580709944137652	-56.884575801762657932
2142	-159.688183592056049065	-56.589154741639575263
2143	-153.657481838952520548	-55.844524553473362971
2144	-147.896703016763268579	-54.817661294200419775
2145	-144.689288809659331037	-54.099543145134049382
2146	-139.449191595899918639	-52.676360611697532477
2147	-134.562254303725353566	-51.036848300827877267
2148	-131.880052453665513212	-49.993437069149109675
2149	-127.540515824950830392	-48.064072357734538343
2150	-123.522999814372553828	-45.981604734100400833
2151	-121.323017724936661921	-44.707339703866402658
2152	-117.761330611496944698	-42.423317737121912785
2153	-114.451266122941547110	-40.033728648657763927
2154	-112.629583349907392176	-38.600118955867792181
2155	-109.661235811369039084	-36.071674046824405480
2156	-106.875808994827124820	-33.470304610840621251
2157	-105.329654108232787735	-31.926626599183180133
2158	-102.787091430412871773	-29.228981127401233664
2159	-100.371862145191741433	-26.480657716536125434
2160	143.647752788276534375	-45.924959698505801953
2161	147.905744386886368602	-47.838456314357991062
2162	152.469177775408979869	-49.580892155960341938
2163	155.268981078694821463	-50.507243375031762866
2164	160.325780738727786456	-51.932152213608624436
2165	165.680517801783452114	-53.125843106757791645
2166	168.922486254900633185	-53.705084714184422978
2167	174.677096289482534530	-54.487954801510085190
2168	-179.390142004385950258	-54.987821233215818495
2169	-175.885564624861785887	-55.143570749694930555
2170	-169.833645346590770941	-55.174702661221502353
2171	-163.820639576359724288	-54.907313654995753893
2172	-160.373295834557325179	-54.616832156931835129
2173	-154.591761117947839921	-53.894548185247963090
2174	-149.042944267274748427	-52.905215333676991918
2175	-145.939335713838005404	-52.214705164719624975
2176	-140.842834582009857058	-50.846716212835239901
2177	-136.057032411539381656	-49.269687193891357424
2178	-133.415662633074248333	-48.264981919688210610
2179	-129.118848950235502571	-46.404737491693381912
2180	-125.114250647963459073	-44.393342117911821276
2181	-122.910279880451852819	-43.160876467784355270
2182	-119.325473874041122713	-40.948898700516231486
2183	-115.975616172944498317	-38.631240085268466089
2184	-114.124647914613561284	-37.239344810270125663
2185	-111.097660917242379242	-34.782281284391160625
2186	-108.245342654474541177	-32.251981515983629833
2187	-106.657315071101649551	-30.749579787456287505
2188	-104.038908641453474502	-28.122846768884141255
2189	-101.544052341969205600	-25.445618335349109884
2190	145.357009363800102619	-43.712478988637030852
2191	149.604382763779966581	-45.442917889000881360
2192	154.105294129882366860	-47.005773708969634583
2193	156.841534258288362480	-47.830509446806523499
2194	161.737887012242424589	-49.088513868319751055
2195	166.864287687225413492	-50.128981627108124997
2196	169.942211167331436172	-50.627298659120036461
2197	175.365345144421610257	-51.288666771965772284
2198	-179.085843937187348729	-51.693073783082887473
2199	-175.822139438942286915	-51.806698447625976200
2200	-170.199443878169091704	-51.790065260274765535
2201	-164.614935735145365925	-51.506526928753984862
2202	-161.407609437013576326	-51.220822994336877798
2203	-156.008994462244828583	-50.529400790105569286
2204	-150.793162907165793740	-49.596417221730142444
2205	-147.856538964451601714	-48.948738675800100850
2206	-142.998101806761837906	-47.668505265511662117
2207	-138.389055613989114590	-46.193372300929276264
2208	-135.823759390440670813	-45.252897587985316363
2209	-131.615619676047117537	-43.509163886118976450
2210	-127.652590057089213360	-41.619671097914547886
2211	-125.454026846266572193	-40.459759408235136391
2212	-121.851073292844091611	-38.374099787980455289
2213	-118.453992343023585931	-36.183866271289076622
2214	-116.564475291929284140	-34.866330183719291824
2215	-113.455671143150496505	-32.537063705753645593
2216	-110.505492112367662116	-30.134413871670680862
2217	-108.854549019430834278	-28.706214268299717673
2218	-106.119792723153807401	-26.206880121571305864
2219	-103.500200459748498361	-23.657068975249543996
2220	146.936852183194503141	-41.486668281455642671
2221	151.157929686285626758	-43.034014778026211445
2222	155.585359934884593258	-44.418490795532171944
2223	158.254981555569798957	-45.142875129536712109
2224	162.993412146941125229	-46.236965585101742704
2225	167.906127900358626448	-47.127829162774581562
2226	170.834842709213774015	-47.547348764134625299
2227	175.963028329811578487	-48.090333343951236600
2228	-178.823136615707880992	-48.400973633134022123
2229	-175.767508015784699182	-48.472504493401466164
2230	-170.513960434402832789	-48.406205788216489339
2231	-165.298528147972092484	-48.102101613025695315
2232	-162.299342232987783063	-47.817577256810082531
2233	-157.236877704376070142	-47.149544924029058279
2234	-152.320043101089140691	-46.264603760484035888
2235	-149.537026951438207334	-45.654927253021675426
2236	-144.904341305704235765	-44.454775146523239471
2237	-140.471696451454334920	-43.075267884308935606
2238	-137.986799928641687529	-42.196219498635187506
2239	-133.880693487245906681	-40.565804109970244440
2240	-129.977821969399712998	-38.797109601013090696
2241	-127.796965052963201970	-37.710024208822865432
2242	-124.198233527781852104	-35.752556841085869621
2243	-120.776594505148040071	-33.693122810985833837
2244	-118.861415225082268421	-32.452458384294260441
2245	-115.691896589849349652	-30.255996596518116348
2246	-112.663233756513449180	-27.986568777572568223
2247	-110.959745108697646288	-26.635941118031158936
2248	-108.124816484601211641	-24.269809880935380164
2249	-105.394587884119744103	-21.853014942698965939
2250	147.805810414054775492	-40.183384995238618842
2251	152.005790952331778954	-41.624423619528116092
2252	156.386711402469558152	-42.905858865021357929
2253	159.016738247294824760	-43.572517527815371352
2254	163.664865377351304687	-44.572685322946583142
2255	168.459345376957230656	-45.378167856392636281
2256	171.307059984247104012	-45.752800668434190356
2257	176.277480949227395968	-46.228326241354785964
2258	-178.685478518549899718	-46.485270125542633934
2259	-175.738926582126680387	-46.532446616184621746
2260	-170.678291193548716365	-46.436750411410073980
2261	-165.655880899615226554	-46.119225858452395528
2262	-162.766019555217553716	-45.834142028211758202
2263	-157.881519187063844356	-45.177046498768952176
2264	-153.125320747370835761	-44.316981232475093577
2265	-150.426131480535758556	-43.727574315383613168
2266	-145.919075464087455885	-42.570991014571028188
2267	-141.587788819967471454	-41.244513102143912420
2268	-139.150691363112088084	-40.399963152432960101
2269	-135.108139606846322067	-38.833913477147632420
2270	-131.246760895893714860	-37.134699741816447727
2271	-129.080705505259459187	-36.089868201898397615
2272	-125.492894254030929346	-34.207341192090197524
2273	-122.065829744226292064	-32.224985204318016940
2274	-120.140866809828253281	-31.029852574775915741
2275	-116.944600474529778467	-28.912363512244571240
2276	-113.878294654584863110	-26.722438215820375262
2277	-112.148576361848938632	-25.418182779147301176
2278	-109.262198714708716807	-23.131737238111067967
2279	-106.473599428937561129	-20.794498488531875324
2280	149.225289621050592359	-37.926959670377421219
2281	153.380862948813160074	-39.186174382787122283
2282	157.676970370900875196	-40.292257231846740240
2283	160.238167456664115207	-40.861070499232369002
2284	164.734158724031800602	-41.702617742790913269
2285	169.334865277303975972	-42.364444463008204877
2286	172.051966381978843401	-42.663693819084777203
2287	176.771174636820688875	-43.025934325734688457
2288	-178.470104298396108788	-43.192392409902211625
2289	-175.694270670202058682	-43.198219141445946434
2290	-170.934741188155555847	-43.051782410076079088
2291	-166.213743772889444017	-42.709554619528482533
2292	-163.495184218628537565	-42.421945224573576638
2293	-158.891338297039823146	-41.780099040564337542
2294	-154.391533795826603637	-40.958494414002551309
2295	-151.827870538644560838	-40.401262120244844311
2296	-147.527212561615357345	-39.315015881733863523
2297	-143.366828137557206446	-38.075527461677545205
2298	-141.012526237607545454	-37.288168743678376416
2299	-137.084015980767844667	-35.829839079865926976
2300	-133.302455869796062871	-34.248145538346612682
2301	-131.168035989079044157	-33.275316775077783404
2302	-127.611057719256237419	-31.521337834044430792
2303	-124.187729296803880175	-29.672147778263177287
2304	-122.253700940972748867	-28.556053818947898293
2305	-119.024611975063066893	-26.576181619437953429
2306	-115.906142807158772712	-24.525312502659378566
2307	-114.138216394254342845	-23.302333960116225597
2308	-111.174338083623354123	-21.155729136506636223
2309	-108.295102112148342144	-18.958192084277641243
2310	150.565893616740908101	-35.643983259572955546
2311	154.668410263553909090	-36.722930927938321588
2312	158.874835909835667280	-37.656279431790565582
2313	161.366658090877876930	-38.129191261404606905
2314	165.714309694095959458	-38.815977789685121024
2315	170.131686282394042564	-39.338314208807780403
2316	172.727416882806096510	-39.564555534065100062
2317	177.216441173470911963	-39.817160844317157853
2318	-178.276619823192561398	-39.895824478817118575
2319	-175.654216307340050207	-39.861268306696160835
2320	-171.164445513630965934	-39.664546701068545076
2321	-166.713560937914905935	-39.296477105365084981
2322	-164.149067495473303779	-39.004977898611734588
2323	-159.799382893314060539	-38.375000767997782702
2324	-155.534795134710861930	-37.587489544233001482
2325	-153.097192060497775401	-37.059611609978134084
2326	-148.991854736759904654	-36.038697066779697309
2327	-144.997711998352968976	-34.881372311756223326
2328	-142.726223144150878852	-34.148632592076346270
2329	-138.915871112090542283	-32.794215294910756597
2330	-135.222496846040684204	-31.327185144338209000
2331	-133.126094918594247929	-30.425181917408096410
2332	-129.612769444299971155	-28.798583868152181964
2333	-126.207475236661153417	-27.082437555594708556
2334	-124.273030111288349531	-26.045754663240529680
2335	-121.026032869271972459	-24.204807290467051928
2336	-117.869866447788666619	-22.295005001608092954
2337	-116.071755829557943684	-21.154726870547499118
2338	-113.043246544494721206	-19.150721768076753193
2339	-110.084876571597860107	-17.095892979541808643
2340	151.315520815114922470	-34.300611256923751569
2341	155.383753367939959844	-35.275592889582682687
2342	159.536168429527776880	-36.109846574286869725
2343	161.987485876666767126	-36.527966172222235741
2344	166.250444368540541973	-37.126660998367341904
2345	170.565308832973073550	-37.569916739910475201
2346	173.094022396403062203	-37.754866801447434455
2347	177.457191276090156862	-37.945539484649430051
2348	-178.172298285944236795	-37.974579040415157749
2349	-175.632644426565519780	-37.917127140545787256
2350	-171.288028503423902293	-37.691679848985394585
2351	-166.982497851012510637	-37.308436921207743353
2352	-164.501107256466639228	-37.014292570270953320
2353	-160.289153777589319816	-36.390099966321137970
2354	-156.153153860706083833	-35.620826625000809429
2355	-153.785113017078089115	-35.108940474865136139
2356	-149.788824357463454362	-34.124018753100010315
2357	-145.889227442740718743	-33.012439595838188211
2358	-143.665710776596540654	-32.310325248095281836
2359	-139.925378032211170876	-31.014555360925935901
2360	-136.286346909232378266	-29.612733246985747826
2361	-134.214486845008110549	-28.751231832182188697
2362	-130.731572723375109035	-27.197854318927021211
2363	-127.342523995040068030	-25.558638322497511552
2364	-125.411381033808638108	-24.568067004782221829
2365	-122.160174585354866394	-22.808089640378351959
2366	-118.988202651168890611	-20.980838486430958056
2367	-117.175968160866901258	-19.889085320802301737
2368	-114.115420137227005171	-17.968931770825548710
2369	-111.116024829227910686	-15.998193294493409766
2370	152.559564753063796161	-31.962501095001261575
2371	156.563739146912666911	-32.760891376180552470
2372	160.620690620812979432	-33.427771378311376793
2373	163.002272733680314332	-33.753744457310425275
2374	167.122222430547395788	-34.204877098095288090
2375	171.267137329898361031	-34.516247493149933234
2376	173.685979434415884270	-34.632530068604488349
2377	177.844604367600396699	-34.720402101951464147
2378	-178.004845647518777696	-34.667141379994923511
2379	-175.598053292564799222	-34.571675204729523045
2380	-171.486007572519127962	-34.298340682164571547
2381	-167.413348801774816366	-33.889401810318119601
2382	-165.065357338756996342	-33.590426777820169946
2383	-161.075362415537881589	-32.974877027149901210
2384	-157.148142094663569424	-32.234767500658087158
2385	-154.893953017428742669	-31.748775207831496203
2386	-151.077943995544984546	-30.822596762115512803
2387	-147.337145779553253533	-29.786261063017452244
2388	-145.195471584892203509	-29.134794797847916925
2389	-141.576892618261751977	-27.936525859606806677
2390	-138.035408464715288801	-26.643795996657722469
2391	-136.009200761642972566	-25.850376584370362565
2392	-132.585962036353066651	-24.420645656937264079
2393	-129.233579320313054950	-22.912049889448983464
2394	-127.313600787364819666	-22.000085772986221144
2395	-124.064933798347169613	-20.378650514992347809
2396	-120.875615644582310892	-18.693242475113809320
2397	-119.044684746120537966	-17.685113261233297521
2398	-115.938197953771648940	-15.909832903531833992
2399	-112.876610531182450359	-14.084777474189198898
2400	153.757538287215595574	-29.580429057462467313
2401	157.691750634920339280	-30.205401948839256221
2402	161.650209320930969170	-30.709175393428214562
2403	163.961877418743199541	-30.945880386089591241
2404	167.941530817959090882	-31.254840648509070178
2405	171.923159435715064092	-31.439938338068820656
2406	174.237778199052598893	-31.490759154349227344
2407	178.204305025226176440	-31.480959176307091951
2408	-177.849824568007505832	-31.349733844071057121
2409	-175.566068312619307790	-31.218290820437012201
2410	-171.668859354441337928	-30.899586287334056323
2411	-167.811267500072062830	-30.466123040844010461
2412	-165.586733315204867267	-30.162368682921805174
2413	-161.803042858643436830	-29.554514306996107820
2414	-158.071492825621845668	-28.841444430540782662
2415	-155.924959868424195975	-28.379652570807923695
2416	-152.281333629394168838	-27.508699147106050020
2417	-148.695063501353502033	-26.543563733214938338
2418	-146.634406268347731839	-25.940264898859798137
2419	-143.138865448127717173	-24.835202909177425568
2420	-139.699307521443586211	-23.647445048484584618
2421	-137.722537144193381664	-22.919875192774856743
2422	-134.367226120666146016	-21.610357115336800149
2423	-131.061466127704733253	-20.229565899197343271
2424	-129.158995785840005510	-19.394889409211465647
2425	-125.924319014059250321	-17.910307527657412408
2426	-122.729337540305451171	-16.365790894085201046
2427	-120.886420741630729481	-15.441062153114810229
2428	-117.745077389621059183	-13.810805467772604871
2429	-114.631496147769396998	-12.132200714154997456
2430	154.437523651914233369	-28.170847709395857805
2431	158.328487945194268605	-28.696654346776860223
2432	162.228305512033387004	-29.107775936462200406
2433	164.499167460153756792	-29.294032046687920712
2434	168.398181960436261306	-29.523030054562063640
2435	172.287348136054959014	-29.637508994422578468
2436	174.543490549364207709	-29.651869835162152356
2437	178.403012740436992090	-29.587862246896701635
2438	-177.764369775449722511	-29.413535995179973526
2439	-175.548452196064431519	-29.262257802326431033
2440	-171.769479303625473676	-28.918597908369218175
2441	-168.030218716195690831	-28.471697335723384015
2442	-165.873706621594180888	-28.165356316828464855
2443	-162.204023954026240517	-27.561826196072839679
2444	-158.581230785932632443	-26.863765017995859807
2445	-156.494907512732567056	-26.415400472475052851
2446	-152.948447036989989556	-25.575125472448679176
2447	-149.450350228835162625	-24.649643240532128630
2448	-147.436472520982505330	-24.073237852971988815
2449	-144.012987826044366102	-23.020372400248923839
2450	-140.634476610898190074	-21.891642280690238209
2451	-138.688008741777508703	-21.201229136616611015
2452	-135.375630359915390954	-19.959790886592333692
2453	-132.101186629396437411	-18.651718142023995028
2454	-130.211607978110151862	-17.861180228316541729
2455	-126.990015334236147737	-16.455043784544255203
2456	-123.796858159722958703	-14.991654857620517305
2457	-121.949939904923127187	-14.115115960768822134
2458	-118.793271734200516221	-12.568932857515076051
2459	-115.654046082641698945	-10.975562061520635737
2460	155.582528734305299167	-25.703470445771841923
2461	159.395006225147000123	-26.062499821132398381
2462	163.191804053912676409	-26.318933045366843970
2463	165.392241562078083916	-26.421435530319840268
2464	169.154003000124475875	-26.518389330385566893
2465	172.887914821533286158	-26.517001810972036679
2466	175.046690959972266910	-26.471831368008501784
2467	178.729213827688795391	-26.319711068318991209
2468	-177.624361811137674749	-26.075717682850843460
2469	-175.519613703726150788	-25.892531052374170741
2470	-171.934062859100805554	-25.508956034531149015
2471	-168.388315410226539370	-25.040867794114674894
2472	-166.343173828083592980	-24.730679543516249197
2473	-162.860635379149158553	-24.134738590038317341
2474	-159.417272459047524080	-23.461584860521359275
2475	-157.430829553003803767	-23.035342326062423268
2476	-154.046672492937943844	-22.245497481732147804
2477	-150.697461054269865599	-21.385190730949062754
2478	-148.763404525681181667	-20.853036605754944333
2479	-145.464413900387057765	-19.886220111847418224
2480	-142.193453532545930784	-18.855100127780954011
2481	-140.301433180042351978	-18.226304900778231399
2482	-137.068172537798773192	-17.098125583877045841
2483	-133.854215576093054096	-15.911549250468549843
2484	-131.991152554060050761	-15.195019081704039365
2485	-128.800117720256309894	-13.920896540296800126
2486	-125.618582983530345132	-12.594674468278375556
2487	-123.769773358861172596	-11.799912904429815441
2488	-120.595172151110674008	-10.396920610034522170
2489	-117.419786936017942480	-8.949366068711512412
2490	156.705230841047495005	-23.171541463535270111
2491	160.434003345501395188	-23.369223782855076621
2492	164.124809163897708686	-23.477532896613240609
2493	166.254245881955569075	-23.500473569613195224
2494	169.879829788584970629	-23.472945400773607361
2495	173.462124637148491502	-23.363350643514170457
2496	175.526747735639560233	-23.262991260984676956
2497	179.039430002293016742	-23.029768325676773344
2498	-177.491525743951285676	-22.722269007806861651
2499	-175.492279162188793862	-22.510261546954126288
2500	-172.089904940663927846	-22.091081952321289350
2501	-168.727328697861679530	-21.604744826268159841
2502	-166.787738867404584653	-21.291760568136311349
2503	-163.483080160656214730	-20.704081592363959174
2504	-160.211242747836394074	-20.055127674800704796
2505	-158.320874085401158027	-19.650003248183423921
2506	-155.094067335402314711	-18.907952482457428545
2507	-151.890983464474885523	-18.109198586954047272
2508	-150.036203268500486274	-17.618818617916904401
2509	-146.862605992273216771	-16.733319456377419243
2510	-143.702349105286970143	-15.794683315462911821
2511	-141.867586046304978709	-15.224435442441379251
2512	-138.719784839725434722	-14.204246066245415747
2513	-135.574308079837607011	-13.134090680583243582
2514	-133.743033136143935735	-12.488781218097217973
2515	-130.592411508558626565	-11.342287003486568153
2516	-127.432994399719504486	-10.149479234431561636
2517	-125.588521237725728952	-9.434648808427898103
2518	-122.406589848687218591	-8.172314603069729344
2519	-119.205146468445363439	-6.868901864980313299
2520	157.351518777303766683	-21.664838119507873415
2521	161.029145726454487431	-21.771568393631870464
2522	164.656800667478847799	-21.797134522138343016
2523	166.744548702310481758	-21.775946782264615109
2524	170.291101567498259328	-21.679848969051985108
2525	173.786421489147642205	-21.511163877687547341
2526	175.797424318871435389	-21.380876315172027802
2527	179.213931828273331348	-21.103983728508445950
2528	-177.416933656792537022	-20.762637126159159351
2529	-175.476941140504976602	-20.535427824531684138
2530	-172.177283166174703410	-20.097754084693573162
2531	-168.917373817607710862	-19.602374675244796265
2532	-167.036995466593140236	-19.288369949356507504
2533	-163.832324296979209066	-18.706002960569509952
2534	-160.657294027325377783	-18.070973460038072034
2535	-158.821388538624120201	-17.677757806752524061
2536	-155.684283538613811970	-16.962412390039322219
2537	-152.565238068527150972	-16.197864017326729424
2538	-150.756436062277288102	-15.730656685099651426
2539	-147.656292408740313249	-14.890252636733199765
2540	-144.561880177049033591	-14.002956044919100620
2541	-142.761680904095328515	-13.465261419642022389
2542	-139.666411568484051031	-12.505253537650359519
2543	-136.564331766342576202	-11.500207344933937037
2544	-134.753910197194016973	-10.894856400432255228
2545	-131.631246068731314836	-9.820225175110190108
2546	-128.489484852099195678	-8.702904098142994371
2547	-126.650403145749478995	-8.033482852545045461
2548	-123.469138825057470399	-6.851396021233539635
2549	-120.257290941688140151	-5.630669500948361161
2550	158.454954624215048398	-19.012889094975903959
2551	162.040377289471280164	-18.969303285335051612
2552	165.556765289223704940	-18.859499963956846358
2553	167.572047718700076757	-18.766691864370010023
2554	170.982704141235728912	-18.560170452456837609
2555	174.330079590548763235	-18.297276002414722740
2556	176.250490335046748669	-18.119667397234167083
2557	179.505371625228320909	-17.774328382033193208
2558	-177.292560672645379327	-17.380629330330773286
2559	-175.451384757065568465	-17.130242054720500988
2560	-172.322763608826448944	-16.665000404016158342
2561	-169.233724007077682927	-16.157142509272620856
2562	-167.451961694612606379	-15.842613160824036811
2563	-164.414115928389918508	-15.270530889626908078
2564	-161.401190352201609812	-14.659403538113314980
2565	-159.656846732271390010	-14.286116849342599622
2566	-156.671312088340016544	-13.614911241361998151
2567	-153.695400279301964019	-12.906441884677981591
2568	-151.965508183632579176	-12.477100889081254920
2569	-148.992572749963215983	-11.710280742005839016
2570	-146.013769311453899036	-10.906747298443571381
2571	-144.275064517543938791	-10.422213537306703302
2572	-141.274765282600952787	-9.560655245602655228
2573	-138.253221800017968235	-8.662440823711254012
2574	-136.482616126225963171	-8.122846297801753934
2575	-133.415559611320531985	-7.166879848811234410
2576	-130.312387122640217285	-6.174808968430051337
2577	-128.487564589221136657	-5.581044602431538770
2578	-125.316130393107613372	-4.533254329338507915
2579	-122.094901729612502095	-3.451722615024572782
2580	159.555854601985885211	-16.273292348850418421
2581	163.043300239982244193	-16.088222692828502147
2582	166.444538986709318351	-15.852849848657708520
2583	168.386008759989181272	-15.694374029405002702
2584	171.660003133270294029	-15.387764517010067422
2585	174.860505075569221844	-15.040760627276849704
2586	176.691703916226259707	-14.821447013080874200
2587	179.788429900957140717	-14.416635389053759297
2588	-177.172005188637569972	-13.978469072851954280
2589	-175.426633888587787169	-13.708905023296438230
2590	-172.463526097646109747	-13.221851373329206680
2591	-169.539724552334718055	-12.705766332640854088
2592	-167.853399276670955942	-12.392470932685970553
2593	-164.977326001423449497	-11.832458494627569934
2594	-162.122247103856068406	-11.245483645146993723
2595	-160.467468122170799916	-10.891591784950829691
2596	-157.631067928502062614	-10.262509359830605860
2597	-154.797288152206931500	-9.606826432826354178
2598	-153.146447020160707098	-9.212909302520307264
2599	-150.302280709978589357	-8.514692199295684105
2600	-147.442361602313837921	-7.789117086876685470
2601	-145.767849153780872484	-7.354068620501013953
2602	-142.868479560928051342	-6.584282155549882276
2603	-139.935007706996941579	-5.785957608663544249
2604	-138.209261816572364978	-5.308048263189723670
2605	-135.207452505617169436	-4.463853123370971510
2606	-132.153483219786238578	-3.590460887057686179
2607	-130.349406742166252116	-3.068763284025321170
2608	-127.199200040166942927	-2.149644585628299520
2609	-123.979904890763521053	-1.202536078395632257
2610	160.198311818450889632	-14.634828018543919015
2611	163.625889093390469498	-14.372150312994692811
2612	166.958106760940239610	-14.068809844454658986
2613	168.855849030200062089	-13.875169681654814013
2614	172.049649524286593305	-13.515540400575368096
2615	175.164790818632383207	-13.124627513320966443
2616	176.944454289077441445	-12.883822095325871970
2617	179.950252773986875354	-12.448814075011789271
2618	-177.103188672028863948	-11.988631726179118431
2619	-175.412514600844474444	-11.709866302004407146
2620	-172.543765952983562784	-11.212945635042375514
2621	-169.714111151211113793	-10.694184589403477048
2622	-168.082188870994002627	-10.382499243585241899
2623	-165.298463025155484729	-9.830463267464315535
2624	-162.533757733204851093	-9.257775973677102144
2625	-160.930426986590020988	-8.914985510659358070
2626	-158.180057001824081908	-8.309575646768355028
2627	-155.428815089722661469	-7.683155882948439874
2628	-153.824173578304936427	-7.308747890041146889
2629	-151.055832935342976953	-6.648158748622319258
2630	-148.266717608741799950	-5.965224157738171051
2631	-146.630848195310790061	-5.557221622921953319
2632	-143.793013460602338682	-4.837610990919581688
2633	-140.914313046718547184	-4.093991968244585777
2634	-139.217030868894056539	-3.649937410509296321
2635	-136.257719289757005754	-2.867264033065703543
2636	-133.237414163341213680	-2.059488746127820402
2637	-131.448512875080893991	-1.577801277876638153
2638	-128.316167390929024350	-0.730455298720174340
2639	-125.103546673638305720	0.141179886852351055
2640	161.310271425230524756	-11.737472266258384579
2641	164.629666782238047062	-11.350870080096390424
2642	167.839395105816720388	-10.940651198958741830
2643	169.660393729568227172	-10.692405847161710497
2644	172.714715154289649490	-10.251497710084825243
2645	175.682743549375373959	-9.794469458833852116
2646	177.374100460844033478	-9.521833904560915940
2647	-179.775200771712263759	-9.042983878143775911
2648	-176.986605781309805252	-8.551968454451976953
2649	-175.388610081915203409	-8.260933594900311761
2650	-172.679516631611562616	-7.752174759296602602
2651	-170.009057213046929746	-7.232666664668012224
2652	-168.469162075113359833	-6.925398664458367826
2653	-165.841845155182681992	-6.388894588819508336
2654	-163.230615509940776064	-5.841330800504049847
2655	-161.714917914570747826	-5.517391095145004698
2656	-159.111654948717188063	-4.951355547810016411
2657	-156.502413398545343171	-4.372826497408226487
2658	-154.977722879280321422	-4.030083375047674110
2659	-152.341518111523981815	-3.430229908109891923
2660	-149.677083869700453533	-2.815823803110457657
2661	-148.109935517672084870	-2.451208164058537697
2662	-145.382809809898617459	-1.812044650958849479
2663	-142.604432816239580006	-1.156194860613629194
2664	-140.960222622707817663	-0.766537618117728803
2665	-138.081962200087872361	-0.082950791156896075
2666	-135.128499781929207302	0.618721208703715386
2667	-133.371272651711819890	1.035461344764525338
2668	-130.279667724728909661	1.765764534681628417
2669	-127.088801539753461611	2.513506286680632140
2670	162.439023389519746843	-8.728409139080719470
2671	165.642855463129251348	-8.231605824149577089
2672	168.724504348747615268	-7.728546517993844844
2673	170.466318354508388211	-7.433793147954176561
2674	173.378277124345146376	-6.925083268863500230
2675	176.197800875409171795	-6.414549051845372496
2676	177.800636199722589481	-6.116905104835018037
2677	-179.503288917241945910	-5.604894420409889833
2678	-176.871348603442498870	-5.092273906642305725
2679	-175.364995925103187346	-4.793626151139081415
2680	-172.813495547983876577	-4.279756818585938483
2681	-170.300040982173641169	-3.764592614542074500
2682	-168.850940845695276948	-3.463949769275778579
2683	-166.378155375980014696	-2.945488402163025210
2684	-163.919024881091814905	-2.423973668725333486
2685	-162.490475901788386182	-2.118716528712103919
2686	-160.034168406290774556	-1.590601462698173041
2687	-157.567795590655748583	-1.057110991947991074
2688	-156.124097863400493225	-0.743767671616818116
2689	-153.622842055883751300	-0.199792517812440590
2690	-151.087303401687847781	0.352058514268964950
2691	-149.592014258017002248	0.677224993102513606
2692	-146.982214174065433099	1.243400605199849407
2693	-144.312349976695742271	1.819678522763463979
2694	-142.726696327505152340	2.159979791192911502
2695	-139.940095836924939476	2.753476422994712625
2696	-137.065459007618358100	3.358282090052370883
2697	-135.347426014209588629	3.715470589212380048
2698	-132.310206149934970199	4.337865179117776471
2699	-129.155285744408274695	4.970437984258226471
2700	-72.276627215899026169	-41.696163979338209060
2701	-68.740644364123113519	-39.927396806752035729
2702	-65.504420882822529393	-38.125151521847406855
2703	-63.743192723560817115	-37.066463748774438614
2704	-60.902250221888401427	-35.237483922045775842
2705	-58.267439685661841509	-33.402037245051374725
2706	-56.817202992446098619	-32.332726004450776713
2707	-54.450426321665879925	-30.495289809560880201
2708	-52.221746355493088743	-28.658579714211938949
2709	-50.979942605817193169	-27.589893511649293600
2710	-48.928458365092197369	-25.753209084641046189
2711	-46.966553995572503766	-23.914165604575103430
2712	-45.859948220263696328	-22.841688457674525381
2713	-44.009607121679266584	-20.992905643771230473
2714	-42.212963181710783545	-19.133249777695187532
2715	-41.187386001514695977	-18.044288362451801788
2716	-39.452150388217233967	-16.158642564806093844
2717	-37.742035908906501618	-14.250423161230772351
2718	-36.754361160423393073	-13.127439085935817431
2719	-35.063713138306070505	-11.172865250946518501
2720	-33.372920607464472198	-9.181829779420052517
2721	-32.385027836984704663	-8.003981023850643695
2722	-30.674303716681269094	-5.943269038651740388
2723	-28.938150632029380205	-3.830660702381067928
2724	-27.911890935396908020	-2.574800621613670959
2725	-26.113803231300789065	-0.367437354548964701
2726	-24.261650227766875076	1.907724229307914632
2727	-23.153806255843420558	3.265375238886504938
2728	-21.189428982176607974	5.659460206048479769
2729	-19.134990033010069510	8.135111979062269683
2730	-75.948742913008189248	-40.088328342672348015
2731	-72.405958675348983888	-38.302100903991473047
2732	-69.137809106453744334	-36.473179665887862200
2733	-67.348918718362511981	-35.394726071250218524
2734	-64.448267722222368548	-33.524810463979846986
2735	-61.741769230918869482	-31.640247224707493956
2736	-60.245555600178747113	-30.538933387551168153
2737	-57.794129114115257551	-28.641291406382528351
2738	-55.475251827405202221	-26.738626435150969485
2739	-54.178969905634886572	-25.629295381989759761
2740	-52.031190670841738211	-23.719536840405591960
2741	-49.970251770884665632	-21.804116623200066272
2742	-48.804969166313036055	-20.686020428818832073
2743	-46.852273106710711659	-18.757431330002461323
2744	-44.951529092341601768	-16.816900237793404926
2745	-43.864611642497052912	-15.680712580420477664
2746	-42.022699005552240692	-13.714232208845080763
2747	-40.204248249805210946	-11.726335290549489088
2748	-39.152718368464036303	-10.557880641307063385
2749	-37.350864612347621119	-8.527403981752213369
2750	-35.546819902428502758	-6.464217316812261416
2751	-34.491985491027747912	-5.246575003732894871
2752	-32.664300787853100871	-3.122165068781530550
2753	-30.808509107315138920	-0.953050526028240585
2754	-29.711280483023053023	0.331731012102438216
2755	-27.788762791441733668	2.580710452990503168
2756	-25.808814058206998254	4.885475112102216855
2757	-24.624954439632009695	6.253908333222984339
2758	-22.527026535829726583	8.653692428949037563
2759	-20.335247469055673264	11.116391204197540787
2760	-79.323834987520967843	-38.433138957007422221
2761	-75.801644786370147244	-36.621968275962231587
2762	-72.528569300905033401	-34.761544206135290835
2763	-70.727178187662786968	-33.661549635942634495
2764	-67.791539862987619358	-31.749119542572795893
2765	-65.036139493541142542	-29.815383358388459101
2766	-63.506267425660062997	-28.682602668654773481
2767	-60.989733352118847165	-26.726471681028812100
2768	-58.598208749413316809	-24.760402372530339932
2769	-57.256789557973256422	-23.612235505644978417
2770	-55.027358022502220081	-21.633002144769871933
2771	-52.880373576397325053	-19.645377539628700703
2772	-51.663270189273163169	-18.484345077239598965
2773	-49.618886930037291449	-16.481001012020435326
2774	-47.623417979138046974	-14.465230132579357303
2775	-46.480070346584120955	-13.285383271186194776
2776	-44.539055839361395783	-11.244732099647984924
2777	-42.618842877292728133	-9.184557397092333986
2778	-41.506860223995573733	-7.975306857764066670
2779	-39.598976753983315291	-5.877642847072289456
2780	-37.686075547290194265	-3.751943976815303561
2781	-36.566527119345970220	-2.500566806566942635
2782	-34.625187422910414625	-0.323669667611769574
2783	-32.652458697557840139	1.889714054197518811
2784	-31.485580811872317497	3.195828515701063299
2785	-29.440511283722592850	5.472624508884257111
2786	-27.334212712969677028	7.792334786421951875
2787	-26.075009963889289821	9.162698515918377140
2788	-23.844455026840684297	11.552607591657825026
2789	-21.516051964410547015	13.986645751249723091
2790	-81.165712345715419929	-37.454191775793184149
2791	-77.665625993736554733	-35.624891197379142227
2792	-74.400062191623788976	-33.743587067027384307
2793	-72.597378646471042885	-32.630008670620924249
2794	-69.651353364284474878	-30.691680813540369144
2795	-66.876916566787329543	-28.728865745450828939
2796	-65.332638904666382018	-27.577773274199927300
2797	-62.786560486280826865	-25.587996978102932388
2798	-60.360381255167176562	-23.585845283159429187
2799	-58.996800372919004474	-22.415721803557129732
2800	-56.726355338486662561	-20.397423278615669062
2801	-54.535134212938565668	-18.369447917716005492
2802	-53.290980107859546422	-17.184532807741305760
2803	-51.198105963536171714	-15.139808070808944862
2804	-49.151819449479241086	-13.082664855818967098
2805	-47.977898400235659437	-11.878953785777923713
2806	-45.982718251506383922	-9.798041103307951971
2807	-44.006333765641564071	-7.699041430318028567
2808	-42.860748038119602654	-6.468096636722485471
2809	-40.893554061011421652	-4.335144452064239040
2810	-38.919322160486380824	-2.177265320808246418
2811	-37.763126467630613092	-0.908882708597222089
2812	-35.757126459849949640	1.293730187274230392
2813	-33.717521931224133880	3.527656539220365595
2814	-32.510665728131023400	4.842977978717337706
2815	-30.395024296262040053	7.130189750870271403
2816	-28.215710402507571786	9.452558294128529326
2817	-26.912866717418427953	10.820446812890246235
2818	-24.605346283222466752	13.198372873885920953
2819	-22.197519826463711468	15.609578241350556382
2820	-84.143295130222597322	-35.753134145704095204
2821	-80.695029340008190388	-33.886543163735815654
2822	-77.457157102664396575	-31.964788007756233412
2823	-75.661001842171174303	-30.825870509536432706
2824	-72.712044555782924249	-28.840631417253408841
2825	-69.919339309088584855	-26.826578571225191183
2826	-68.358389537963788030	-25.643739105974997727
2827	-65.774758619673264093	-23.596352078146821896
2828	-63.301313075993967061	-21.533163091868438244
2829	-61.906349408145615598	-20.326182402515293290
2830	-59.576157409674330268	-18.242736195590246950
2831	-57.318672690363186462	-16.147967890846249617
2832	-56.033270803902418322	-14.923740468444846030
2833	-53.865336227738268349	-12.811287059541427880
2834	-51.739103684906446290	-10.686947463433106975
2835	-50.516548798946260490	-9.444737912095321875
2836	-48.434356578487609113	-7.299376807755080243
2837	-46.366740560722405462	-5.138949827165668616
2838	-45.166153338984727839	-3.874065800412363370
2839	-43.101197152757812603	-1.686673612826909974
2840	-41.025063861111505048	0.519717249651727498
2841	-39.807631704279195617	1.813103070230500879
2842	-37.693028470988629408	4.052208286429806350
2843	-35.540441797936111357	6.313207240128048348
2844	-34.265766373655665689	7.639343898498707652
2845	-32.029967955095180798	9.935546865354549340
2846	-29.725836633484345128	12.253309447531389509
2847	-28.348188883214923806	13.611553329070263274
2848	-25.908450883920121299	15.959689325628760415
2849	-23.363892091340318302	18.322782846638212106
2850	-86.910981282917916246	-34.035274913575307210
2851	-83.528404507598196460	-32.124017908092980633
2852	-80.333664789802796236	-30.156101886067379070
2853	-78.553416732428388514	-28.989255462305621336
2854	-75.617873200866654315	-26.953824196192279317
2855	-72.823113466418789130	-24.886597550911297105
2856	-71.254719570162123432	-23.671441228603161022
2857	-68.648854823206590936	-21.566320470113147678
2858	-66.142628558662380556	-19.442941310528311760
2859	-64.724281081901608559	-18.199998802372959972
2860	-62.347296213694001210	-16.053574237819180581
2861	-60.035472130499748289	-13.894922250259057250
2862	-58.715282875816740216	-12.633396903643207665
2863	-56.482568117630023607	-10.457206704471982306
2864	-54.285647125084544484	-8.270318847831118703
2865	-53.019384736491105059	-6.992615089089633251
2866	-50.857871313312493555	-4.788481251264849803
2867	-48.705762571282967599	-2.572953807971084750
2868	-47.453669871853350060	-1.278112787203684597
2869	-45.296248138279651130	0.956364721040050991
2870	-43.122639167636400259	3.203278688459683998
2871	-41.846157889537359154	4.516738305033103806
2872	-39.626064763173260985	6.783418664950100485
2873	-37.362823847146707124	9.062073141828138390
2874	-36.021337640436883021	10.393355296568334012
2875	-33.666550024802312180	12.688577610771856641
2876	-31.238100703300283101	14.991627111148206453
2877	-29.785657250015656672	16.334368958155394580
2878	-27.213285481828695112	18.642874793993129856
2879	-24.531120466943207248	20.948570779444523282
2880	-88.436436135014758975	-33.030144277826906318
2881	-85.097107074747526667	-31.089751660885411866
2882	-81.933311306528437967	-29.092470421770926237
2883	-80.165966680324672211	-27.908207074273079229
2884	-77.244728977487852717	-25.842048485452959738
2885	-74.455381106421597792	-23.742929570210613122
2886	-72.886480682758886473	-22.508657302870645367
2887	-70.274125434989485939	-20.369788556528927614
2888	-67.755028094950560558	-18.211672024395653580
2889	-66.326542828932005591	-16.948155638248383781
2890	-63.928011651557497430	-14.765981815740977012
2891	-61.589867192528309658	-12.571397223672093446
2892	-60.252333704067815745	-11.289038978194094298
2893	-57.986574431369618310	-9.077498673587875544
2894	-55.752747775242134765	-6.856246531085470330
2895	-54.463316414984127789	-5.559202821943451944
2896	-52.259199651030982636	-3.323346764215551641
2897	-50.061053891812640870	-1.078504687745937884
2898	-48.780617433295660135	0.232047841381221004
2899	-46.571856029801047328	2.490768519449380936
2900	-44.343579595658916048	4.757869429598464706
2901	-43.033745546437160101	6.080934710810868005
2902	-40.753683169584263624	8.359944200594132013
2903	-38.427075956667870571	10.645000601967719689
2904	-37.047132467658222765	11.976972942961435109
2905	-34.623535273940838408	14.267623537470434769
2906	-32.122825196954863713	16.558126001676747308
2907	-30.626753975937543117	17.889571979472886909
2908	-27.976789120360379570	20.171257871227638248
2909	-25.213881433063519921	22.440091419531096761
2910	-90.928486625923454767	-31.296471457746896760
2911	-87.670243305037161008	-29.301148847816065768
2912	-84.567876447452533739	-27.249464692938410337
2913	-82.827998960425702535	-26.033413271581082427
2914	-79.940996139042326263	-23.911996731314307141
2915	-77.171001403269102070	-21.756514249558367879
2916	-75.607150916076818703	-20.488875140648669770
2917	-72.993775445508006783	-18.291748792889585218
2918	-70.462485255025839592	-16.074406584323181590
2919	-69.022201147476991423	-14.776119089101396042
2920	-66.595962746256901710	-12.534009722580082169
2921	-64.221400981772518435	-10.279753853502592520
2922	-62.858931759580109144	-8.963052473452668423
2923	-60.544273836149784529	-6.693668167743585862
2924	-58.254273810041240722	-4.416741912256863856
2925	-56.928939548250440339	-3.088637004565693456
2926	-54.657791918660201702	-0.802338598662266866
2927	-52.386016887381444462	1.488408482445757075
2928	-51.059737720109033887	2.823186667420815699
2929	-48.767106080065239837	5.118531034515852340
2930	-46.448516833093087541	7.414979866222126681
2931	-45.083145491466694921	8.751322769978058247
2932	-42.702506864639389050	11.045807662022721019
2933	-40.268759285140006909	13.336014602267846740
2934	-38.823417104318856730	14.665739962435255350
2935	-36.282198939681443051	16.942661194046433337
2936	-33.657255844858717353	19.205869774526387772
2937	-32.085881849862659010	20.514688822039889970
2938	-29.301537263792788224	22.745075632080990147
2939	-26.398311228899306258	24.945898988691567411
2940	-93.277268968220198531	-29.556198674168943086
2941	-90.106864330341991831	-27.500515958075894218
2942	-87.074556030184893984	-25.389987118258400045
2943	-85.367827868014657611	-24.140042838408390935
2944	-82.525645525707346906	-21.960586237655057573
2945	-79.786288524321719251	-19.746993364265978954
2946	-78.234241818639560506	-18.445429505577312312
2947	-75.631576721953052811	-16.189833460781549945
2948	-73.099780559898647425	-13.913937482104419274
2949	-71.654400896933154286	-12.581648319734599184
2950	-69.211694775985151296	-10.281527117879020850
2951	-66.811490798733260021	-7.970225634359919376
2952	-65.430099866229085137	-6.621006890081251761
2953	-63.076374673642988000	-4.297386431020482789
2954	-60.739334346264442388	-1.968940831097253819
2955	-59.383066088801562898	-0.612423296612623513
2956	-57.052793625121779542	1.719406117311474302
2957	-54.714456629912639585	4.050737009472437755
2958	-53.346045287380363220	5.406477379590143961
2959	-50.975202235088772795	7.732592977308906157
2960	-48.571024778666526345	10.052285704060103910
2961	-47.152424400776958180	11.398267839236867260
2962	-44.674401350607652716	13.701887370967186897
2963	-42.135712259829176674	15.990875655267398514
2964	-40.625790771565284842	17.314677392911292486
2965	-37.967571558232165785	19.571686972071507427
2966	-35.218037541399169754	21.801706545395560966
2967	-33.570718498805099728	23.084657773356838106
2968	-30.650191747263001218	25.258609890542746967
2969	-27.604050972702079747	27.386976738544330345
2970	-94.586596047529226894	-28.540646419578472148
2971	-91.469760515649852550	-26.447677203300926863
2972	-88.481514797997874666	-24.301136248645214266
2973	-86.796304327457818317	-23.030634687401775551
2974	-83.984443506749855146	-20.816316058896443764
2975	-81.267539231310180980	-18.568257284054276113
2976	-79.725173284163915355	-17.246769959975360109
2977	-77.133696117908570500	-14.957159911761648274
2978	-74.606626517583947589	-12.647586657899662299
2979	-73.161197648197045851	-11.295907493389670151
2980	-70.713855181418338702	-8.962971519725279279
2981	-68.303537820447985496	-6.619721273133561290
2982	-66.913847619923345178	-5.252432728187389266
2983	-64.541864297353555457	-2.898912231460688549
2984	-62.181656279410830734	-0.542367858657463842
2985	-60.809694740867463736	0.829499665078332171
2986	-58.448716765687855457	3.185658776827756888
2987	-56.074983136273260698	5.538301546355855365
2988	-54.683816977465149023	6.904847841885057846
2989	-52.270162173724912691	9.246412544306551240
2990	-49.818442900408861362	11.577122740932335176
2991	-48.369973759974890015	12.927245382484111147
2992	-45.836803760212561087	15.233668995740364593
2993	-43.238076509467695985	17.519488519083630251
2994	-41.690941334414333141	18.838453377453738824
2995	-38.964861290436935803	21.081591588686123373
2996	-36.142539479065064256	23.290186670447440065
2997	-34.450630289501333436	24.556955898538433303
2998	-31.449799963972129291	26.696333630985527918
2999	-28.319004103032288100	28.781107027296567225
3000	-96.750130328564935667	-26.790704229341852027
3001	-93.728686108307215363	-24.630549326380187125
3002	-90.820876294329949019	-22.419612197502075901
3003	-89.175918537944383502	-21.112625487827354931
3004	-86.422532077949540508	-18.836952124139397569
3005	-83.751314766804398459	-16.528914508560042407
3006	-82.229972015730751878	-15.173068122495562804
3007	-79.665563906579365039	-12.825320099739114355
3008	-77.154698207605164839	-10.458811837974664627
3009	-75.713937186868832896	-9.074625193204120421
3010	-73.266785147712155890	-6.687117095452937754
3011	-70.847132313188510011	-4.291262636501071093
3012	-69.447765987635918350	-2.894455248529689495
3013	-67.052054893386412004	-0.492479523744186076
3014	-64.659311933432562114	1.909111993970932897
3015	-63.264413849489528729	3.305354726180065761
3016	-60.857192968924074705	5.699724193894936342
3017	-58.428579041048415377	8.085249358953783272
3018	-57.001477037425047456	9.468148799121346215
3019	-54.519141496006739089	11.832431997507546484
3020	-51.989855941829226538	14.178274823259359394
3021	-50.492089299784012724	15.533341000093530582
3022	-47.866956501587011985	17.840965629916968993
3023	-45.166949303062601473	20.117922386556305270
3024	-43.556527764312619411	21.426703979521640520
3025	-40.714197390746676319	23.643033605983259093
3026	-37.766166607395355470	25.812199445355656025
3027	-35.996813147863264248	27.049827462867916950
3028	-32.855826859041336263	29.127855783293423286
3029	-29.576515685520913479	31.136269834647599453
3030	-98.819277747031364356	-25.033303953406033315
3031	-95.896644607669060179	-22.802755414835264247
3032	-93.074331601958235183	-20.524914345998521270
3033	-91.473223065274638088	-19.180338612775795326
3034	-88.785433496686508192	-16.842056452182738724
3035	-86.168005903564818482	-14.473610431497791140
3036	-84.672761466830465338	-13.083530354933659012
3037	-82.144614521937626250	-10.678481784105379404
3038	-79.659572393137167978	-8.256617298801469218
3039	-78.229202742064984477	-6.841157408527497985
3040	-75.792177269502943204	-4.401687546552328634
3041	-73.373122168778039054	-1.956384900628139967
3042	-71.969802719601091212	-0.532110738155662788
3043	-69.560006451965591623	1.914488851546955583
3044	-67.144020258658997591	4.356993727656884197
3045	-65.731383078939160214	5.775105548933744615
3046	-63.286407182480225231	8.203273787721965249
3047	-60.810740033447231667	10.617220075763789566
3048	-59.351906995772210962	12.013891165560966812
3049	-56.807434376480898663	14.396545737251512875
3050	-54.206165746604348499	16.753361927858421154
3051	-52.661863795719476400	18.111070593813682450
3052	-49.948602466774481456	20.416200454816110010
3053	-47.149908488170808596	22.680984290143147319
3054	-45.477101922221095265	23.977857792590118180
3055	-42.518975007852048975	26.164795868810202251
3056	-39.444264136744962457	28.292463932969372564
3057	-37.596239470824755813	29.499994592427917439
3058	-34.311875140329163969	31.515466488038395454
3059	-30.879501794434801809	33.446868343508270982
3060	-99.986201542976573364	-24.006268933665726450
3061	-97.122366870678902728	-21.733607912345707547
3062	-94.351808547217089540	-19.415993445607401924
3063	-92.777669446775448137	-18.049210655170494277
3064	-90.130977829945308599	-15.674204107458223234
3065	-87.548241278609310712	-13.270674976675858048
3066	-86.070335025641867333	-11.860878186121894373
3067	-83.567233860201085349	-9.423107324646817773
3068	-81.101409169119875742	-6.969971974834459516
3069	-79.679608034790859961	-5.536996232779371141
3070	-77.252901718470013748	-3.068666291559302373
3071	-74.838680342487222674	-0.596187084534948952
3072	-73.435672569773586815	0.843057370242020654
3073	-71.022126869986735187	3.313774994459133705
3074	-68.596955919089793952	5.778145678449255307
3075	-67.176448826756811172	7.207830854870810988
3076	-64.713547985984405386	9.653683778498422186
3077	-62.214276524924571277	12.082225328315047364
3078	-60.739027370173801046	13.485816999914691294
3079	-58.161614626892927049	15.877379474921506031
3080	-55.521236740757267114	18.238955898441670200
3081	-53.951243002631620982	19.597343642267631481
3082	-51.188642548542695465	21.899718000993654954
3083	-48.333852216364952881	24.156352751988453775
3084	-46.625210909717281993	25.445793497480700296
3085	-43.599941821493651162	27.614970770474812412
3086	-40.451010620706327359	29.718095933222599569
3087	-38.556561634282338957	30.908000826357842072
3088	-35.187055841142338863	32.887070423491977067
3089	-31.663181222661293646	34.773880820401338099
3090	-101.936799932820349568	-22.232423782428387682
3091	-99.175870697605930104	-19.885999880503529624
3092	-96.497238045679210927	-17.499167159028907292
3093	-94.971654073959200559	-16.093978916172282823
3094	-92.400107609496132000	-13.655914191787147161
3095	-89.882313329592150808	-11.192745020656126087
3096	-88.437624642990584789	-9.749713041357463084
3097	-85.983915489283120337	-7.257262854028218690
3098	-83.557960869015630578	-4.752456485466574954
3099	-82.155050269954529085	-3.290795101408396928
3100	-79.753471096506260096	-0.775614007573274811
3101	-77.355154169379943596	1.740500470189588311
3102	-75.957154467480236804	3.203573707176493368
3103	-73.544862753853649906	5.712350578746543839
3104	-71.111525505380313916	8.210835870257946922
3105	-69.681845639393529268	9.658401099770992815
3106	-67.195397213461063757	12.131272100504306266
3107	-64.662432752579817929	14.581705154148293602
3108	-63.162742803238444367	15.995453535474434048
3109	-60.534715652628086957	18.399605189140388006
3110	-57.832385971945264203	20.767040821427173114
3111	-56.220903684345223894	22.125452621635115946
3112	-53.377304616162440709	24.421517849848612514
3113	-50.428782252036420175	26.663094212216552847
3114	-48.659539127713912876	27.939392973529855624
3115	-45.519495834125379474	30.077830679701150984
3116	-42.242176903921865971	32.139063161499080934
3117	-40.266762819972058196	33.299056178683883900
3118	-36.747697216212387161	35.216537831334370878
3119	-33.061853384608639317	37.028020202877250711
3120	-103.829703485166689347	-20.444205065723981107
3121	-101.173757046273735227	-18.022951060809084822
3122	-98.590438917341600700	-15.566513146681502988
3123	-97.115943442479789383	-14.123027849266382105
3124	-94.624779652490744297	-11.622679761654833186
3125	-92.178178901999714867	-9.101385070993426751
3126	-90.770763778100501895	-7.626328761132544543
3127	-88.374049547164460705	-5.081810450963588188
3128	-85.996262806099551312	-2.528551939046847608
3129	-84.617343019464613008	-1.040322267287132174
3130	-82.250036001951713160	1.517725143220091999
3131	-79.877142933162517124	4.073154996082044121
3132	-78.489813122612815732	5.557439863909031885
3133	-76.088622437065396298	8.099695266925206028
3134	-73.656995919107316695	10.627730028217085234
3135	-72.223847124369768835	12.090581972756734075
3136	-69.723467920119361452	14.586219599280354942
3137	-67.166048238964549455	17.054666893870368938
3138	-65.647046791934641874	18.476537677253976000
3139	-62.976659222773946567	20.890241931016351629
3140	-60.219740370214104530	23.261163057524882447
3141	-58.570554235353000649	24.618553418341722505
3142	-55.651437303876505780	26.907126709394567854
3143	-52.613159881105460158	29.133259152540084358
3144	-50.784840472689502633	30.396557487241491202
3145	-47.531131431991362035	32.505102692005927167
3146	-44.124449484046657233	34.525991069558827462
3147	-42.066483259270526673	35.657255680389994268
3148	-38.393330071266561276	37.515575701626431737
3149	-34.538747172550593234	39.254513603621411733
3150	-104.909588861127147652	-19.395405072160905036
3151	-102.315608854074710621	-16.930436684473846753
3152	-99.789186325813929557	-14.433652520674815634
3153	-98.345495183051312438	-12.968130730482108959
3154	-95.903345861349549750	-10.432239423193546912
3155	-93.500871963681333909	-7.878157775484498693
3156	-92.116912135781959137	-6.385217156506058700
3157	-89.756702403124805301	-3.811923473785334693
3158	-87.410630790782136046	-1.232254595385949392
3159	-86.047958177056685258	0.270295588083940830
3160	-83.704734446950553206	2.851192136779652664
3161	-81.350999439828612481	5.427284784025303566
3162	-79.972500301631072261	6.922594483202392013
3163	-77.582376947465590433	9.482063054265481128
3164	-75.156430347009745674	12.025082326602868577
3165	-73.723998083424334027	13.495598187068605256
3166	-71.220176611007772749	16.002510221562900483
3167	-68.653074017268593821	18.479704388697957285
3168	-67.125391832207768061	19.905425842614313581
3169	-64.434523051695634877	22.323452710527078580
3170	-61.649624897618686248	24.695545540555620789
3171	-59.980477227031414600	26.052032075602813421
3172	-57.020337159348152056	28.336054183145108709
3173	-53.932024299989976157	30.553443745391025033
3174	-52.070211968806816571	31.809515948525572071
3175	-48.751106852508833356	33.901567619316644198
3176	-45.268806791823067215	35.900241427896020241
3177	-43.162061527290859431	37.015662747399808552
3178	-39.396992790322990174	38.841238954699498720
3179	-35.440731265888423707	40.539786563425693089
3180	-106.735400661389206789	-17.576640242150769922
3181	-104.249305408006634366	-15.036852387853736346
3182	-101.822933237915734139	-12.471632809732430047
3183	-100.433895321595926475	-10.969043957779511800
3184	-98.079571174538543232	-8.373924587168152911
3185	-95.757299090644721673	-5.765926221291372222
3186	-94.416527849164523900	-4.243911048120834195
3187	-92.124544392394241754	-1.624399818493055037
3188	-89.839107162990075039	0.997008303924806105
3189	-88.508194399610673031	2.521891609178735116
3190	-86.213375281191716226	5.137948921853308981
3191	-83.900053204305123700	7.745299730948002725
3192	-82.541275904187017431	9.257063459485845414
3193	-80.178247522320504004	11.841887404550680785
3194	-77.770388413686433182	14.406617796670122544
3195	-76.344105780253613602	15.888091210395971942
3196	-73.842858204624292284	18.410902504444791816
3197	-71.267528210479753170	20.900172508441269059
3198	-69.729722988468395783	22.331076770549348254
3199	-67.011590813579942960	24.754628102560609193
3200	-64.185967721737043234	27.127613341009904957
3201	-62.486434837903125583	28.482280617058250982
3202	-59.461717015462241420	30.758715141078283750
3203	-56.292050816796148638	32.962193291847775356
3204	-54.374657797146944915	34.206890426077471545
3205	-50.945109821390488491	36.273024968333565710
3206	-47.332693867616924877	38.236659578859502062
3207	-45.140948764691096073	39.326947998729544054
3208	-41.213929440616865918	41.100183881141148845
3209	-37.076385748880561266	42.733476971392057919
3210	-108.532869044619971532	-15.732959009738173961
3211	-106.156414846197321822	-13.119477766302440003
3212	-103.832870024742547344	-10.487755490352036247
3213	-102.500564297529834334	-8.949592897265869595
3214	-100.238414712201191037	-6.298423052746697337
3215	-98.001648323595432544	-3.640411529030595172
3216	-96.707577192028864488	-2.091898225781587239
3217	-94.490555224538539392	0.568945317364356717
3218	-92.273334993879316812	3.226726665390549087
3219	-90.978965210179566725	4.770650190007394542
3220	-88.741366706341224813	7.416016798485546069
3221	-86.477973070828710433	10.048665127315667078
3222	-85.144748236234605088	11.573429464650141441
3223	-82.819276808437919613	14.177820005846760054
3224	-80.440438060072381177	16.758809207300821242
3225	-79.026835849486531060	18.248292703505871515
3226	-76.539570800541696372	20.782446524815956224
3227	-73.967502867217589824	23.280023103815956631
3228	-72.426213714427774448	24.714341988783370851
3229	-69.691968543743129771	27.141207565986604777
3230	-66.836181378546754672	29.514024430662807674
3231	-65.111997624231349846	30.866821221614809900
3232	-62.031567540604676481	33.136591644812803281
3233	-58.787765174954401459	35.328371057637902197
3234	-56.818032929988625312	36.563560755976062921
3235	-53.281601097074563711	38.607919441680373041
3236	-49.539630568870606453	40.541696261771846821
3237	-47.261639194840213918	41.610257909561745748
3238	-43.167566071263806293	43.337478526440861515
3239	-38.839729139841800531	44.912135668037265646
3240	-109.569999670578582140	-14.646601960352930050
3241	-107.258174977899784608	-11.991116490655683080
3242	-104.995725442309108644	-9.321972257913788695
3243	-103.697364242175027016	-7.764029285209399944
3244	-101.490792622405848533	-5.082112050913707435
3245	-99.306149684769479791	-2.397199682617235261
3246	-98.040825032150095808	-0.834684906948157335
3247	-95.870451176983962682	1.847574749948292183
3248	-93.696360085717557808	4.523686059669021375
3249	-92.425435151287658186	6.076972482722765356
3250	-90.225183098675543647	8.736379440644782335
3251	-87.995260283902567267	11.380717276920943704
3252	-86.679635719816388928	12.911306891657407192
3253	-84.380967640351130399	15.524192499262339240
3254	-82.024256186045988670	18.111950240771580667
3255	-80.621198076254671605	19.604653225375294312
3256	-78.147665611522739937	22.143203917521653068
3257	-75.583223898832841314	24.643828050690679277
3258	-74.043263653688001114	26.079317828442889038
3259	-71.305365325195481319	28.507142634666706726
3260	-68.437563502244657343	30.879492925854062690
3261	-66.702101637574301662	32.231283268137957521
3262	-63.594104246761126831	34.497848788498444605
3263	-60.311267762949626103	36.684175887297925556
3264	-58.313012317209718560	37.914930993668946257
3265	-54.716708614686744738	39.949005436097934307
3266	-50.900133967142608071	41.868358482667005660
3267	-48.571579194872299468	42.926207600397383146
3268	-44.378039985111520593	44.630227445994307800
3269	-39.935037620028523975	46.174498403082715470
3270	-111.343397760041213473	-12.753583635488814352
3271	-109.144087264478173438	-10.028121041762304344
3272	-106.988759095982686631	-7.297601435434900807
3273	-105.750290136329624602	-5.707689618704583800
3274	-103.642463718502952474	-2.976910127341754198
3275	-101.551339938504355587	-0.250310439898203285
3276	-100.338041621008500215	1.333398323485482262
3277	-98.252913002927982689	4.047218547674168221
3278	-96.158741274819334421	6.749284516045315208
3279	-94.931815067592637547	8.315342484299568682
3280	-92.802683504163127282	10.993106842997846684
3281	-90.637931258697278736	13.651792548448140607
3282	-89.357326338920358921	15.189122071242556089
3283	-87.113455537721719679	17.811206563929975033
3284	-84.804145378050620252	20.405603713046492231
3285	-83.424935671480483279	21.901181741743727116
3286	-80.985256799916413684	24.443251545149600190
3287	-78.444596377197726156	26.945874903982723225
3288	-76.913267199868101898	28.381918018746851828
3289	-74.180090501845398876	30.809709479757170669
3290	-71.302531299827208500	33.180725209681128263
3291	-69.553844472867893955	34.531046698595822875
3292	-66.408457346598538606	36.793586232106974876
3293	-63.067338423509774259	38.973365921469429907
3294	-61.024405742690404963	40.198758450628915284
3295	-57.330869068901037622	42.220053241023833834
3296	-53.388839215835410812	44.120674051615864641
3297	-50.973363548553443536	45.164087089939492614
3298	-46.605590749399013362	46.835627491625061225
3299	-41.956850202488269019	48.335442905860183771
3300	-113.114279975542928014	-10.822618545693865499
3301	-111.029443584136913614	-8.030890111566371559
3302	-108.983984305676131044	-5.243680866581660105
3303	-107.807382383572289086	-3.624939852290932851
3304	-105.802360276215893009	-0.851328157708381661
3305	-103.809680528788362608	1.910231248566121254
3306	-102.651683940059925249	3.510950582100796247
3307	-100.658149353055264896	6.248781264208268738
3308	-98.651179061911875579	8.968926621626815532
3309	-97.472928990233256741	10.543086859438163927
3310	-95.423724808390176122	13.231152195514933823
3311	-93.333938857895020647	15.896236802885779227
3312	-92.094514506746392613	17.435800435905804306
3313	-89.916818198044182964	20.059674193403228770
3314	-87.667274434091609692	22.653884386297342246
3315	-86.319550726638567539	24.148709643026876392
3316	-83.927562705939692478	26.688791830658331605
3317	-81.425330997917086506	29.188997181479958698
3318	-79.911468318979686387	30.623602707295749070
3319	-77.198572625580069939	33.049067654146853101
3320	-74.327015312530690494	35.418038168921178510
3321	-72.574198956458502607	36.767271347593315056
3322	-69.406535994140170942	39.027895961731090324
3323	-66.020975401588628984	41.205160011646931650
3324	-63.940486638260537688	42.428434826931578527
3325	-60.159631847198625110	44.444036776018890578
3326	-56.098098086631310366	46.334788418438456858
3327	-53.596839555184722315	47.369633506671810608
3328	-49.051960483485132158	49.019710737857323579
3329	-44.187659716934206244	50.486771098746743291
3330	-114.147615686307531746	-9.679155251768847279
3331	-112.130365368812704219	-6.851039046602442895
3332	-110.150143327822036099	-4.033485026800126327
3333	-109.010461618240711346	-2.399700312430584681
3334	-107.067131196093029644	0.395569478857544510
3335	-105.133988873070961745	3.173897765925263847
3336	-104.009667784015093162	4.782321535235072751
3337	-102.072332118491814867	7.530208135132493652
3338	-100.119441589902407941	10.256838079907382166
3339	-98.971668343985257366	11.833339117692887044
3340	-96.973048019030400724	14.523329151128427483
3341	-94.931453768751794087	17.188147663998098125
3342	-93.718887472208777467	18.726757949957452354
3343	-91.585090576074932756	21.347974806824083771
3344	-89.376256862869297493	23.938670843350841722
3345	-88.050557720427022446	25.431245572776067121
3346	-85.693109023934027846	27.967409682177837738
3347	-83.220542826237078771	30.463973446278941992
3348	-81.721312784633227011	31.896722772219355591
3349	-79.028214726444886651	34.319631297338176523
3350	-76.168433365239053501	36.686987810211036276
3351	-74.418092848047024290	38.035736864958359149
3352	-71.245768947930486092	40.296241770601199050
3353	-67.842233456707361938	42.474028705668651185
3354	-65.744105858778866036	43.697701887889465411
3355	-61.918643583916932016	45.713611755974191908
3356	-57.791859690217457057	47.603232661495617606
3357	-55.241993428095362617	48.636187586666714822
3358	-50.593725608730757415	50.279664571788849514
3359	-45.599795977748399878	51.734019418782743571
3360	-115.934477778883035626	-7.676707513672661243
3361	-114.035133438612291457	-4.790710130777850573
3362	-112.169299802016098511	-1.926490257666575667
3363	-111.094647365715076148	-0.270374807816408491
3364	-109.260521391967742488	2.555583738465951438
3365	-107.433512816954873870	5.355709013561327225
3366	-106.369594543494926597	6.973115221919808704
3367	-104.533751030340170018	9.730763031025441379
3368	-102.679470251257086488	12.460872089584743350
3369	-101.587745323475388659	14.036919891454420650
3370	-99.683045787476430633	16.722588162255185296
3371	-97.732174983823952630	19.379507686140986067
3372	-96.570811605558446900	20.912286072858265129
3373	-94.521938800797173030	23.522057150143613313
3374	-92.393624817366145408	26.100363474184366197
3375	-91.112436947750495619	27.585674873677302088
3376	-88.826704009960380404	30.109890063299978635
3377	-86.418641096118392397	32.595902626348376430
3378	-84.952953021965697644	34.023456712493697296
3379	-82.309148628563406191	36.439499320385792203
3380	-79.485797205844249902	38.803006445309591754
3381	-77.749450483376278953	40.151019158758558092
3382	-74.586096758442167243	42.412855662361742759
3383	-71.168410167469076555	44.594967548544836689
3384	-69.049257460628069794	45.822246874644086745
3385	-65.161522337373227742	47.845355908754797269
3386	-60.933731681843021022	49.741774561274830546
3387	-58.304622969775564911	50.777465337168216308
3388	-53.481005311054900631	52.421201607688210800
3389	-48.258683310926606680	53.866522277587534973
3390	-117.744342172229266907	-5.621521575395187931
3391	-115.965314267998195419	-2.684786766885844500
3392	-114.216872065651074308	0.217894187347091928
3393	-113.209294183562803937	1.891156602718613966
3394	-111.488441685700308881	4.738330210596749303
3395	-109.772394961831594173	7.550228303417185316
3396	-108.772067118513461992	9.170602978097495139
3397	-107.043894617221766907	11.927488661207267029
3398	-105.295362669764614338	14.650456028227974770
3399	-104.264319491096671300	16.219887023747595833
3400	-102.462393224327897201	18.890775773306195617
3401	-100.612319732229806846	21.529632201734635544
3402	-99.508631089149872651	23.050855958802522139
3403	-97.556934007301123302	25.639779702128702610
3404	-95.522933121946664414	28.196973289798542339
3405	-94.295044925659354362	29.670322226825962986
3406	-92.097517891480705998	32.175285820019524863
3407	-89.772290936404417039	34.644592970472047000
3408	-88.351688489150618011	36.063986997288864700
3409	-85.778515980247263428	38.469299229491710435
3410	-83.014745740877614821	40.826886054815808791
3411	-81.306607384860825505	42.173901638197030195
3412	-78.177611039853260877	44.438460861061663820
3413	-74.771720335003365676	46.628889222374631629
3414	-72.646456005736169459	47.863413466594742829
3415	-68.720640486234771060	49.902396963189382006
3416	-64.412306128855320253	51.817452713690478561
3417	-61.713048524605873979	52.864205491164860007
3418	-56.722635051229786995	54.524751681669762604
3419	-51.268582799712291376	55.979832258295324721
3420	-118.812375312226450319	-4.398773465257973747
3421	-117.104556819749333840	-1.436450128915388591
3422	-115.425865760568768792	1.484194284903797234
3423	-114.458282057870562198	3.164686358421558765
3424	-112.805235803967306651	6.019249740637042656
3425	-111.155979903786885643	8.832832237654473673
3426	-110.194115348861771508	10.451866137907758869
3427	-108.531420188431852125	13.202986287317445502
3428	-106.847685100316766693	15.916475251670732405
3429	-105.854072790295020923	17.478984395003962504
3430	-104.116013631338219625	20.136081863786039037
3431	-102.329244140110461103	22.759395026933827211
3432	-101.262120753880211055	24.271061529944944368
3433	-99.372697612617557184	26.843187247730483591
3434	-97.400092601763333278	29.383735124096904912
3435	-96.207409528924202391	30.847752639785909423
3436	-94.069157240651136931	33.337778683493425547
3437	-91.801105735070720471	35.794132331599932684
3438	-90.412466715715552823	37.207168025901395936
3439	-87.891150858323101147	39.604017578723890836
3440	-85.173985044190800409	41.956754082815045592
3441	-83.489737184087644550	43.302809379830016212
3442	-80.394401610987515028	45.569175300301893117
3443	-77.009836093734037377	47.765941243206178513
3444	-74.889605583283113788	49.006220469439654153
3445	-70.956158127084563603	51.058361111369599428
3446	-66.614183126653372824	52.989917998119835829
3447	-63.880588221991985165	54.047225865394757705
3448	-58.800807123806642096	55.725999262289477088
3449	-53.213287310298014177	57.196693055751119061
3450	-120.680238633228412937	-2.247897974608550342
3451	-119.096940817016360370	0.750362763323469628
3452	-117.540633595202208994	3.693062754925584557
3453	-116.643437563954407210	5.380579009477546748
3454	-115.110138068402847011	8.238236363495181180
3455	-113.579412720410374504	11.044847939310106000
3456	-112.686101861303484384	12.655778392378731922
3457	-111.140668248270429785	15.387017966290601478
3458	-109.573761652341588047	18.074333679689082999
3459	-108.648039567788444515	19.619274239925296399
3460	-107.026591076539602909	22.243116838346931985
3461	-105.356499021870121169	24.830473648539314269
3462	-104.357339250644329809	26.320505724261419545
3463	-102.584774799149002433	28.855152343457191932
3464	-100.728988618355188578	31.358980010307252684
3465	-99.604147323710890305	32.802502479257007906
3466	-97.581836387671231137	35.259721914928753961
3467	-95.428182632416977071	37.687456656089345586
3468	-94.104919539321699062	39.086287679222053271
3469	-91.692649723830271569	41.463827093290852588
3470	-89.078194483330634057	43.804774185369261374
3471	-87.449464528973223310	45.147894225204915131
3472	-84.439052824595378866	47.416652737855933708
3473	-81.120804382731421356	49.625856040354491938
3474	-79.027438139189584376	50.878151430334284555
3475	-75.112958541593485506	52.958999991925104212
3476	-70.744442409197318966	54.928498982374961201
3477	-67.968441015752631529	56.011271518436814176
3478	-62.757905085028390602	57.737036472418772348
3479	-56.951929425214586900	59.253860383089659081
3480	-122.599472164330563828	-0.028840140732883646
3481	-121.143572031160829283	2.993416638865457280
3482	-119.712924539301127425	5.945353671371321091
3483	-118.888237022323480119	7.632156081185784480
3484	-117.478752086818786893	10.479320948245266720
3485	-116.071236552013800747	13.265205680476935157
3486	-115.249522284039031206	14.860025220429657011
3487	-113.827201432922109348	17.557727364353102217
3488	-112.383867844180443285	20.205445457668144371
3489	-111.530427609362519092	21.725149484333147853
3490	-110.034046660869634593	24.302860741734967576
3491	-108.490401718404015696	26.841812964925619411
3492	-107.565580635423387434	28.303183290778925141
3493	-105.922183088959243946	30.788683858540650817
3494	-104.197486370124209998	33.244689465049631849
3495	-103.149826978086551321	34.661544340028392241
3496	-101.261544099142994924	37.075913330368493348
3497	-99.243325785700420738	39.465811648494693031
3498	-97.999231103972960000	40.845524378869370707
3499	-95.722722988204225203	43.196249456404586908
3500	-93.241972090996782185	45.519365311482324898
3501	-91.688971477981922931	46.856867514293348620
3502	-88.802222818331756571	49.125193576481493096
3503	-85.594227377138039969	51.346817405291005798
3504	-83.555578409061908474	52.612711146382125094
3505	-79.711108521750361433	54.728312217340970847
3506	-75.369051077932596172	56.746797226965263405
3507	-72.580777436428533633	57.864110653796991812
3508	-67.285601591291779755	59.657444964283655509
3509	-61.292164399296488853	61.247339489628842557
3510	-123.745000753936835736	1.296286476197051396
3511	-122.364618615398129009	4.326102088439688131
3512	-121.008627956265314651	7.276680739436542034
3513	-120.227110432244970184	8.959061032500500232
3514	-118.891522486338516273	11.793173986643791906
3515	-117.557803059335057583	14.560062656427799510
3516	-116.779106917796298148	16.141508604864107213
3517	-115.431020393527035139	18.812929571620170321
3518	-114.062574971680305680	21.431007855675364482
3519	-113.253134982222661620	22.932274904702609319
3520	-111.833268540675163649	25.476857744787338333
3521	-110.367533562043064421	27.981570061090312862
3522	-109.488806192493541403	29.422826211170605148
3523	-107.926074188919656649	31.873996211616724139
3524	-106.284090822634595952	34.296662963789444234
3525	-105.285585947438846688	35.694899082168262794
3526	-103.483585841122362581	38.079204521857782595
3527	-101.553954471583551822	40.442244337881120941
3528	-100.362417530099875762	41.808171531230662765
3529	-98.177664513466922358	44.139055930861815114
3530	-95.789830570226115469	46.448098195765211926
3531	-94.290943522946378152	47.780500532503822342
3532	-91.495853193545769955	50.046150348786198947
3533	-88.375111772125919174	52.273772450689804714
3534	-86.383403271655168965	53.547576923063672893
3535	-82.608402897411764343	55.684969648567737011
3536	-78.313362351018724894	57.736033113270259776
3537	-75.537023499034873453	58.877224831806529437
3538	-70.224335806175872676	60.719203121760301656
3539	-64.147677367354674516	62.364854652338074459
3540	-125.771511357257040231	3.634644420178367419
3541	-124.523289169044005575	6.664705024836332647
3542	-123.298173522573648597	9.599835444443366228
3543	-122.592458540806461542	11.266928470038223509
3544	-121.386880223440215332	14.065457370032977025
3545	-120.183365854838825726	16.786756806519587570
3546	-119.480768135559500820	18.337829511465319143
3547	-118.264390596094898456	20.951681897235413743
3548	-117.029378733706437288	23.506823800179386552
3549	-116.298633947844891168	24.969613263649456769
3550	-115.016200927146357458	27.445911822646682054
3551	-113.691261257626891279	29.880812592250880044
3552	-112.896286549080997474	31.281281122849257770
3553	-111.481035154215859961	33.663020176370118008
3554	-109.991631482768866590	36.018256665928717553
3555	-109.084535163833052707	37.378724220213065621
3556	-107.444496330973507270	39.701664003944614478
3557	-105.683457816337238455	42.009141073103293706
3558	-104.593232233879746218	43.346062882947833828
3559	-102.588079906591303825	45.634070444684184054
3560	-100.386450663119035198	47.910754050753780575
3561	-98.998529770702816677	49.230024774482643579
3562	-96.397004341648795389	51.484516275487322901
3563	-93.469916249651703311	53.717578833980340391
3564	-91.588344551456927434	55.003227448348269490
3565	-87.990957798075655205	57.177619508306698037
3566	-83.844620883276476775	59.288588785646375356
3567	-81.132165197163686798	60.475729947649611518
3568	-75.867293639416629958	62.415461164550322337
3569	-69.721202231325762000	64.179692738455941026
3570	-127.884264219917653804	6.054729110259931879
3571	-126.771204157191647255	9.066516069285146529
3572	-125.680121097581064760	11.967543956551635276
3573	-125.052149553033274287	13.608573930039666422
3574	-123.980149271706466152	16.353317388890570072
3575	-122.910779335529880996	19.011368464704517578
3576	-122.286781437328912148	20.522080964403048853
3577	-121.206843033715713887	23.061732471380302911
3578	-120.110648315519881635	25.537968280578212443
3579	-119.462089461738358409	26.953275987298120242
3580	-118.323817946159110193	29.346272781537230401
3581	-117.147501038291622422	31.696846301711282479
3582	-116.441436975045590430	33.048273150345565341
3583	-115.183767029520993219	35.346665209247888129
3584	-113.858926401484680468	37.620810393233163893
3585	-113.051256475480101926	38.935642025548027334
3586	-111.589129184337835454	41.183794814109724314
3587	-110.015987033515258986	43.422376997073321547
3588	-109.040193141218978212	44.722575086597977645
3589	-107.241169182879488631	46.954554778274356863
3590	-105.258497060977589399	49.185995770575118513
3591	-104.004139487186336055	50.484860112061852533
3592	-101.642513771595787375	52.716363747078879953
3593	-98.967107130738526166	54.944448692424707303
3594	-97.235990099721533397	56.236898848980395371
3595	-93.898899765078738255	58.442303950575180238
3596	-90.003318642616221723	60.612223323158623600
3597	-87.423628823763550599	61.848061902520967692
3598	-82.339603047161844529	63.898108386484636867
3599	-76.266640121672381269	65.806506646712207953
3600	-78.615267868235960691	67.184794874854887325
3601	-79.590865745674378218	70.372896156980530691
3602	-80.870870311788507934	73.440398139873437344
3603	-81.822618703941088825	75.172997963382371722
3604	-84.018869915188588493	78.062698316756055306
3605	-87.446157657367635352	80.840511473661763375
3606	-90.498476215883513873	82.399656301787317148
3607	-99.809994781196209601	84.938401503489600941
3608	-123.961638729711623341	87.068021391916673224
3609	-155.081325328121977236	87.705479956432114363
3610	151.782612087015564839	86.788553386079726693
3611	131.922842993971329406	84.663322914196413649
3612	126.522122913666350996	83.297488940342176988
3613	121.108180570943105181	80.884486647481168120
3614	117.973554856003744362	78.436237941909354277
3615	116.690358139287511108	77.002194410758349363
3616	115.032210899065518106	74.524102162781574066
3617	113.818200789615517010	72.025518056723456084
3618	113.248222631938830318	70.559722448792896898
3619	112.434187002520815213	68.016273594795677582
3620	111.773530976429725570	65.434513239558427244
3621	111.441839470725710726	63.910925449760242145
3622	110.941673627593189622	61.250717026377948571
3623	110.510855007240124337	58.528862029513170739
3624	110.285481530274381612	56.912512684604550373
3625	109.933399941660468357	54.072914684851909328
3626	109.617663048479712984	51.145620916844471537
3627	109.447650403333085478	49.397429170314481439
3628	109.175086421878134502	46.309861048011292439
3629	108.923128625997165386	43.107363840516406128
3630	-84.917388521028726700	65.225548544919931260
3631	-87.017478602772669660	68.395031193103704936
3632	-89.698235417298192829	71.435230123729752449
3633	-91.634002910429998678	73.142530713369268369
3634	-95.906047425907644310	75.958726712862755903
3635	-102.018401000288235991	78.596899333559093748
3636	-106.905678623059444021	80.024063851681106030
3637	-118.997278454558411909	82.195848710472972698
3638	-138.147465206015226613	83.770937936862623019
3639	-152.919409727106824448	84.240803289594850867
3640	-179.870408146088180956	84.049752825870598372
3641	159.195372120543424899	82.773996771830226749
3642	150.647162329641275846	81.721122669437718855
3643	140.429355968696370383	79.624300613087228840
3644	133.771786351183550323	77.324160642563526835
3645	130.908878262743684218	75.930393533520117444
3646	127.110129598394038908	73.472150066229389154
3647	124.269951952532892392	70.952471767147883952
3648	122.922605526490883676	69.461898988361014062
3649	120.985977121987531291	66.861374248491088679
3650	119.405713882672984028	64.210243365186045139
3651	118.610102402674712607	62.642718287314615111
3652	117.408284896895864335	59.903663267659538860
3653	116.371663716653870324	57.101616999928708651
3654	115.829048325690635579	55.439162130492974256
3655	114.981154273929703891	52.523193214045107879
3656	114.220787044992732717	49.525437179292431722
3657	113.811438740218392240	47.740022885849221268
3658	113.155398253629343230	44.596883703454047065
3659	112.549310176765942515	41.351895743840124453
3660	-90.126486408486897517	63.121390247987825717
3661	-93.009278297034711613	66.214023356882279359
3662	-96.581207053061405077	69.162695122335151154
3663	-99.082233480452202912	70.805069181245357868
3664	-104.363960328007195244	73.479069736903639409
3665	-111.356286157651695135	75.920869485398071674
3666	-116.493821380887169425	77.202817420679608063
3667	-127.717931291246529213	79.078384038991700322
3668	-142.421079622201006032	80.380859599325646059
3669	-152.381461285059771171	80.792464346134579500
3670	-170.313840771751699776	80.811587786803073641
3671	173.376038851254264728	80.000027884276462942
3672	165.404567086989089830	79.218805879757638877
3673	154.437780267955389490	77.498693466711586098
3674	146.320952004272271552	75.453153737054904582
3675	142.586667729842559993	74.161509737020907096
3676	137.414626982985311088	71.819674273468010028
3677	133.398044839267583939	69.361814259663532312
3678	131.452234242743401182	67.889094606933483078
3679	128.614736874444815840	65.296775739471399902
3680	126.267793535357611745	62.633478225066973266
3681	125.076748404808398618	61.052370324215353037
3682	123.267111107741158094	58.282646791489497673
3683	121.697361811308013557	55.444608659510620896
3684	120.872863597172070627	53.760320495172010169
3685	119.581178739406951195	50.807674615383149330
3686	118.419916137279571444	47.777030005907668908
3687	117.793797655962919180	45.975410729663465759
3688	116.789233461114378088	42.811444930361645334
3689	115.860201376590723044	39.556942796045795774
3690	-92.745219053920877172	61.854287672708068158
3691	-95.961763419666468167	64.884094962397298900
3692	-99.881157108070269146	67.761576082241148811
3693	-102.579903584830134378	69.356602473199387759
3694	-108.151799341177238034	71.935474808077216835
3695	-115.260753315218750004	74.261659123564371043
3696	-120.295897310188379947	75.467509252694256361
3697	-130.798949433057543956	77.207852142108762905
3698	-143.756304974270022967	78.404989549942897042
3699	-152.220403508914017721	78.793579987510966589
3700	-167.346028485154590726	78.869846905722667429
3701	178.409394519647094057	78.217417897422720330
3702	171.083470501517439288	77.548359401750659003
3703	160.463997273433307100	76.012473513772988554
3704	152.142316981507576656	74.116346858878671355
3705	148.175665022003727245	72.893131600026322303
3706	142.540925010017673458	70.640325260024511067
3707	138.058174957377900682	68.241965045851770810
3708	135.855463209002039093	66.793220951482823011
3709	132.610098087979622505	64.228093946395262037
3710	129.898702414325924792	61.578691600821599650
3711	128.514251475962282711	60.001223368920818757
3712	126.400976443543683558	57.232447456087740534
3713	124.559270312321444862	54.391099465016004899
3714	123.589093308426683393	52.703903141673734467
3715	122.065703383689594830	49.746040701513450699
3716	120.692930798452223939	46.711568378843551841
3717	119.951675740348733257	44.909072355496704176
3718	118.760994958232714680	41.747063319869489817
3719	117.658540107396476060	38.500260327127293181
3720	-96.668083181309569341	59.632552482774975999
3721	-100.302784004843005050	62.533312840924800469
3722	-104.615750777671408400	65.269754579713122666
3723	-107.510050169685953847	66.774977493024920250
3724	-113.291657148212252082	69.183554978426059279
3725	-120.302999030547340453	71.319791326092897066
3726	-125.040557566499359154	72.409703968922187300
3727	-134.403207057910833555	73.959302853449273130
3728	-145.231363382754580016	75.017506089396860602
3729	-152.045815854794710731	75.372378543936491724
3730	-164.103233456717561012	75.498601272358953906
3731	-175.788358275926185570	75.020019681438100179
3732	177.904127290907268844	74.486683621825420687
3733	168.222098696802476070	73.198392581717541816
3734	160.080822634561627638	71.529772065719953389
3735	156.005668666868643868	70.420955812459993695
3736	149.989637114665725903	68.330541868837499919
3737	145.012419094685725440	66.054539593916032914
3738	142.506227456965490319	64.661192161489893238
3739	138.744416433673734446	62.169079235403202688
3740	135.541951746474666152	59.570594160022146468
3741	133.887308767498183215	58.015038814277886559
3742	131.338198216559248976	55.274302010183447464
3743	129.095479346245326724	52.452837800620265796
3744	127.906829922509601261	50.775090330475379119
3745	126.031265763573841809	47.832290643907739991
3746	124.332516625389317255	44.814207494980387025
3747	123.412205030948499029	43.023049212795783092
3748	121.929941316068152446	39.885488279234806441
3749	120.553670449832409872	36.671601450855433768
3750	-99.998289811184321252	57.378571314857083507
3751	-103.907339062509706196	60.131936828172150911
3752	-108.438573864568951421	62.712661639818414017
3753	-111.413615904577980587	64.122564428617806698
3754	-117.201115604636996181	66.359412245848133693
3755	-123.955927959108933578	68.317952812087099801
3756	-128.371050488057790062	69.306093928300114726
3757	-136.796727509821494095	70.697613415110438950
3758	-146.167184334241653687	71.644013961106495003
3759	-151.936725374719344472	71.967243587054710474
3760	-162.072253961824372936	72.109590139679824006
3761	-172.018479367776336630	71.732392575464274387
3762	-177.522634791673908694	71.287463065355481717
3763	173.741751132106912792	70.177426889733112603
3764	166.051736245220098454	68.693302864061479340
3765	162.064206873726078584	67.686023355741937735
3766	155.994226785198748075	65.752406263079450355
3767	150.801247045601428454	63.607840516867980796
3768	148.127418658244522476	62.279559486314575167
3769	144.041243385171469527	59.881716260111645056
3770	140.496305599692476562	57.358842274902016811
3771	138.641972847099083310	55.840399688964950542
3772	135.756654225731011820	53.154425563199978910
3773	133.191332124619179922	50.379676923310938719
3774	131.822264921713639296	48.726834364605011274
3775	129.649752314100794592	45.825126463656857823
3776	127.670149921901767698	42.848537972723136136
3777	126.593382904610493256	41.082795746805764736
3778	124.853378837691892045	37.992772006715831878
3779	123.232085856367618248	34.833247332811161812
3780	-101.714971368900478410	56.059473656925419505
3781	-105.735797281418385296	58.721261144833626133
3782	-110.339999716793926154	61.207191581366821254
3783	-113.329562926666227440	62.560377667134211777
3784	-119.070425907246885799	64.697941543359021921
3785	-125.651273765037615249	66.557853794040326534
3786	-129.888725784488883619	67.491317864173055341
3787	-137.854796724877843417	68.799995883100791616
3788	-146.571158851503696496	69.687713134910254098
3789	-151.890009991711878001	69.992416858810486247
3790	-161.202990376686926766	70.134467936756138329
3791	-170.378720327486064434	69.795899138257951222
3792	-175.502970533982960433	69.388122680010027921
3793	176.256856367395585039	68.358288723347229165
3794	168.862285459945013599	66.963726069420161480
3795	164.967211438835164472	66.008638891349576738
3796	158.951160119284452321	64.160103764536756898
3797	153.717833362902865701	62.091764405188314413
3798	150.991800680201805562	60.803244756981221997
3799	146.785147339358388763	58.466021626373446907
3800	143.097044367046493107	55.995065818847258754
3801	141.154132818572577435	54.503466871895234647
3802	138.113261596545754628	51.859036749210005723
3803	135.392582720617326686	49.121590438645590382
3804	133.934470929051116173	47.489195079969363178
3805	131.612522496673136629	44.621567769114165003
3806	129.488723456701251280	41.679036683172839162
3807	128.330574789935155877	39.933662959914457247
3808	126.455056440733159207	36.880451105757813934
3809	124.703456946656842774	33.761025997997855086
3810	-104.353752990284931457	53.788346772416012698
3811	-108.506735121763696839	56.285856034214404531
3812	-113.173581485045261275	58.604398613834867149
3813	-116.153594182248653510	59.859122788047592678
3814	-121.768984664125653694	61.827834983026889404
3815	-128.044234934666945946	63.524611253534629896
3816	-132.002769102594896822	64.369475733665638018
3817	-139.297887805091932023	65.545577144938818037
3818	-147.113424814879067526	66.338197425217771297
3819	-151.827644712783211389	66.610133645724133089
3820	-160.043910616845266759	66.740090098368170857
3821	-168.171945301810268347	66.444577064135742717
3822	-172.759320477005445582	66.083762585956492330
3823	179.744476869323307255	65.162113365910741436
3824	172.850322611824651631	63.896363602508124302
3825	169.141850853089493967	63.019930618997570093
3826	163.296366309628098179	61.305464867601671131
3827	158.086751171317700937	59.363969057721718059
3828	155.325217737889971659	58.144458387843862113
3829	150.998612842730750572	55.916744235808010899
3830	147.140733760951462727	53.544273511804576060
3831	145.084622009746112781	52.105480628105588892
3832	141.834768527826923901	49.545400293905025535
3833	138.895619446519077655	46.886184560270798727
3834	137.308810971838425985	45.297426014993298793
3835	134.766172627686870555	42.503088994286251534
3836	132.424664390533990854	39.633596098778021144
3837	131.141870244628478304	37.931429002813224827
3838	129.056318460566927797	34.954943853075107540
3839	127.100190837979184266	31.916855558797848857
3840	-106.668947192785850575	51.517052231867886292
3841	-110.898348942153447183	53.844151349431903952
3842	-115.573608087424574364	55.991699424053720691
3843	-118.516879142328832586	57.147437668295637536
3844	-123.977621962009934009	58.949541131724707554
3845	-129.957807607542093820	60.489192190938993576
3846	-133.671009506774254305	61.250110516957136042
3847	-140.413360291758095855	62.301467232519748052
3848	-147.526181474368740965	63.002733284356722265
3849	-151.780428718860548543	63.240369153024353466
3850	-159.167966449726975497	63.347293087813497436
3851	-166.491283719455196888	63.073918406004651160
3852	-170.652325801282330531	62.744751246831775404
3853	-177.525795974005632161	61.903391285970108981
3854	176.042303945257827991	60.741147269803867914
3855	172.528560915236596429	59.931360765995599138
3856	166.902209162833003120	58.336254419651588421
3857	161.789038200050924843	56.514536167085523743
3858	159.038617663453692330	55.363145040436279487
3859	154.672031157255872813	53.248087013082411545
3860	150.718937751210575016	50.981963744432349017
3861	148.589300321372007829	49.602199665079680813
3862	145.191593864008751780	47.139201313851479824
3863	142.086392428924909836	44.572687095087587750
3864	140.397683243325786862	43.036460590355723355
3865	137.674715033496937622	40.331047705052711194
3866	135.149593180467377351	37.550181178198023701
3867	133.759517847784280775	35.900078731084256844
3868	131.490138553958331613	33.014888735906971817
3869	129.351796254657102736	30.071570143895691274
3870	-107.893411906275701995	50.196396083037576830
3871	-112.148394465631184858	52.422376443373707389
3872	-116.811569000937254259	54.469407037375781044
3873	-119.725843858961539468	55.567504545483210165
3874	-125.090766300710896530	57.273609575613292577
3875	-130.907802819635122660	58.723889207754105257
3876	-134.492265029141151444	59.437431385931112970
3877	-140.955475934263290583	60.418476301591582001
3878	-147.724890624835722974	61.067372181706652157
3879	-151.757774380751783383	61.284305326569715078
3880	-158.748304291240970088	61.373954827947706292
3881	-165.682795814651399269	61.106428845016651508
3882	-169.634005243091337434	60.790510949587400091
3883	-176.191792958230507793	59.986223191294698154
3884	177.623607257300648143	58.875006877921030934
3885	174.220654364330840735	58.099389563941862491
3886	168.730553435852499433	56.567657631419528741
3887	163.693095125470648554	54.812159029235786534
3888	160.963282587075411811	53.699563652392477309
3889	156.599567533272704623	51.650439817837479950
3890	152.617143643950811338	49.448530416120441089
3891	150.459178126410790810	48.105190698679798800
3892	146.998433477853865270	45.703188814608132873
3893	143.816978390876755611	43.195967210525296309
3894	142.079604298773460869	41.693671934087291220
3895	139.267969936299067513	39.046004305673875479
3896	136.649960344649286981	36.322767744943263324
3897	135.204630142973655893	34.706425186433421004
3898	132.839168523314128834	31.880073265884153244
3899	130.604102365258285090	28.997173510280248365
3900	-109.821646346698031493	47.929615889669037188
3901	-114.096330060962330322	49.979599212022527865
3902	-118.718630972643140353	51.852975529303130031
3903	-121.575175563744693363	52.852204936961221904
3904	-126.772551307606264004	54.394905446225394030
3905	-132.325691668296428816	55.694390624164398673
3906	-135.709857668429663136	56.328360705528908170
3907	-141.751196894973020335	57.191204783100332065
3908	-148.014433460187689207	57.750682873419151520
3909	-151.724851284279594665	57.930854718277871029
3910	-158.139251123180400782	57.985595590568244972
3911	-164.506265557830886337	57.718982654171696822
3912	-168.147222549836158123	57.419120079221201536
3913	-174.228249452916912787	56.665797261344309277
3914	179.975320895805992905	55.629683705365103208
3915	176.753872232368081541	54.906224138523867850
3916	171.500335599722404822	53.474285146247609646
3917	166.611762662029633475	51.826759932480619852
3918	163.933153684549353102	50.779035001859746501
3919	159.606058533879689776	48.842721385635158526
3920	155.607122234421382245	46.753569131904747280
3921	153.420056902787734998	45.475344555933503443
3922	149.883153353183416812	43.184018856362591521
3923	146.600113777155684147	40.785979352277010435
3924	144.794811864821895142	39.346684661789133486
3925	141.855239984118128405	36.806754665970892404
3926	139.098924986362476375	34.191257371385603392
3927	137.569709176210437818	32.637941062667707115
3928	135.056054802194466902	29.921000850121910020
3929	132.669320902032978893	27.149606873202518642
3930	-111.563883081821600740	45.664656070703209423
3931	-115.835006407361063907	47.536819811939402314
3932	-120.398674757868050733	49.236080394090961931
3933	-123.191548679628567697	50.136877747377852188
3934	-128.222512861796047900	51.518062824479265771
3935	-133.532097816922373568	52.669645126609509589
3936	-136.738491412959064064	53.225830190466098202
3937	-142.416342635216125245	53.972854482412628840
3938	-148.254607470482227427	54.443202749790081896
3939	-151.697618681437603527	54.585320671284009109
3940	-157.636299328375173445	54.599940499005654715
3941	-163.532308987559360958	54.325338290965213162
3942	-166.912494428162943905	54.034988952319714883
3943	-172.584379304680936684	53.320066023748609041
3944	-178.034934898315583496	52.346318844792193659
3945	178.912062122018795662	51.668181621901560163
3946	173.890007824798743741	50.326163932320660876
3947	169.162531919058835683	48.779802819435843730
3948	166.547920937346816572	47.794545596636325513
3949	162.285640092389343181	45.969578744723719410
3950	158.302587690221798766	43.994824851435289759
3951	156.105915245853168472	42.783915208973297695
3952	152.525903342750183356	40.608802713699283515
3953	149.172529565252233397	38.327199221563169829
3954	147.316307878762273731	36.955689860918319312
3955	144.275706478319051485	34.532321816418338756
3956	141.404963444010860485	32.033734552165725518
3957	139.804386285686263136	30.548769962571803660
3958	137.161825854870585317	27.950117094946218543
3959	134.640102575399907892	25.298484493293983633
3960	-112.506026253408407456	44.346218392975146116
3961	-116.766905527683064747	46.114427578875762492
3962	-121.290757655602291720	47.712414705383210389
3963	-124.045064719136590270	48.556215772304682332
3964	-128.980925091358614054	49.844282608720916983
3965	-134.157464105096494222	50.910964870294563411
3966	-137.269156044866036837	51.422565944603938703
3967	-142.757068224215743157	52.103060193113279297
3968	-148.377009462340339496	52.521623977895785629
3969	-151.683766296422135156	52.641124376099412530
3970	-157.380778353135951875	52.630537481820468315
3971	-163.036811555741678603	52.348130394232967433
3972	-166.283106473212598075	52.060987640939075050
3973	-171.742190060119639838	51.363881558506143676
3974	-177.008603307207692978	50.421725366016609371
3975	-179.969663368874449816	49.767372482287960622
3976	175.138695054021212627	48.473811284873008276
3977	170.507189470064020043	46.983471544191154123
3978	167.933427532662165049	46.033457202686967946
3979	163.717854389433625784	44.272361000779561380
3980	159.755252026018609968	42.364440293230430257
3981	157.560029227928197315	41.193348778954252509
3982	153.967266803291408905	39.087694933586952573
3983	150.585019117203586347	36.876410413815996492
3984	148.705868192966647712	35.546088475123966077
3985	145.617261450984727844	33.193829533428647949
3986	142.689669815891136295	30.766747213845313524
3987	141.052729967343111639	29.323596926775330473
3988	138.343170250772374175	26.797205473861751557
3989	135.749867694344374058	24.218480684964717398
3990	-114.020833165628232564	42.077728275103005728
3991	-118.253200722652920263	43.667031756742666460
3992	-122.701725924581907634	45.091505852917521224
3993	-125.388457029430782086	45.838022352878525112
3994	-130.164861880442316533	46.967705056434439825
3995	-135.126257528138552289	47.890458264933613464
3996	-138.087932508768915341	48.326547008400218886
3997	-143.279687944355288209	48.894126726272318706
3998	-148.563955260420158311	49.223986113749909066
3999	-151.662643359319361025	49.304065417318525988
4000	-156.991582246937952050	49.247785146280101287
4001	-162.281362729761582386	48.947813958683376256
4002	-165.322098091449220192	48.663071472708843146
4003	-170.451148975061357760	47.990436143738442354
4004	-175.426679120902832665	47.096024910084587134
4005	-178.239630615062623065	46.478848597006702903
4006	177.084051767474619510	45.262852491472230554
4007	172.617799074112355129	43.864330115581338987
4008	170.117853853224545446	42.972998962460408734
4009	165.993206689893895600	41.319756803004374035
4010	162.080291346224925064	39.526447373624989723
4011	159.897108501657697843	38.424360232822031946
4012	156.299723556837420801	36.440147677413584404
4013	152.885315396456576309	34.352921373476462463
4014	150.976674612867839187	33.095658303783281440
4015	147.821803281988366052	30.870009981987173830
4016	144.811439790506852887	28.570595568236374362
4017	143.120012949242976674	27.202155704080666965
4018	140.307838774647962055	24.804797519554593777
4019	137.602506157360210182	22.355975229617040867
4020	-115.424367078641239459	39.801239405555136841
4021	-119.617292380312534306	41.211822914782764826
4022	-123.984198451258677665	42.463872264792534850
4023	-126.602681640878699909	43.114125430433503539
4024	-131.225025215059645234	44.087685384544400335
4025	-135.986347563130834715	44.869063393053629341
4026	-138.811583171005423765	45.231050235901271606
4027	-143.738579323958333589	45.687590427913377766
4028	-148.727330493683666646	45.929413293737233914
4029	-151.644216863366438020	45.969710977669123508
4030	-156.652524164100071857	45.865646796935962470
4031	-161.622644406909046211	45.544173999935324559
4032	-164.482874015751633578	45.258798390841214143
4033	-169.319041980465669894	44.604501974852432511
4034	-174.031424529386583799	43.751122173237469326
4035	-176.707636445225830357	43.167232874569684498
4036	178.819959398744543932	42.022608968145391373
4037	174.516915368621880589	40.710805829370613651
4038	172.093277290455432649	39.875855573991231040
4039	168.068866957789794014	38.327809505153410896
4040	164.219654626100549422	36.648148865212938574
4041	162.058123989698231071	35.615262446018846276
4042	158.474079520605158677	33.754013019477014268
4043	155.046222614012094709	31.793654788646563247
4044	153.118931506199373871	30.611566742377828376
4045	149.915836681906881722	28.516784726942638883
4046	146.839570973933035702	26.349816377522888189
4047	145.102801679827791759	25.058993289949363259
4048	142.202439115257249114	22.795696943469732076
4049	139.397808228372298345	20.481648203870701508
4050	-116.197923607371805588	38.470539540356668340
4051	-120.363851225548785351	39.777422532825426060
4052	-124.681150164194534113	40.929827080957437602
4053	-127.259883149638682198	41.524625727797165098
4054	-131.795032852726507144	42.408499274817707203
4055	-136.445988710858927107	43.108873033805998887
4056	-139.197095843539671023	43.428436247922263647
4057	-143.981933676705182279	43.821333338617009190
4058	-148.813684389012536258	44.012422636114990837
4059	-151.634489702325879534	44.029569248823953842
4060	-156.473718151348833771	43.897128164899370972
4061	-161.275086581566711175	43.561851205464336090
4062	-164.039649580063155554	43.275056915727709850
4063	-168.719511367742853736	42.629232417680547940
4064	-173.289664891030042781	41.797229126229709095
4065	-175.890974132369052541	41.231217565394914004
4066	179.750196949975787675	40.125667907101927767
4067	175.540540528166616241	38.862190497830788161
4068	173.161812477251288556	38.059021034294801211
4069	169.198643352234995518	36.570871797996787222
4070	165.391428295834970186	34.956640026156144074
4071	163.246036151330287112	33.963897214370604161
4072	159.676584627355055090	32.174450312431417842
4073	156.248241057588614922	30.288691608517915199
4074	154.314434073020152027	29.151003959878377003
4075	151.090615113607725561	27.133780324697390540
4076	147.982979734164104002	25.045547861611897389
4077	146.223650142884878278	23.800934524688415195
4078	143.278053521938119275	21.617501993719617559
4079	140.421046739468010855	19.383724192129822228
4080	-117.464206062126621077	36.170043148707129887
4081	-121.578020915813269198	37.299646198021122245
4082	-125.807358692670561595	38.282400262222836318
4083	-128.317990243542197959	38.783082301186162510
4084	-132.707309623508251661	39.515162759381581736
4085	-137.177696037809596419	40.078802493286282527
4086	-139.809106380998485974	40.326832187969031907
4087	-144.366727877015534887	40.612361568174449644
4088	-148.949834465552470419	40.717543017375497527
4089	-151.619170574882474511	40.695210915811770747
4090	-156.192381171633172698	40.513674129981644967
4091	-160.728043363961717205	40.153241408781703115
4092	-163.341494197846884617	39.862704467973259170
4093	-167.773040535706371656	39.228534018417654750
4094	-172.114846526403681537	38.429780292758572102
4095	-174.594550955322318941	37.892330541765502971
4096	-178.766408935822141757	36.850227255337458132
4097	177.181137153439266285	35.666383367876903776
4098	174.879751782530718174	34.916082229305892781
4099	171.025189197730583146	33.528412701266326224
4100	167.296684041562059519	32.024967143705318051
4101	165.183948130894151518	31.100639800050306150
4102	161.649382678943680958	29.434269354252094786
4103	158.231066751568022255	27.677180907193736914
4104	156.292607816696630607	26.616392440911830874
4105	153.044430328123723939	24.733946726448031939
4106	149.893779057541962629	22.782983435789489590
4107	148.101717079156486534	21.619079413286772962
4108	145.088073722611312633	19.575291506040979783
4109	142.149738803888453731	17.481953033987227997
4110	-118.663398654216152295	33.846276425516272468
4111	-122.718966272316421851	34.800201830141631376
4112	-126.857620474797201382	35.615752391748308980
4113	-129.300534019785033024	36.024060680952857183
4114	-133.548597171337121381	36.607707059970231001
4115	-137.848310421861924624	37.038135863233051737
4116	-140.368246067667627131	37.216604742192942012
4117	-144.716681248595904208	37.397751984695638328
4118	-149.073248081108744145	37.419189199740060303
4119	-151.605302566232438721	37.358142867000267984
4120	-155.937979251571874784	37.127849078624485912
4121	-160.233228471086476929	36.741322688661988138
4122	-162.709487080662682956	36.445936663774865849
4123	-166.914188256407186373	35.820685989452059061
4124	-171.044981260078003515	35.051639664790947393
4125	-173.410939339107983415	34.540452236615521997
4126	-177.405245469656279056	33.557681322018979131
4127	178.695207129389416423	32.449450205185236484
4128	176.470882785758163891	31.749843696416522931
4129	172.727837004774755769	30.459376075180568222
4130	169.084575162178794017	29.064172328485767594
4131	167.009630212586102971	28.207163114068869447
4132	163.520477779920213379	26.662673819585094748
4133	160.124168759095027781	25.033919898915527824
4134	158.188402254411300873	24.050207257793715598
4135	154.928683954576598580	22.303415014906111224
4136	151.747618913256218320	20.491212015107368671
4137	149.929882590521032171	19.409113508041052398
4138	146.859610640523584379	17.507147581145286352
4139	143.850251898183671528	15.556674989690986166
4140	-119.335443768852840662	32.480455109145552228
4141	-123.354657525100350313	33.333095917772517680
4142	-127.439492157881602452	34.052694195680281553
4143	-129.843179636591912640	34.408179651708401536
4144	-134.010888197049553128	34.907214930349837800
4145	-138.215170851606245606	35.261966302832263409
4146	-140.673427169925588487	35.400995187719260571
4147	-144.907062066202911410	35.523014421433657617
4148	-149.140227340808365852	35.496985845830735684
4149	-151.597783225361212089	35.413938636853494302
4150	-155.800157395021358298	35.155762759342707113
4151	-159.965125607713304134	34.753988230919738101
4152	-162.366870557251075979	34.455493114338224814
4153	-166.447842836201573391	33.834550062320928987
4154	-170.462633423296978208	33.081500238926643931
4155	-172.765537679772080537	32.584704672153890215
4156	-176.660394397810591727	31.634783408791488313
4157	179.527113522539195856	30.568809568847623126
4158	177.347376949780425548	29.897709948199000962
4159	173.670145176662373387	28.662213351461680588
4160	170.078905698661372980	27.328627802842344607
4161	168.027930845709391861	26.510125009979649491
4162	164.569371436268596653	25.035666751455199375
4163	161.190731284280275304	23.481034820122623330
4164	159.259562415750622222	22.542003517895256692
4165	155.998493853930284558	20.874110204724619422
4166	152.805088000698304995	19.142905410848381820
4167	150.975443155328861167	18.108674821857345449
4168	147.877163552452145723	16.289860578885019038
4169	144.830971924431025855	14.423318162751661120
4170	-120.453253310389243325	30.105669060761922395
4171	-124.406209739869680675	30.786334092108159410
4172	-128.396962870119665467	31.343835699856906984
4173	-130.733512163416179419	31.610430000280189233
4174	-134.765873844796345793	31.967581790140453535
4175	-138.811870091696818008	32.195927063441210692
4176	-141.168780145396908665	32.269245219182678852
4177	-145.215163005356487247	32.292921017610019874
4178	-149.248388758087770611	32.188017958422960874
4179	-151.585651134134195672	32.068385669724889908
4180	-155.577966454976206023	31.763705803299092878
4181	-159.532872105659748740	31.336204887610477954
4182	-161.814244900690880513	31.032213111571469000
4183	-165.694616821031416976	30.417711917300987778
4184	-169.520053318053044222	29.690418310942110480
4185	-171.719288429256693007	29.217055886983992252
4186	-175.449157391041694609	28.320988657843415126
4187	-179.115164679258469960	27.324752548355068171
4188	178.781174860306379060	26.700916254351813706
4189	175.218146334230141292	25.556968580621852283
4190	171.719723669862162296	24.326557480832285307
4191	169.712842874277953342	23.572795479315313827
4192	166.313115971981432040	22.216550968506826536
4193	162.972316205945105594	20.787636925921450626
4194	161.053781277936877814	19.924658359673568242
4195	157.798887287253592149	18.391504907024931015
4196	154.592887415109743188	16.799153079147234990
4197	152.747704573557427921	15.847203653525598455
4198	149.609402771016505085	14.171663726401328987
4199	146.507353622264162141	12.450116594193378461
4200	-121.532811250453534058	27.688975740118006996
4201	-125.415047350216028121	28.200844277150658002
4202	-129.309757471315236899	28.600375368733953252
4203	-131.579366702635212505	28.780812932868375498
4204	-135.479216211495440803	29.001138784315529051
4205	-139.372960041132671449	29.108291913211854052
4206	-141.633443751083603956	29.118865049010704382
4207	-145.503173383041371380	29.048941894840570654
4208	-149.349240933006001342	28.869201982740971602
4209	-151.574350511156865196	28.714907969603959970
4210	-155.371205753023332363	28.366170765205698245
4211	-159.130632662641971820	27.914216002557758145
4212	-161.299759920203769070	27.604915477875888286
4213	-164.992321919256454521	26.996261914023008899
4214	-168.639127243070930717	26.293071180949681320
4215	-170.739770769205136958	25.841757887946339878
4216	-174.311138941872002306	24.996582883125164187
4217	-177.834176411921333738	24.066583539216779286
4218	-179.862433600452277460	23.487819481123963783
4219	176.689845682251274184	22.431551510204375433
4220	173.287967572246799364	21.300500750845536402
4221	171.328414615777518293	20.609362350694684807
4222	167.994610013582530428	19.367981297696157839
4223	164.700268995507599357	18.061908959503430339
4224	162.799892317618628113	17.273565746953867261
4225	159.561204933883715285	15.873199340869177831
4226	156.352921340798104666	14.418382751641205530
4227	154.498154729457041867	13.548241392079129142
4228	151.329711961928438768	12.015653731189070541
4229	148.180946658231960100	10.439366682771183292
4230	-122.147028850196662120	26.260052223665191207
4231	-125.986136296831745085	26.675446125233190031
4232	-129.824026642062932524	26.985256827636405319
4233	-132.054688866312005757	27.116998076629151626
4234	-135.878440641736034422	27.260340591162858459
4235	-139.685864379327000506	27.299674765469468696
4236	-141.892110914218818607	27.275275371425443893
4237	-145.663092153077144530	27.153366285186816498
4238	-149.405134556407091395	26.932231132187361311
4239	-151.568092350332392471	26.758823599576057717
4240	-155.256789883169375344	26.385867890699287841
4241	-158.908053323139085933	25.920555344030894673
4242	-161.014985617288317599	25.608412346364623602
4243	-164.603191182925939984	25.003143779530024204
4244	-168.150209907551783317	24.313435743266595068
4245	-170.195464261700436737	23.874419283590135876
4246	-173.677148606359224914	23.057622356742367487
4247	-177.118383929106983032	22.164607192051342111
4248	-179.103030669510417283	21.611054707406104569
4249	177.516800954244246213	20.603945793161678068
4250	174.172640530084919419	19.528791430636097459
4251	172.241974172797199572	18.872985915709346472
4252	168.949513258468243748	17.696617007037087177
4253	165.685882429753263523	16.460359896806700419
4254	163.798453348727178991	15.714575741550557808
4255	160.573566845220312871	14.390183144147757233
4256	157.368503119846309346	13.014388044022581425
4257	155.510811364425734382	12.191402676372234737
4258	152.329267035641720440	10.741475995198735305
4259	149.157459220231601194	9.249504688514486261
4260	-123.183772796071920652	23.760620022069662838
4261	-126.945422512927876824	24.013868415457803707
4262	-130.683975921677387078	24.173941919198885131
4263	-132.847571527866534780	24.224853874968278689
4264	-136.541839623908458634	24.241073556065980910
4265	-140.204107625799849757	24.169120790932435483
4266	-142.319813552921232258	24.087608996986631382
4267	-145.926888435452269732	23.881188478957433574
4268	-149.497173951493692812	23.593151605580533925
4269	-151.557794513603823816	23.389012850241268637
4270	-155.068654071017647311	22.977369693255909056
4271	-158.542092909306120418	22.491062367267364408
4272	-160.546653247784746554	22.174708639626551587
4273	-163.962668197796858749	21.575613831736859538
4274	-167.344258265149761655	20.908460225885743711
4275	-169.297221567309208012	20.489803290206111797
4276	-172.628517507400914610	19.719814988877150341
4277	-175.931209237849088822	18.887723255534318412
4278	-177.841282494471727205	18.375716636743081978
4279	178.895390785338832984	17.449719716757861931
4280	175.652856870589886285	16.467013976261821284
4281	173.773970352728014177	15.869783713771685285
4282	170.557330052550298660	14.801488450701071997
4283	167.352419044154856920	13.681729949976510596
4284	165.491128425472226127	13.007189921538296673
4285	162.297166610307414203	11.810406361234580430
4286	159.105234444975877750	10.567917692673768570
4287	157.246988881057234266	9.824759863548116812
4288	154.050485010618245951	8.515254438951748384
4289	150.846206117354597609	7.167140723853708373
4290	-124.203484107572279527	21.197897822370180165
4291	-127.883358962296014738	21.294446267587485266
4292	-131.520178741581617032	21.311255518921694119
4293	-133.616284029361878538	21.285435286703020097
4294	-137.182057500759924551	21.181879649249335529
4295	-140.702264810693577601	21.006048626433191373
4296	-142.730123598549027975	20.871619228211567787
4297	-146.179240090907768490	20.587465747571254582
4298	-149.585036235526217752	20.238512412018806685
4299	-151.547972579052526498	20.006663802749898196
4300	-154.889373521800081335	19.560604374710113262
4301	-158.193410184078544489	19.056303100356718261
4302	-160.100321172352067833	18.736872601898856061
4303	-163.351634360177428107	18.144840218660398534
4304	-166.574138527961281397	17.499827422435075164
4305	-168.437834954033263557	17.100724036218384327
4306	-171.622605094076902787	16.375275556716406555
4307	-174.788765149828492440	15.600860258245095480
4308	-176.624538172948746251	15.128132693843429735
4309	-179.769929856591630823	14.278843140944866619
4310	177.092187481175500352	13.383720553562948652
4311	175.267682965381112581	12.842107346434810111
4312	172.132651936871724274	11.876730297330384545
4313	168.993699304193995658	10.868398412891625782
4314	167.163309668110713346	10.262264711035189890
4315	164.009168753824127407	9.188527667599462490
4316	160.839845284895943678	8.075309387606681710
4317	158.986673712564936523	7.409924202921419401
4318	155.784798668214989448	6.237886589084822297
4319	152.557187648798560531	5.031477177177585247
4320	-124.791964524411966408	19.673759014885366270
4321	-128.422178732658210265	19.682071028131741031
4322	-131.998545031001441430	19.618931593468445840
4323	-134.055055643661006570	19.550592759735717863
4324	-137.546215335302974836	19.381122188675060869
4325	-140.984774941983346253	19.148621791088942246
4326	-142.962467979135425367	18.985528355481140039
4327	-146.321833915449644792	18.659576153827469369
4328	-149.634605484256951513	18.278214633352455110
4329	-151.542435001499768532	18.031785480437516611
4330	-154.788366149299861263	17.567909251759193268
4331	-157.996990798524308275	17.054739587942609802
4332	-159.848854685758226424	16.734158423910216129
4333	-163.007140481029438206	16.146826233817606067
4334	-166.139444138440239840	15.514657461875875910
4335	-167.952316774302772728	15.126632093338045593
4336	-171.053223945828705155	14.426144235258094639
4337	-174.140598314756744003	13.683832928363832693
4338	-175.933158024004114850	13.232913432847094981
4339	-179.009317967363188018	12.426174228202867766
4340	177.915110995143493255	11.579652014881819611
4341	176.123435307398665373	11.068936772210950181
4342	173.038504731975649520	10.160843071370731394
4343	169.941199032157641113	9.214720770988392928
4344	168.130947879967123981	8.646888766787883540
4345	165.004033933831038894	7.642275404055761001
4346	161.852228236845178344	6.602009870223303878
4347	160.004621233133519809	5.980685426648265413
4348	156.804110148618207177	4.886848666955742715
4349	153.567248660059021859	3.761485847131369908
4350	-125.799299855441091722	16.992540377613373437
4351	-129.340408767334480444	16.855229637826713684
4352	-132.810456908175723356	16.661477078081155412
4353	-134.798162054254419218	16.524230922629165264
4354	-138.160905530868632241	16.248775066551267798
4355	-141.460295648577272232	15.926081158333481369
4356	-143.352996639633005316	15.717754544931429095
4357	-146.561024089383124647	15.326439694252320223
4358	-149.717629375857370633	14.895100760931528683
4359	-151.533165956275951203	14.626525450791143967
4360	-154.619411142865033071	14.136226848559964253
4361	-157.668499463318823928	13.610917841121434435
4362	-159.428251706806264565	13.289638996385397363
4363	-162.430602165587174568	12.711671079223492598
4364	-165.411186036550674316	12.101726739099012420
4365	-167.138250065789236487	11.732324246315489091
4366	-170.096888558628677401	11.073206671255418243
4367	-173.049604976363468722	10.383602394086677734
4368	-174.767774290165505136	9.968341435468541789
4369	-177.723738677708610112	9.231032472765271280
4370	179.310276022731784451	8.463749692348082831
4371	177.577055997762585093	8.003434313298884106
4372	174.582682881546674025	7.188903389143362688
4373	171.562518713799022407	6.344649958189519268
4374	169.790568996021590920	5.839701382653369244
4375	166.717431308086077024	4.948933390976597124
4376	163.603319871251869699	4.029365727959941523
4377	161.769861861790957391	3.481227882164937171
4378	158.579655207266085881	2.517849029476963985
4379	155.334668763241239731	1.528479688494508437
4380	-126.807704914933637497	14.224377789889217638
4381	-130.254551706472369688	13.950322831294448278
4382	-133.614732527215522850	13.635717227032536414
4383	-135.532338264408593886	13.435461838118921918
4384	-138.765745840465370975	13.064225708896685774
4385	-141.926585795869669937	12.661284228726970014
4386	-143.735286791759307334	12.413250395940945481
4387	-146.794593782721761954	11.965407336942552874
4388	-149.798554040784779318	11.491873453646078929
4389	-151.524138326951145928	11.205116563744127234
4390	-154.454998086972409510	10.694135661163414852
4391	-157.348923155988330791	10.160986967816031168
4392	-159.019016880949692450	9.840826963389540438
4393	-161.869285586235406527	9.274156397759263371
4394	-164.701309850330517293	8.686888522296518644
4395	-166.343986650353286905	8.335712069775038202
4396	-169.161934094335947520	7.716207812882996286
4397	-171.980323561046304803	7.076292210041620123
4398	-173.623664661807310949	6.694405873658034523
4399	-176.457530141434830284	6.021802896523362314
4400	-179.310525258591013653	5.328173366258872612
4401	179.017386695275405373	4.914683993789680905
4402	176.119335203791223421	4.187156121284751897
4403	173.183467097512618693	3.437861779626758096
4404	171.454564388937996000	2.991699137519830742
4405	168.444216041492865088	2.207754272076251301
4406	165.377668318554299276	1.402074668657884882
4407	163.564370649458993512	0.923344612303799717
4408	160.394999342736582548	0.084393671487374894
4409	157.152302503152043300	-0.774248193930250683
4410	-127.397801520451665169	12.569541408358853474
4411	-130.787195622877959522	12.220664062810891792
4412	-134.081557810667987951	11.840825163086490690
4413	-135.957611690819817341	11.606932950789975223
4414	-139.115012310097853288	11.185134740748855720
4415	-142.195138196283181742	10.740472533168965441
4416	-143.955172302220773872	10.472074849158000021
4417	-146.928686709130317922	9.995695503587443298
4418	-149.844947938712351743	9.501429261479206190
4419	-151.518965933218083819	9.206036880199855332
4420	-154.360861263322021841	8.685842375732912402
4421	-157.165988740898910692	8.150264776847652826
4422	-158.784745037373085097	7.831672383909533686
4423	-161.547811825292143340	7.272590466546500210
4424	-164.294409574617247927	6.698834888486770112
4425	-165.888407902239350733	6.358136707346354832
4426	-168.624869447170226522	5.760952725821601561
4427	-171.364964474757499602	5.148612883844498000
4428	-172.964425294316924919	4.785110394063254446
4429	-175.726174871693615387	4.147977562218628123
4430	-178.511709514300264345	3.494578742086202006
4431	179.853075482752700509	3.106633104052020755
4432	177.013829309375779530	2.426560372607680538
4433	174.130406545250451700	1.729119972906169922
4434	172.428802640887766984	1.315115620810088926
4435	169.459278105225308764	0.589759251071674928
4436	166.425136248283763507	-0.153195861682069806
4437	164.626472410118878997	-0.593548081909301195
4438	161.474357859097040091	-1.363382131640517025
4439	158.238138082220928027	-2.148934373695575939
4440	-128.422046667528974240	9.644376404535076830
4441	-131.707801351714635985	9.176418849151458446
4442	-134.885360378912650958	8.694394649541447251
4443	-136.688419107371373684	8.408496846871866381
4444	-139.713393180968239449	7.909574512609389707
4445	-142.654064105990670441	7.402472851049650693
4446	-144.330455944034042659	7.104133669872717327
4447	-147.157131512321456057	6.586689030522023813
4448	-149.923878330310657248	6.063741695696825751
4449	-151.510171290409573430	5.757034869458840021
4450	-154.200908468929270612	5.226123373296540642
4451	-156.855236638884747435	4.690260341623335272
4452	-158.386772024218629440	4.376052010981283935
4453	-161.001500393323254912	3.831933546239834509
4454	-163.602401027351362472	3.282101209014579357
4455	-165.113136711637054077	2.959272906514817780
4456	-167.709698994822730356	2.399310744734268752
4457	-170.314583549192889222	1.832145697175495691
4458	-171.837837820529728106	1.498482425650600414
4459	-174.473507012402706096	0.918556068956511318
4460	-177.139912771266324398	0.329702853140140750
4461	-178.709396075249770774	-0.017360484783411737
4462	178.557361592984676690	-0.621565663239344257
4463	175.770119498982012374	-1.236099592283340431
4464	174.119442457985400097	-1.598632358594583636
4465	171.227750480236778685	-2.230024237152701261
4466	168.257834594286919128	-2.872016406081263185
4467	166.489603538317680886	-3.250368284892218185
4468	163.376587054192441428	-3.908042497936330406
4469	160.161107581277633471	-4.574207604804982452
4470	-129.465654541128941446	6.607778156842188721
4471	-132.640833662470868148	6.034551555636757492
4472	-135.696188480415628419	5.464389834566596882
4473	-137.423806067333885039	5.134562422443145202
4474	-140.313277018378812500	4.571926372155075136
4475	-143.112699296027273022	4.014908690208202735
4476	-144.704916784188554857	3.693398806700441295
4477	-147.384566330482755347	3.145492709012984722
4478	-150.002327151659670790	2.603039195373791248
4479	-151.501436762817434101	2.289659022416364209
4480	-154.042186155951327464	1.754763079311668195
4481	-156.546987665189163863	1.223753458682504958
4482	-157.992000499969236671	0.916185139913288094
4483	-160.459371048976890961	0.389657277969226057
4484	-162.915102210150195106	-0.135171206564272922
4485	-164.342597208420357902	-0.440192362830732986
4486	-166.798685199720779337	-0.964185240221572704
4487	-169.266866325862423537	-1.488810401402490324
4488	-170.712562051733328872	-1.794770821130582172
4489	-173.218905583388817604	-2.322132915063566561
4490	-175.761672750967221646	-2.852220257938789860
4491	-177.262180995438512809	-3.162243053542779680
4492	-179.882740882975895147	-3.697916212268134828
4493	177.434295663805556842	-4.237685630660060099
4494	175.839905698370898790	-4.553794732473321893
4495	173.036320243855101353	-5.100308508244582484
4496	170.142129403971097190	-5.650777574380399848
4497	168.411504094668487141	-5.972699734913366143
4498	165.350529501272234256	-6.527751443766127259
4499	162.169162719355028912	-7.083786651296965609
4500	-71.076871374002848825	-43.107363840516406128
4501	-70.824913578121879709	-46.309861048011292439
4502	-70.552349596666900311	-49.397429170314481439
4503	-70.382336951520287016	-51.145620916844471537
4504	-70.066600058339531643	-54.072914684851909328
4505	-69.714518469725632599	-56.912512684604550373
4506	-69.489144992759889874	-58.528862029513170739
4507	-69.058326372406824589	-61.250717026377948571
4508	-68.558160529274303485	-63.910925449760242145
4509	-68.226469023570288641	-65.434513239558427244
4510	-67.565812997479184787	-68.016273594795677582
4511	-66.751777368061183893	-70.559722448792896898
4512	-66.181799210384482990	-72.025518056723456084
4513	-64.967789100934481894	-74.524102162781574066
4514	-63.309641860712481787	-77.002194410758335152
4515	-62.026445143996262743	-78.436237941909354277
4516	-58.891819429056909030	-80.884486647481168120
4517	-53.477877086333656109	-83.297488940342162778
4518	-48.077157006028677699	-84.663322914196413649
4519	-28.217387912984435161	-86.788553386079726693
4520	24.918674671878026317	-87.705479956432114363
4521	56.038361270288376659	-87.068021391916673224
4522	80.190005218803790399	-84.938401503489600941
4523	89.501523784116486127	-82.399656301787317148
4524	92.553842342632378859	-80.840511473661763375
4525	95.981130084811411507	-78.062698316756055306
4526	98.177381296058911175	-75.172997963382371722
4527	99.129129688211492066	-73.440398139873437344
4528	100.409134254325621782	-70.372896156980530691
4529	101.384732131764039309	-67.184794874854887325
4530	-67.450689823234071696	-41.351895743840124453
4531	-66.844601746370656770	-44.596883703454047065
4532	-66.188561259781607760	-47.740022885849221268
4533	-65.779212955007267283	-49.525437179292431722
4534	-65.018845726070310320	-52.523193214045107879
4535	-64.170951674309364421	-55.439162130492974256
4536	-63.628336283346122570	-57.101616999928708651
4537	-62.591715103104142770	-59.903663267659538860
4538	-61.389897597325301604	-62.642718287314615111
4539	-60.594286117327023078	-64.210243365186045139
4540	-59.014022878012482920	-66.861374248491088679
4541	-57.077394473509123429	-69.461898988361014062
4542	-55.730048047467114714	-70.952471767147883952
4543	-52.889870401605975303	-73.472150066229389154
4544	-49.091121737256329993	-75.930393533520117444
4545	-46.228213648816463888	-77.324160642563526835
4546	-39.570644031303636723	-79.624300613087228840
4547	-29.352837670358720601	-81.721122669437718855
4548	-20.804627879456596418	-82.773996771830226749
4549	0.129591853911830229	-84.049752825870598372
4550	27.080590272893189763	-84.240803289594850867
4551	41.852534793984794703	-83.770937936862623019
4552	61.002721545441595197	-82.195848710472972698
4553	73.094321376940570190	-80.024063851681106030
4554	77.981598999711764009	-78.596899333559093748
4555	84.093952574092369900	-75.958726712862755903
4556	88.365997089570015532	-73.142530713369268369
4557	90.301764582701821382	-71.435230123729752449
4558	92.982521397227344551	-68.395031193103704936
4559	95.082611478971273300	-65.225548544919931260
4560	-64.139798623409291167	-39.556942796045795774
4561	-63.210766538885614807	-42.811444930361645334
4562	-62.206202344037080820	-45.975410729663465759
4563	-61.580083862720428556	-47.777030005907668908
4564	-60.418821260593048805	-50.807674615383149330
4565	-59.127136402827922268	-53.760320495172010169
4566	-58.302638188692000654	-55.444608659510620896
4567	-56.732888892258856117	-58.282646791489497673
4568	-54.923251595191601382	-61.052370324215353037
4569	-53.732206464642402466	-62.633478225066973266
4570	-51.385263125555191266	-65.296775739471399902
4571	-48.547765757256605923	-67.889094606933483078
4572	-46.601955160732416061	-69.361814259663532312
4573	-42.585373017014703123	-71.819674273468010028
4574	-37.413332270157461323	-74.161509737020907096
4575	-33.679047995727728448	-75.453153737054904582
4576	-25.562219732044614062	-77.498693466711586098
4577	-14.595432913010919052	-79.218805879757638877
4578	-6.623961148745759253	-80.000027884276462942
4579	9.686159228248300224	-80.811587786803073641
4580	27.618538714940239487	-80.792464346134579500
4581	37.578920377799001074	-80.380859599325646059
4582	52.282068708753484998	-79.078384038991700322
4583	63.506178619112837680	-77.202817420679608063
4584	68.643713842348319076	-75.920869485398071674
4585	75.636039671992818967	-73.479069736903639409
4586	80.917766519547811299	-70.805069181245357868
4587	83.418792946938594923	-69.162695122335151154
4588	86.990721702965302597	-66.214023356882279359
4589	89.873513591513116694	-63.121390247987825717
4590	-62.341459892603516835	-38.500260327127293181
4591	-61.239005041767292425	-41.747063319869489817
4592	-60.048324259651266743	-44.909072355496704176
4593	-59.307069201547783166	-46.711568378843551841
4594	-57.934296616310419381	-49.746040701513450699
4595	-56.410906691573309502	-52.703903141673734467
4596	-55.440729687678569348	-54.391099465016004899
4597	-53.599023556456316442	-57.232447456087740534
4598	-51.485748524037724394	-60.001223368920818757
4599	-50.101297585674096524	-61.578691600821599650
4600	-47.389901912020391705	-64.228093946395262037
4601	-44.144536790997975118	-66.793220951482823011
4602	-41.941825042622113529	-68.241965045851770810
4603	-37.459074989982319437	-70.640325260024511067
4604	-31.824334977996276308	-72.893131600026322303
4605	-27.857683018492448213	-74.116346858878671355
4606	-19.536002726566710663	-76.012473513772988554
4607	-8.916529498482555383	-77.548359401750659003
4608	-1.590605480352906831	-78.217417897422720330
4609	12.653971514845405721	-78.869846905722667429
4610	27.779596491085971621	-78.793579987510966589
4611	36.243695025730012560	-78.404989549942897042
4612	49.201050566942470255	-77.207852142108762905
4613	59.704102689811627158	-75.467509252694256361
4614	64.739246684781278418	-74.261659123564371043
4615	71.848200658822776177	-71.935474808077216835
4616	77.420096415169865622	-69.356602473199387759
4617	80.118842891929745065	-67.761576082241148811
4618	84.038236580333546044	-64.884094962397298900
4619	87.254780946079137038	-61.854287672708068158
4620	-59.446329550167611444	-36.671601450855433768
4621	-58.070058683931847554	-39.885488279234806441
4622	-56.587794969051508076	-43.023049212795783092
4623	-55.667483374610689850	-44.814207494980387025
4624	-53.968734236426158191	-47.832290643907739991
4625	-52.093170077490427161	-50.775090330475379119
4626	-50.904520653754680382	-52.452837800620265796
4627	-48.661801783440751024	-55.274302010183447464
4628	-46.112691232501809679	-58.015038814277886559
4629	-44.458048253525326743	-59.570594160022146468
4630	-41.255583566326286871	-62.169079235403202688
4631	-37.493772543034509681	-64.661192161489893238
4632	-34.987580905314274560	-66.054539593916032914
4633	-30.010362885334266991	-68.330541868837499919
4634	-23.994331333131356132	-70.420955812459993695
4635	-19.919177365438368810	-71.529772065719953389
4636	-11.777901303197516825	-73.198392581717541816
4637	-2.095872709092745367	-74.486683621825420687
4638	4.211641724073814430	-75.020019681438100179
4639	15.896766543282442541	-75.498601272358953906
4640	27.954184145205289269	-75.372378543936491724
4641	34.768636617245405773	-75.017506089396860602
4642	45.596792942089173550	-73.959302853449273130
4643	54.959442433500647951	-72.409703968922187300
4644	59.697000969452666652	-71.319791326092897066
4645	66.708342851787733707	-69.183554978426059279
4646	72.489949830314060364	-66.774977493024920250
4647	75.384249222328605811	-65.269754579713122666
4648	79.697215995157009161	-62.533312840924800469
4649	83.331916818690430659	-59.632552482774975999
4650	-56.767914143632395962	-34.833247332811161812
4651	-55.146621162308107955	-37.992772006715831878
4652	-53.406617095389506744	-41.082795746805764736
4653	-52.329850078098246513	-42.848537972723136136
4654	-50.350247685899191197	-45.825126463656857823
4655	-48.177735078286367809	-48.726834364605011274
4656	-46.808667875380841394	-50.379676923310938719
4657	-44.243345774269002391	-53.154425563199978910
4658	-41.358027152900938006	-55.840399688964950542
4659	-39.503694400307544754	-57.358842274902016811
4660	-35.958756614828544684	-59.881716260111645056
4661	-31.872581341755509499	-62.279559486314575167
4662	-29.198752954398589310	-63.607840516867980796
4663	-24.005773214801255477	-65.752406263079450355
4664	-17.935793126273924969	-67.686023355741937735
4665	-13.948263754779913981	-68.693302864061479340
4666	-6.258248867893094314	-70.177426889733112603
4667	2.477365208326082868	-71.287463065355481717
4668	7.981520632223644718	-71.732392575464274387
4669	17.927746038175644827	-72.109590139679824006
4670	28.063274625280676844	-71.967243587054710474
4671	33.832815665758360524	-71.644013961106495003
4672	43.203272490178527221	-70.697613415110438950
4673	51.628949511942217043	-69.306093928300114726
4674	56.044072040891066422	-68.317952812087099801
4675	62.798884395363010924	-66.359412245848133693
4676	68.586384095422019413	-64.122564428617806698
4677	71.561426135431048579	-62.712661639818414017
4678	76.092660937490293804	-60.131936828172150911
4679	80.001710188815692959	-57.378571314857083507
4680	-55.296543053343164331	-33.761025997997855086
4681	-53.544943559266833688	-36.880451105757813934
4682	-51.669425210064837017	-39.933662959914457247
4683	-50.511276543298777142	-41.679036683172839162
4684	-48.387477503326884687	-44.621567769114165003
4685	-46.065529070948898038	-47.489195079969363178
4686	-44.607417279382666209	-49.121590438645590382
4687	-41.886738403454238266	-51.859036749210005723
4688	-38.845867181427401249	-54.503466871895234647
4689	-36.902955632953506893	-55.995065818847258754
4690	-33.214852660641625448	-58.466021626373446907
4691	-29.008199319798201543	-60.803244756981221997
4692	-26.282166637097137851	-62.091764405188314413
4693	-21.048839880715544126	-64.160103764536756898
4694	-15.032788561164855068	-66.008638891349576738
4695	-11.137714540055007717	-66.963726069420161480
4696	-3.743143632604421622	-68.358288723347229165
4697	4.497029466017049337	-69.388122680010027921
4698	9.621279672513939119	-69.795899138257951222
4699	18.797009623313073234	-70.134467936756138329
4700	28.109990008288129104	-69.992416858810486247
4701	33.428841148496317714	-69.687713134910254098
4702	42.145203275122185005	-68.799995883100791616
4703	50.111274215511123487	-67.491317864173055341
4704	54.348726234962391857	-66.557853794040326534
4705	60.929574092753135517	-64.697941543359021921
4706	66.670437073333772560	-62.560377667134211777
4707	69.660000283206073846	-61.207191581366821254
4708	74.264202718581614704	-58.721261144833626133
4709	78.285028631099521590	-56.059473656925419505
4710	-52.899809162020822839	-31.916855558797848857
4711	-50.943681539433086414	-34.954943853075107540
4712	-48.858129755371521696	-37.931429002813224827
4713	-47.575335609466009146	-39.633596098778021144
4714	-45.233827372313143655	-42.503088994286251534
4715	-42.691189028161581120	-45.297426014993298793
4716	-41.104380553480915239	-46.886184560270798727
4717	-38.165231472173076099	-49.545400293905025535
4718	-34.915377990253915641	-52.105480628105588892
4719	-32.859266239048544378	-53.544273511804576060
4720	-29.001387157269245876	-55.916744235808010899
4721	-24.674782262110042552	-58.144458387843862113
4722	-21.913248828682316827	-59.363969057721718059
4723	-16.703633690371919585	-61.305464867601671131
4724	-10.858149146910522020	-63.019930618997570093
4725	-7.149677388175370574	-63.896363602508124302
4726	-0.255523130676702570	-65.162113365910741436
4727	7.240679522994557082	-66.083762585956492330
4728	11.828054698189742311	-66.444577064135742717
4729	19.956089383154740347	-66.740090098368170857
4730	28.172355287216802822	-66.610133645724133089
4731	32.886575185120946685	-66.338197425217771297
4732	40.702112194908082188	-65.545577144938818037
4733	47.997230897405131600	-64.369475733665638018
4734	51.955765065333046948	-63.524611253534629896
4735	58.231015335874360517	-61.827834983026889404
4736	63.846405817751367806	-59.859122788047592678
4737	66.826418514954738725	-58.604398613834867149
4738	71.493264878236317372	-56.285856034214404531
4739	75.646247009715082754	-53.788346772416012698
4740	-50.648203745342890159	-30.071570143895691274
4741	-48.509861446041668387	-33.014888735906971817
4742	-46.240482152215733436	-35.900078731084256844
4743	-44.850406819532622649	-37.550181178198023701
4744	-42.325284966503069484	-40.331047705052711194
4745	-39.602316756674227349	-43.036460590355723355
4746	-37.913607571075097269	-44.572687095087587750
4747	-34.808406135991226904	-47.139201313851479824
4748	-31.410699678628013487	-49.602199665079680813
4749	-29.281062248789449853	-50.981963744432349017
4750	-25.327968842744130740	-53.248087013082411545
4751	-20.961382336546325433	-55.363145040436279487
4752	-18.210961799949071604	-56.514536167085523743
4753	-13.097790837166993327	-58.336254419651588421
4754	-7.471439084763395577	-59.931360765995599138
4755	-3.957696054742164016	-60.741147269803867914
4756	2.474204025994379830	-61.903391285970108981
4757	9.347674198717660587	-62.744751246831775404
4758	13.508716280544811994	-63.073918406004651160
4759	20.832033550273024503	-63.347293087813497436
4760	28.219571281139458563	-63.240369153024353466
4761	32.473818525631266141	-63.002733284356722265
4762	39.586639708241897040	-62.301467232519748052
4763	46.328990493225752800	-61.250110516957136042
4764	50.042192392457927497	-60.489192190938993576
4765	56.022378037990073096	-58.949541131724707554
4766	61.483120857671160309	-57.147437668295637536
4767	64.426391912575454057	-55.991699424053720691
4768	69.101651057846538606	-53.844151349431903952
4769	73.331052807214149425	-51.517052231867886292
4770	-49.395897634741707805	-28.997173510280248365
4771	-47.160831476685899588	-31.880073265884153244
4772	-44.795369857026329896	-34.706425186433421004
4773	-43.350039655350727230	-36.322767744943263324
4774	-40.732030063700946698	-39.046004305673875479
4775	-37.920395701226546237	-41.693671934087291220
4776	-36.183021609123265705	-43.195967210525296309
4777	-33.001566522146127625	-45.703188814608132873
4778	-29.540821873589191426	-48.105190698679798800
4779	-27.382856356049188662	-49.448530416120441089
4780	-23.400432466727298930	-51.650439817837479950
4781	-19.036717412924595294	-53.699563652392477309
4782	-16.306904874529362104	-54.812159029235786534
4783	-11.269446564147507672	-56.567657631419528741
4784	-5.779345635669143277	-58.099389563941862491
4785	-2.376392742699363847	-58.875006877921030934
4786	3.808207041769506418	-59.986223191294698154
4787	10.365994756908660790	-60.790510949587400091
4788	14.317204185348606060	-61.106428845016651508
4789	21.251695708759054781	-61.373954827947706292
4790	28.242225619248234381	-61.284305326569715078
4791	32.275109375164305447	-61.067372181706652157
4792	39.044524065736709417	-60.418476301591582001
4793	45.507734970858876977	-59.437431385931112970
4794	49.092197180364863129	-58.723889207754105257
4795	54.909233699289103470	-57.273609575613292577
4796	60.274156141038467638	-55.567504545483210165
4797	63.188430999062759952	-54.469407037375781044
4798	67.851605534368829353	-52.422376443373707389
4799	72.106588093724312216	-50.196396083037576830
4800	-47.330679097967021107	-27.149606873202518642
4801	-44.943945197805554415	-29.921000850121910020
4802	-42.430290823789555077	-32.637941062667707115
4803	-40.901075013637552047	-34.191257371385603392
4804	-38.144760015881885806	-36.806754665970892404
4805	-35.205188135178111963	-39.346684661789133486
4806	-33.399886222844308747	-40.785979352277010435
4807	-30.116846646816593847	-43.184018856362591521
4808	-26.579943097212272107	-45.475344555933503443
4809	-24.392877765578614202	-46.753569131904747280
4810	-20.393941466120317330	-48.842721385635158526
4811	-16.066846315450682425	-50.779035001859746501
4812	-13.388237337970386065	-51.826759932480619852
4813	-8.499664400277591625	-53.474285146247609646
4814	-3.246127767631916683	-54.906224138523867850
4815	-0.024679104194012386	-55.629683705365103208
4816	5.771750547083084548	-56.665797261344309277
4817	11.852777450163856088	-57.419120079221201536
4818	15.493734442169131427	-57.718982654171696822
4819	21.860748876819624087	-57.985595590568244972
4820	28.275148715720391124	-57.930854718277871029
4821	31.985566539812314346	-57.750682873419151520
4822	38.248803105026986771	-57.191204783100332065
4823	44.290142331570322654	-56.328360705528908170
4824	47.674308331703585395	-55.694390624164398673
4825	53.227448692393750207	-54.394905446225394030
4826	58.424824436255320848	-52.852204936961221904
4827	61.281369027356880963	-51.852975529303130031
4828	65.903669939037669678	-49.979599212022527865
4829	70.178353653301982717	-47.929615889669037188
4830	-45.359897424600085003	-25.298484493293983633
4831	-42.838174145129407577	-27.950117094946218543
4832	-40.195613714313743969	-30.548769962571803660
4833	-38.595036555989146621	-32.033734552165725518
4834	-35.724293521680955621	-34.532321816418338756
4835	-32.683692121237733375	-36.955689860918319312
4836	-30.827470434747773709	-38.327199221563169829
4837	-27.474096657249830855	-40.608802713699283515
4838	-23.894084754146838634	-42.783915208973297695
4839	-21.697412309778215445	-43.994824851435289759
4840	-17.714359907610681688	-45.969578744723719410
4841	-13.452079062653211849	-47.794545596636325513
4842	-10.837468080941180304	-48.779802819435843730
4843	-6.109992175201266917	-50.326163932320660876
4844	-1.087937877981201007	-51.668181621901560163
4845	1.965065101684445148	-52.346318844792193659
4846	7.415620695319065092	-53.320066023748609041
4847	13.087505571837040108	-54.034988952319714883
4848	16.467691012440649700	-54.325338290965213162
4849	22.363700671624815897	-54.599940499005654715
4850	28.302381318562400025	-54.585320671284009109
4851	31.745392529517776126	-54.443202749790081896
4852	37.583657364783888966	-53.972854482412628840
4853	43.261508587040943041	-53.225830190466098202
4854	46.467902183077640643	-52.669645126609509589
4855	51.777487138203959205	-51.518062824479265771
4856	56.808451320371439408	-50.136877747377852188
4857	59.601325242131942161	-49.236080394090961931
4858	64.164993592638950304	-47.536819811939402314
4859	68.436116918178399260	-45.664656070703209423
4860	-44.250132305655625942	-24.218480684964717398
4861	-41.656829749227625825	-26.797205473861751557
4862	-38.947270032656902572	-29.323596926775330473
4863	-37.310330184108863705	-30.766747213845313524
4864	-34.382738549015265050	-33.193829533428647949
4865	-31.294131807033359394	-35.546088475123966077
4866	-29.414980882796402994	-36.876410413815996492
4867	-26.032733196708598200	-39.087694933586952573
4868	-22.439970772071809790	-41.193348778954252509
4869	-20.244747973981397138	-42.364440293230430257
4870	-16.282145610566377769	-44.272361000779561380
4871	-12.066572467337842056	-46.033457202686967946
4872	-9.492810529935997721	-46.983471544191154123
4873	-4.861304945978782044	-48.473811284873008276
4874	0.030336631125555527	-49.767372482287960622
4875	2.991396692792302137	-50.421725366016609371
4876	8.257809939880370820	-51.363881558506143676
4877	13.716893526787417912	-52.060987640939075050
4878	16.963188444258332055	-52.348130394232967433
4879	22.619221646864048125	-52.630537481820468315
4880	28.316233703577861291	-52.641124376099412530
4881	31.622990537659653398	-52.521623977895785629
4882	37.242931775784263948	-52.103060193113279297
4883	42.730843955133984480	-51.422565944603938703
4884	45.842535894903519988	-50.910964870294563411
4885	51.019074908641393051	-49.844282608720916983
4886	55.954935280863423941	-48.556215772304682332
4887	58.709242344397701174	-47.712414705383210389
4888	63.233094472316942358	-46.114427578875762492
4889	67.493973746591606755	-44.346218392975146116
4890	-42.397493842639789818	-22.355975229617040867
4891	-39.692161225352045051	-24.804797519554593777
4892	-36.879987050757009115	-27.202155704080666965
4893	-35.188560209493140007	-28.570595568236374362
4894	-32.178196718011648159	-30.870009981987173830
4895	-29.023325387132146602	-33.095658303783281440
4896	-27.114684603543420138	-34.352921373476462463
4897	-23.700276443162604068	-36.440147677413584404
4898	-20.102891498342309262	-38.424360232822031946
4899	-17.919708653775082041	-39.526447373624989723
4900	-14.006793310106109729	-41.319756803004374035
4901	-9.882146146775477646	-42.972998962460408734
4902	-7.382200925887646648	-43.864330115581338987
4903	-2.915948232525366279	-45.262852491472230554
4904	1.760369384937372272	-46.478848597006702903
4905	4.573320879097173552	-47.096024910084587134
4906	9.548851024938629806	-47.990436143738442354
4907	14.677901908550779808	-48.663071472708843146
4908	17.718637270238431825	-48.947813958683376256
4909	23.008417753062037292	-49.247785146280101287
4910	28.337356640680660291	-49.304065417318525988
4911	31.436044739579834584	-49.223986113749909066
4912	36.720312055644726001	-48.894126726272318706
4913	41.912067491231084659	-48.326547008400218886
4914	44.873742471861433501	-47.890458264933613464
4915	49.835138119557690572	-46.967705056434439825
4916	54.611542970569217914	-45.838022352878525112
4917	57.298274075418092366	-45.091505852917521224
4918	61.746799277347093948	-43.667031756742666460
4919	65.979166834371767436	-42.077728275103005728
4920	-40.602191771627722972	-20.481648203870701508
4921	-37.797560884742743781	-22.795696943469732076
4922	-34.897198320172201136	-25.058993289949363259
4923	-33.160429026066964298	-26.349816377522888189
4924	-30.084163318093118278	-28.516784726942638883
4925	-26.881068493800650998	-30.611566742377828376
4926	-24.953777385987887527	-31.793654788646563247
4927	-21.525920479394855533	-33.754013019477014268
4928	-17.941876010301758271	-35.615262446018846276
4929	-15.780345373899457684	-36.648148865212938574
4930	-11.931133042210214867	-38.327809505153410896
4931	-7.906722709544566463	-39.875855573991231040
4932	-5.483084631378122964	-40.710805829370613651
4933	-1.180040601255454957	-42.022608968145391373
4934	3.292363554774162093	-43.167232874569684498
4935	5.968575470613422418	-43.751122173237469326
4936	10.680958019534342540	-44.604501974852432511
4937	15.517125984248362869	-45.258798390841214143
4938	18.377355593090953789	-45.544173999935324559
4939	23.347475835899935248	-45.865646796935962470
4940	28.355783136633561980	-45.969710977669123508
4941	31.272669506316344012	-45.929413293737233914
4942	36.261420676041659306	-45.687590427913377766
4943	41.188416828994583341	-45.231050235901271606
4944	44.013652436869172391	-44.869063393053629341
4945	48.774974784940376082	-44.087685384544400335
4946	53.397318359121307196	-43.114125430433503539
4947	56.015801548741308125	-42.463872264792534850
4948	60.382707619687472800	-41.211822914782764826
4949	64.575632921358760541	-39.801239405555136841
4950	-39.578953260532017566	-19.383724192129822228
4951	-36.721946478061902042	-21.617501993719617559
4952	-33.776349857115128827	-23.800934524688415195
4953	-32.017020265835881787	-25.045547861611897389
4954	-28.909384886392299308	-27.133780324697390540
4955	-25.685565926979833762	-29.151003959878377003
4956	-23.751758942411388631	-30.288691608517915199
4957	-20.323415372644966226	-32.174450312431417842
4958	-16.753963848669719994	-33.963897214370604161
4959	-14.608571704165044025	-34.956640026156144074
4960	-10.801356647765008034	-36.570871797996787222
4961	-6.838187522748706115	-38.059021034294801211
4962	-4.459459471833395305	-38.862190497830788161
4963	-0.249803050024216711	-40.125667907101927767
4964	4.109025867630970552	-41.231217565394914004
4965	6.710335108969974094	-41.797229126229709095
4966	11.280488632257164028	-42.629232417680547940
4967	15.960350419936849775	-43.275056915727709850
4968	18.724913418433288825	-43.561851205464336090
4969	23.526281848651176887	-43.897128164899370972
4970	28.365510297674120466	-44.029569248823953842
4971	31.186315610987453084	-44.012422636114990837
4972	36.018066323294839037	-43.821333338617009190
4973	40.802904156460328977	-43.428436247922263647
4974	43.554011289141087104	-43.108873033805998887
4975	48.204967147273499961	-42.408499274817707203
4976	52.740116850361317802	-41.524625727797165098
4977	55.318849835805465887	-40.929827080957437602
4978	59.636148774451214649	-39.777422532825426060
4979	63.802076392628222834	-38.470539540356668340
4980	-37.850261196111553375	-17.481953033987227997
4981	-34.911926277388694473	-19.575291506040979783
4982	-31.898282920843509913	-21.619079413286772962
4983	-30.106220942458051582	-22.782983435789489590
4984	-26.955569671876265403	-24.733946726448031939
4985	-23.707392183303383604	-26.616392440911830874
4986	-21.768933248431995509	-27.677180907193736914
4987	-18.350617321056322595	-29.434269354252094786
4988	-14.816051869105866245	-31.100639800050306150
4989	-12.703315958437949362	-32.024967143705318051
4990	-8.974810802269407972	-33.528412701266326224
4991	-5.120248217469291596	-34.916082229305892781
4992	-2.818862846560757252	-35.666383367876903776
4993	1.233591064177853358	-36.850227255337458132
4994	5.405449044677679282	-37.892330541765502971
4995	7.885153473596322016	-38.429780292758572102
4996	12.226959464293639002	-39.228534018417654750
4997	16.658505802153133146	-39.862704467973259170
4998	19.271956636038297006	-40.153241408781703115
4999	23.807618828366827302	-40.513674129981644967
5000	28.380829425117543252	-40.695210915811770747
5001	31.050165534447547344	-40.717543017375497527
5002	35.633272122984458008	-40.612361568174449644
5003	40.190893619001535342	-40.326832187969031907
5004	42.822303962190396476	-40.078802493286282527
5005	47.292690376491755444	-39.515162759381581736
5006	51.682009756457802041	-38.783082301186162510
5007	54.192641307329438405	-38.282400262222836318
5008	58.421979084186745013	-37.299646198021122245
5009	62.535793937873371817	-36.170043148707129887
5010	-36.149748101816335577	-15.556674989690986166
5011	-33.140389359476415621	-17.507147581145286352
5012	-30.070117409478978487	-19.409113508041052398
5013	-28.252381086743771021	-20.491212015107368671
5014	-25.071316045423404972	-22.303415014906111224
5015	-21.811597745588723996	-24.050207257793715598
5016	-19.875831240904965114	-25.033919898915527824
5017	-16.479522220079800832	-26.662673819585094748
5018	-12.990369787413905911	-28.207163114068869447
5019	-10.915424837821218418	-29.064172328485767594
5020	-7.272162995225247784	-30.459376075180568222
5021	-3.529117214241856537	-31.749843696416522931
5022	-1.304792870610584465	-32.449450205185236484
5023	2.594754530343708954	-33.557681322018979131
5024	6.589060660892014809	-34.540452236615521997
5025	8.955018739921998261	-35.051639664790947393
5026	13.085811743592817180	-35.820685989452059061
5027	17.290512919337345465	-36.445936663774865849
5028	19.766771528913512412	-36.741322688661988138
5029	24.062020748428142980	-37.127849078624485912
5030	28.394697433767582595	-37.358142867000267984
5031	30.926751918891266513	-37.419189199740060303
5032	35.283318751404102898	-37.397751984695638328
5033	39.631753932332387080	-37.216604742192942012
5034	42.151689578138089587	-37.038135863233051737
5035	46.451402828662885724	-36.607707059970231001
5036	50.699465980214966976	-36.024060680952857183
5037	53.142379525202805723	-35.615752391748308980
5038	57.281033727683571044	-34.800201830141631376
5039	61.336601345783854811	-33.846276425516272468
5040	-35.169028075568995462	-14.423318162751661120
5041	-32.122836447547861383	-16.289860578885019038
5042	-29.024556844671142386	-18.108674821857345449
5043	-27.194911999301712768	-19.142905410848381820
5044	-24.001506146069715442	-20.874110204724619422
5045	-20.740437584249381331	-22.542003517895256692
5046	-18.809268715719717591	-23.481034820122623330
5047	-15.430628563731422886	-25.035666751455199375
5048	-11.972069154290606363	-26.510125009979649491
5049	-9.921094301338619914	-27.328627802842344607
5050	-6.329854823337616843	-28.662213351461680588
5051	-2.652623050219558909	-29.897709948199000962
5052	-0.472886477460822741	-30.568809568847623126
5053	3.339605602189415379	-31.634783408791488313
5054	7.234462320227916798	-32.584704672153890215
5055	9.537366576703028898	-33.081500238926643931
5056	13.552157163798431938	-33.834550062320928987
5057	17.633129442748927573	-34.455493114338224814
5058	20.034874392286706524	-34.753988230919738101
5059	24.199842604978648808	-35.155762759342707113
5060	28.402216774638816332	-35.413938636853494302
5061	30.859772659191634148	-35.496985845830735684
5062	35.092937933797081484	-35.523014421433657617
5063	39.326572830074439935	-35.400995187719260571
5064	41.784829148393754394	-35.261966302832263409
5065	45.989111802950475294	-34.907214930349837800
5066	50.156820363408094465	-34.408179651708401536
5067	52.560507842118404653	-34.052694195680281553
5068	56.645342474899656793	-33.333095917772517680
5069	60.664556231147173548	-32.480455109145552228
5070	-33.492646377735852070	-12.450116594193378461
5071	-30.390597228983491362	-14.171663726401328987
5072	-27.252295426442561421	-15.847203653525598455
5073	-25.407112584890246154	-16.799153079147234990
5074	-22.201112712746425615	-18.391504907024931015
5075	-18.946218722063115081	-19.924658359673568242
5076	-17.027683794054894406	-20.787636925921450626
5077	-13.686884028018571513	-22.216550968506826536
5078	-10.287157125722048434	-23.572795479315313827
5079	-8.280276330137846585	-24.326557480832285307
5080	-4.781853665769851602	-25.556968580621852283
5081	-1.218825139693613391	-26.700916254351813706
5082	0.884835320741556575	-27.324752548355068171
5083	4.550842608958304503	-28.320988657843415126
5084	8.280711570743331862	-29.217055886983992252
5085	10.479946681946957554	-29.690418310942110480
5086	14.305383178968577695	-30.417711917300987778
5087	18.185755099309137250	-31.032213111571469000
5088	20.467127894340258365	-31.336204887610477954
5089	24.422033545023801082	-31.763705803299092878
5090	28.414348865865790117	-32.068385669724889908
5091	30.751611241912250705	-32.188017958422960874
5092	34.784836994643519859	-32.292921017610019874
5093	38.831219854603105546	-32.269245219182678852
5094	41.188129908303196203	-32.195927063441210692
5095	45.234126155203668418	-31.967581790140453535
5096	49.266487836583806370	-31.610430000280189233
5097	51.603037129880327427	-31.343835699856906984
5098	55.593790260130319325	-30.786334092108159410
5099	59.546746689610770886	-30.105669060761922395
5100	-31.819053341768025689	-10.439366682771183292
5101	-28.670288038071568337	-12.015653731189070541
5102	-25.501845270542947475	-13.548241392079129142
5103	-23.647078659201891782	-14.418382751641205530
5104	-20.438795066116291821	-15.873199340869177831
5105	-17.200107682381378993	-17.273565746953867261
5106	-15.299731004492420183	-18.061908959503430339
5107	-12.005389986417480230	-19.367981297696157839
5108	-8.671585384222487036	-20.609362350694684807
5109	-6.712032427753198860	-21.300500750845536402
5110	-3.310154317748744912	-22.431551510204375433
5111	0.137566399547725537	-23.487819481123963783
5112	2.165823588078676920	-24.066583539216779286
5113	5.688861058127993253	-24.996582883125164187
5114	9.260229230794866595	-25.841757887946339878
5115	11.360872756929085270	-26.293071180949681320
5116	15.007678080743554361	-26.996261914023008899
5117	18.700240079796248693	-27.604915477875891838
5118	20.869367337358017522	-27.914216002557761698
5119	24.628794246976664084	-28.366170765205698245
5120	28.425649488843120594	-28.714907969603959970
5121	30.650759066994016422	-28.869201982740971602
5122	34.496826616958642830	-29.048941894840570654
5123	38.366556248916410254	-29.118865049010704382
5124	40.627039958867349867	-29.108291913211854052
5125	44.520783788504573408	-29.001138784315529051
5126	48.420633297364794601	-28.780812932868375498
5127	50.690242528684777312	-28.600375368733953252
5128	54.584952649783964773	-28.200844277150658002
5129	58.467188749546465942	-27.688975740118006996
5130	-30.842540779768420123	-9.249504688514486261
5131	-27.670732964358286665	-10.741475995198735305
5132	-24.489188635574276276	-12.191402676372234737
5133	-22.631496880153694207	-13.014388044022581425
5134	-19.426433154779690682	-14.390183144147757233
5135	-16.201546651272810351	-15.714575741550557808
5136	-14.314117570246747135	-16.460359896806700419
5137	-11.050486741531761581	-17.696617007037087177
5138	-7.758025827202810198	-18.872985915709346472
5139	-5.827359469915079693	-19.528791430636097459
5140	-2.483199045755773771	-20.603945793161678068
5141	0.896969330489573613	-21.611054707406104569
5142	2.881616070893026293	-22.164607192051342111
5143	6.322851393640796402	-23.057622356742367487
5144	9.804535738299575698	-23.874419283590135876
5145	11.849790092448223788	-24.313435743266595068
5146	15.396808817074054687	-25.003143779530024204
5147	18.985014382711685954	-25.608412346364623602
5148	21.091946676860924725	-25.920555344030894673
5149	24.743210116830635314	-26.385867890699287841
5150	28.431907649667600424	-26.758823599576057717
5151	30.594865443592922816	-26.932231132187361311
5152	34.336907846922862575	-27.153366285186816498
5153	38.107889085781181393	-27.275275371425443893
5154	40.314135620673020810	-27.299674765469468696
5155	44.121559358263986894	-27.260340591162858459
5156	47.945311133688008454	-27.116998076629151626
5157	50.175973357937067476	-26.985256827636405319
5158	54.013863703168269126	-26.675446125233190031
5159	57.852971149803359197	-26.260052223665191207
5160	-29.153793882645402391	-7.167140723853708373
5161	-25.949514989381768260	-8.515254438951748384
5162	-22.753011118942747970	-9.824759863548116812
5163	-20.894765555024132908	-10.567917692673768570
5164	-17.702833389692575139	-11.810406361234580430
5165	-14.508871574527779202	-13.007189921538296673
5166	-12.647580955845171502	-13.681729949976510596
5167	-9.442669947449708445	-14.801488450701071997
5168	-6.226029647271994705	-15.869783713771685285
5169	-4.347143129410116380	-16.467013976261821284
5170	-1.104609214661190109	-17.449719716757861931
5171	2.158717505528292335	-18.375716636743081978
5172	4.068790762150928941	-18.887723255534318412
5173	7.371482492599072955	-19.719814988877150341
5174	10.702778432690793764	-20.489803290206111797
5175	12.655741734850252556	-20.908460225885743711
5176	16.037331802203144804	-21.575613831736859538
5177	19.453346752215260551	-22.174708639626551587
5178	21.457907090693879582	-22.491062367267371513
5179	24.931345928982349136	-22.977369693255909056
5180	28.442205486396190395	-23.389012850241268637
5181	30.502826048506303636	-23.593151605580533925
5182	34.073111564547723162	-23.881188478957433574
5183	37.680186447078760636	-24.087608996986631382
5184	39.795892374200157349	-24.169120790932435483
5185	43.458160376091555577	-24.241073556065980910
5186	47.152428472133486537	-24.224853874968278689
5187	49.316024078322627133	-24.173941919198885131
5188	53.054577487072130282	-24.013868415457803707
5189	56.816227203928093559	-23.760620022069662838
5190	-27.442812351201439469	-5.031477177177585247
5191	-24.215201331785003447	-6.237886589084822297
5192	-21.013326287435067030	-7.409924202921419401
5193	-19.160154715104074086	-8.075309387606681710
5194	-15.990831246175877922	-9.188527667599462490
5195	-12.836690331889286654	-10.262264711035189890
5196	-11.006300695806022105	-10.868398412891625782
5197	-7.867348063128276614	-11.876730297330384545
5198	-4.732317034618886531	-12.842107346434810111
5199	-2.907812518824505865	-13.383720553562948652
5200	0.230070143408363265	-14.278843140944866619
5201	3.375461827051257302	-15.128132693843429735
5202	5.211234850171519106	-15.600860258245095480
5203	8.377394905923109647	-16.375275556716406555
5204	11.562165045966736443	-17.100724036218384327
5205	13.425861472038715050	-17.499827422435075164
5206	16.648365639822593209	-18.144840218660398534
5207	19.899678827647953483	-18.736872601898859614
5208	21.806589815921441300	-19.056303100356718261
5209	25.110626478199947087	-19.560604374710113262
5210	28.452027420947484160	-20.006663802749898196
5211	30.414963764473782248	-20.238512412018806685
5212	33.820759909092224405	-20.587465747571254582
5213	37.269876401450979131	-20.871619228211567787
5214	39.297735189306450820	-21.006048626433191373
5215	42.817942499240089660	-21.181879649249335529
5216	46.383715970638114356	-21.285435286703020097
5217	48.479821258418382968	-21.311255518921694119
5218	52.116641037703985262	-21.294446267587485266
5219	55.796515892427720473	-21.197897822370180165
5220	-26.432751339940967483	-3.761485847131369908
5221	-23.195889851381817692	-4.886848666955742715
5222	-19.995378766866505060	-5.980685426648265413
5223	-18.147771763154810998	-6.602009870223303878
5224	-14.995966066168955777	-7.642275404055761001
5225	-11.869052120032897335	-8.646888766787883540
5226	-10.058800967842358887	-9.214720770988392928
5227	-6.961495268024378014	-10.160843071370731394
5228	-3.876564692601354167	-11.068936772210950181
5229	-2.084889004856496530	-11.579652014881819611
5230	0.990682032636815202	-12.426174228202867766
5231	4.066841975995894920	-13.232913432847094981
5232	5.859401685243245339	-13.683832928363832693
5233	8.946776054171305503	-14.426144235258094639
5234	12.047683225697243259	-15.126632093338045593
5235	13.860555861559765489	-15.514657461875875910
5236	16.992859518970561794	-16.146826233817606067
5237	20.151145314241770024	-16.734158423910216129
5238	22.003009201475698831	-17.054739587942609802
5239	25.211633850700142290	-17.567909251759193268
5240	28.457564998500245679	-18.031785480437516611
5241	30.365394515743059145	-18.278214633352455110
5242	33.678166084550362314	-18.659576153827469369
5243	37.037532020864574633	-18.985528355481140039
5244	39.015225058016682169	-19.148621791088942246
5245	42.453784664697039375	-19.381122188675060869
5246	45.944944356338993430	-19.550592759735717863
5247	48.001454968998558570	-19.618931593468445840
5248	51.577821267341796840	-19.682071028131741031
5249	55.208035475588040697	-19.673759014885366270
5250	-24.665331236758778033	-1.528479688494508437
5251	-21.420344792733931882	-2.517849029476963985
5252	-18.230138138209060372	-3.481227882164937171
5253	-16.396680128748119643	-4.029365727959941523
5254	-13.282568691913919423	-4.948933390976597124
5255	-10.209431003978419739	-5.839701382653369244
5256	-8.437481286201000685	-6.344649958189519268
5257	-5.417317118453323310	-7.188903389143362688
5258	-2.422944002237434447	-8.003434313298884106
5259	-0.689723977268210553	-8.463749692348082831
5260	2.276261322291405431	-9.231032472765271280
5261	5.232225709834497529	-9.968341435468541789
5262	6.950395023636522396	-10.383602394086677734
5263	9.903111441371333257	-11.073206671255418243
5264	12.861749934210791935	-11.732324246315489091
5265	14.588813963449311473	-12.101726739099012420
5266	17.569397834412846748	-12.711671079223492598
5267	20.571748293193742541	-13.289638996385397363
5268	22.331500536681168967	-13.610917841121434435
5269	25.380588857134977587	-14.136226848559964253
5270	28.466834043724038139	-14.626525450791143967
5271	30.282370624142611604	-14.895100760931528683
5272	33.438975910616889564	-15.326439694252320223
5273	36.647003360366980473	-15.717754544931429095
5274	38.539704351422734874	-15.926081158333481369
5275	41.839094469131367759	-16.248775066551267798
5276	45.201837945745559466	-16.524230922629165264
5277	47.189543091824283749	-16.661477078081155412
5278	50.659591232665540872	-16.855229637826713684
5279	54.200700144558908278	-16.992540377613373437
5280	-22.847697496847981569	0.774248193930250683
5281	-19.605000657263421004	-0.084393671487374894
5282	-16.435629350541020699	-0.923344612303799717
5283	-14.622331681445720264	-1.402074668657884882
5284	-11.555783958507131359	-2.207754272076251301
5285	-8.545435611061995118	-2.991699137519830742
5286	-6.816532902487386636	-3.437861779626758096
5287	-3.880664796208782796	-4.187156121284751897
5288	-0.982613304724597070	-4.914683993789680905
5289	0.689474741409007441	-5.328173366258872612
5290	3.542469858565182150	-6.021802896523362314
5291	6.376335338192706814	-6.694405873658034523
5292	8.019676438953691644	-7.076292210041620123
5293	10.838065905664070243	-7.716207812882996286
5294	13.656013349646721977	-8.335712069775038202
5295	15.298690149669473826	-8.686888522296518644
5296	18.130714413764586368	-9.274156397759263371
5297	20.980983119050307550	-9.840826963389540438
5298	22.651076844011658551	-10.160986967816031168
5299	25.545001913027590490	-10.694135661163414852
5300	28.475861673048864731	-11.205116563744127234
5301	30.201445959215217130	-11.491873453646078929
5302	33.205406217278259362	-11.965407336942552874
5303	36.264713208240713982	-12.413250395940945481
5304	38.073414204130330063	-12.661284228726970014
5305	41.234254159534629025	-13.064225708896685774
5306	44.467661735591427430	-13.435461838118921918
5307	46.385267472784484255	-13.635717227032536414
5308	49.745448293527637418	-13.950322831294448278
5309	53.192295085066369609	-14.224377789889217638
5310	-21.761861917779096842	2.148934373695575939
5311	-18.525642140902959909	1.363382131640517025
5312	-15.373527589881135214	0.593548081909301195
5313	-13.574863751716234717	0.153195861682069806
5314	-10.540721894774710776	-0.589759251071674928
5315	-7.571197359112245451	-1.315115620810088926
5316	-5.869593454749544748	-1.729119972906169922
5317	-2.986170690624217805	-2.426560372607680538
5318	-0.146924517247295494	-3.106633104052020755
5319	1.488290485699722776	-3.494578742086202006
5320	4.273825128306385501	-4.147977562218628123
5321	7.035574705683076857	-4.785110394063254446
5322	8.635035525242509280	-5.148612883844498000
5323	11.375130552829789465	-5.760952725821601561
5324	14.111592097760665254	-6.358136707346354832
5325	15.705590425382768061	-6.698834888486770112
5326	18.452188174707870871	-7.272590466546500210
5327	21.215254962626929114	-7.831672383909533686
5328	22.834011259101110625	-8.150264776847652826
5329	25.639138736677978159	-8.685842375732912402
5330	28.481034066781919734	-9.206036880199855332
5331	30.155052061287644705	-9.501429261479206190
5332	33.071313290869710499	-9.995695503587443298
5333	36.044827697779211917	-10.472074849158000021
5334	37.804861803716811153	-10.740472533168965441
5335	40.884987689902146712	-11.185134740748855720
5336	44.042388309180189765	-11.606932950789975223
5337	45.918442189332004943	-11.840825163086490690
5338	49.212804377122040478	-12.220664062810891792
5339	52.602198479548334831	-12.569541408358853474
5340	-19.838892418722380739	4.574207604804982452
5341	-16.623412945807565677	3.908042497936330406
5342	-13.510396461682324443	3.250368284892218185
5343	-11.742165405713073767	2.872016406081263185
5344	-8.772249519763214209	2.230024237152701261
5345	-5.880557542014599903	1.598632358594583636
5346	-4.229880501017999173	1.236099592283340431
5347	-1.442638407015320867	0.621565663239344257
5348	1.290603924750239440	0.017360484783411737
5349	2.860087228733685816	-0.329702853140140750
5350	5.526492987597294793	-0.918556068956511318
5351	8.162162179470280776	-1.498482425650600414
5352	9.685416450807110778	-1.832145697175495691
5353	12.290301005177276750	-2.399310744734268752
5354	14.886863288362942370	-2.959272906514817780
5355	16.397598972648623317	-3.282101209014579357
5356	18.998499606676759299	-3.831933546239834509
5357	21.613227975781374113	-4.376052010981283935
5358	23.144763361115263223	-4.690260341623335272
5359	25.799091531070718730	-5.226123373296540642
5360	28.489828709590426570	-5.757034869458840021
5361	30.076121669689342752	-6.063741695696825751
5362	32.842868487678522627	-6.586689030522023813
5363	35.669544055965950236	-7.104133669872717327
5364	37.345935894009357980	-7.402472851049650693
5365	40.286606819031781868	-7.909574512609389707
5366	43.311580892628626316	-8.408496846871866381
5367	45.114639621087349042	-8.694394649541447251
5368	48.292198648285349805	-9.176418849151458446
5369	51.577953332471032866	-9.644376404535076830
5370	-17.830837280644978193	7.083786651296965609
5371	-14.649470498727769296	6.527751443766127259
5372	-11.588495905331519964	5.972699734913366143
5373	-9.857870596028911692	5.650777574380399848
5374	-6.963679756144919963	5.100308508244582484
5375	-4.160094301629115421	4.553794732473321893
5376	-2.565704336194437385	4.237685630660060099
5377	0.117259117024097415	3.697916212268134828
5378	2.737819004561497849	3.162243053542779680
5379	4.238327249032764144	2.852220257938789860
5380	6.781094416611169073	2.322132915063566561
5381	9.287437948266687116	1.794770821130582172
5382	10.733133674137565805	1.488810401402490324
5383	13.201314800279220663	0.964185240221572704
5384	15.657402791579645651	0.440192362830732986
5385	17.084897789849790684	0.135171206564272922
5386	19.540628951023123250	-0.389657277969226057
5387	22.007999500030766882	-0.916185139913288094
5388	23.453012334810832584	-1.223753458682504958
5389	25.957813844048690299	-1.754763079311668195
5390	28.498563237182562347	-2.289659022416364209
5391	29.997672848340322105	-2.603039195373791248
5392	32.615433669517258863	-3.145492709012984722
5393	35.295083215811459354	-3.693398806700441295
5394	36.887300703972741189	-4.014908690208202735
5395	39.686722981621208817	-4.571926372155075136
5396	42.576193932666129172	-5.134562422443145202
5397	44.303811519584364476	-5.464389834566596882
5398	47.359166337529131852	-6.034551555636757492
5399	50.534345458871058554	-6.607778156842188721
