Index	Longitude	Latitude
0	-17.560976610480338422	8.728409139080721246
1	-14.357144536870691809	8.231605824149580641
2	-11.275495651252413154	7.728546517993849285
3	-9.533681645491697054	7.433793147954180114
4	-6.621722875654882046	6.925083268863503783
5	-3.802199124590856627	6.414549051845376049
6	-2.199363800277524206	6.116905104835022478
7	0.496711082758054090	5.604894420409893385
8	3.128651396557501130	5.092273906642310166
9	4.635004074896812654	4.793626151139086744
10	7.186504452016151845	4.279756818585943812
11	9.699959017826387253	3.764592614542078941
12	11.149059154304723052	3.463949769275783019
13	13.621844624019985304	2.945488402163030095
14	16.080975118908213517	2.423973668725337482
15	17.509524098211642240	2.118716528712108360
16	19.965831593709225444	1.590601462698177260
17	22.432204409344251417	1.057110991947995515
18	23.875902136599506775	0.743767671616822557
19	26.377157944116248700	0.199792517812445086
20	28.912696598312180640	-0.352058514268960399
21	30.407985741982997752	-0.677224993102509054
22	33.017785825934595323	-1.243400605199845188
23	35.687650023304286151	-1.819678522763459538
24	37.273303672494847660	-2.159979791192907062
25	40.059904163075060524	-2.753476422994708628
26	42.934540992381670321	-3.358282090052367330
27	44.652573985790411371	-3.715470589212376051
28	47.689793850065029801	-4.337865179117772918
29	50.844714255591725305	-4.970437984258222919
30	-18.689728574769560510	11.737472266258382803
31	-15.370333217761981359	11.350870080096393977
32	-12.160604894183279612	10.940651198958741830
33	-10.339606270431772828	10.692405847161710497
34	-7.285284845710407353	10.251497710084825243
35	-4.317256450624654462	9.794469458833853892
36	-2.625899539155966522	9.521833904560917716
37	0.224799228287736241	9.042983878143770582
38	3.013394218690194748	8.551968454451976953
39	4.611389918084825013	8.260933594900313537
40	7.320483368388465806	7.752174759296602602
41	9.990942786953070254	7.232666664668012224
42	11.530837924886668588	6.925398664458367826
43	14.158154844817346429	6.388894588819508336
44	16.769384490059252357	5.841330800504050735
45	18.285082085429252174	5.517391095145005586
46	20.888345051282840359	4.951355547810016411
47	23.497586601454656829	4.372826497408226487
48	25.022277120719678578	4.030083375047674110
49	27.658481888476046606	3.430229908109891923
50	30.322916130299546467	2.815823803110458101
51	31.890064482327915130	2.451208164058537697
52	34.617190190101410963	1.812044650958849479
53	37.395567183760448415	1.156194860613629194
54	39.039777377292153915	0.766537618117728581
55	41.918037799912127639	0.082950791156896075
56	44.871500218070821120	-0.618721208703715386
57	46.628727348288180110	-1.035461344764525782
58	49.720332275271090339	-1.765764534681628417
59	52.911198460246566810	-2.513506286680633028
60	-19.801688181549138790	14.634828018543915462
61	-16.374110906609530502	14.372150312994692811
62	-13.041893239059845655	14.068809844454658986
63	-11.144150969799966333	13.875169681654814013
64	-7.950350475713321430	13.515540400575368096
65	-4.835209181367645215	13.124627513320968220
66	-3.055545710922615399	12.883822095325871970
67	-0.049747226013096224	12.448814075011785718
68	2.896811327971164474	11.988631726179116654
69	4.587485399155525556	11.709866302004408922
70	7.456234047016437216	11.212945635042377290
71	10.285888848788914629	10.694184589403475272
72	11.917811129005997373	10.382499243585241899
73	14.701536974844515271	9.830463267464310206
74	17.466242266795148907	9.257775973677102144
75	19.069573013410007434	8.914985510659356294
76	21.819942998175918092	8.309575646768355028
77	24.571184910277338531	7.683155882948439874
78	26.175826421695091994	7.308747890041147777
79	28.944167064657051469	6.648158748622318370
80	31.733282391258200050	5.965224157738169275
81	33.369151804689209939	5.557221622921953319
82	36.206986539397661318	4.837610990919580800
83	39.085686953281452816	4.093991968244585777
84	40.782969131105943461	3.649937410509296321
85	43.742280710242994246	2.867264033065703543
86	46.762585836658786320	2.059488746127820402
87	48.551487124919106009	1.577801277876638597
88	51.683832609070975650	0.730455298720174229
89	54.896453326361694280	-0.141179886852351083
90	-20.444145398014143211	16.273292348850414868
91	-16.956699760017727385	16.088222692828502147
92	-13.555461013290596384	15.852849848657708520
93	-11.613991240010818728	15.694374029405006254
94	-8.339996866729734393	15.387764517010063869
95	-5.139494924430778156	15.040760627276855033
96	-3.308296083773711871	14.821447013080874200
97	-0.211570099042887705	14.416635389053752192
98	2.827994811362430028	13.978469072851954280
99	4.573366111412212831	13.708905023296438230
100	7.536473902353890253	13.221851373329204904
101	10.460275447665281945	12.705766332640854088
102	12.146600723329072480	12.392470932685972329
103	15.022673998576550503	11.832458494627566381
104	17.877752896143931594	11.245483645146995499
105	19.532531877829200084	10.891591784950827915
106	22.368932071497937386	10.262509359830609412
107	25.202711847793096922	9.606826432826355955
108	26.853552979839292902	9.212909302520305488
109	29.697719290021439065	8.514692199295684105
110	32.557638397686162079	7.789117086876683693
111	34.232150846219127516	7.354068620501013953
112	37.131520439071948658	6.584282155549882276
113	40.064992293003058421	5.785957608663542473
114	41.790738183427635022	5.308048263189724558
115	44.792547494382830564	4.463853123370970621
116	47.846516780213789843	3.590460887057686179
117	49.650593257833747884	3.068763284025321614
118	52.800799959833057073	2.149644585628299520
119	56.020095109236478947	1.202536078395632035
120	-21.545045375784980024	19.012889094975903959
121	-17.959622710528719836	18.969303285335058717
122	-14.443234710776323482	18.859499963956842805
123	-12.427952281299894821	18.766691864370010023
124	-9.017295858764327932	18.560170452456837609
125	-5.669920409451265186	18.297276002414722740
126	-3.749509664953279753	18.119667397234167083
127	-0.494628374771764356	17.774328382033182550
128	2.707439327354649095	17.380629330330773286
129	4.548615242934431535	17.130242054720500988
130	7.677236391173522634	16.665000404016158342
131	10.766275992922317073	16.157142509272620856
132	12.548038305387393621	15.842613160824033258
133	15.585884071610109913	15.270530889626908078
134	18.598809647798418609	14.659403538113314980
135	20.343153267728609990	14.286116849342599622
136	23.328687911659983456	13.614911241361999927
137	26.304599720698035981	12.906441884677983367
138	28.034491816367392403	12.477100889081256696
139	31.007427250036755595	11.710280742005839016
140	33.986230688546129386	10.906747298443567828
141	35.724935482456061209	10.422213537306703302
142	38.725234717399018791	9.560655245602657004
143	41.746778199982031765	8.662440823711250459
144	43.517383873774065250	8.122846297801752158
145	46.584440388679468015	7.166879848811236187
146	49.687612877359811137	6.174808968430054001
147	51.512435410778863343	5.581044602431536106
148	54.683869606892386628	4.533254329338506139
149	57.905098270387497905	3.451722615024575891
150	-22.648481222696204895	21.664838119507869862
151	-18.970854273545455726	21.771568393631874017
152	-15.343199332521180622	21.797134522138343016
153	-13.255451297689546664	21.775946782264615109
154	-9.708898432501769094	21.679848969051985108
155	-6.213578510852357795	21.511163877687547341
156	-4.202575681128564611	21.380876315172031354
157	-0.786068171726697074	21.103983728508435291
158	2.583066343207462978	20.762637126159159351
159	4.523058859495051820	20.535427824531687691
160	7.822716833825325011	20.097754084693569609
161	11.082626182392317560	19.602374675244792712
162	12.963004533406888186	19.288369949356507504
163	16.167675703020790934	18.706002960569506399
164	19.342705972674622217	18.070973460038072034
165	21.178611461375879799	17.677757806752524061
166	24.315716461386188030	16.962412390039322219
167	27.434761931472849028	16.197864017326725872
168	29.243563937722711898	15.730656685099654979
169	32.343707591259686751	14.890252636733199765
170	35.438119822950966409	14.002956044919098844
171	37.238319095904671485	13.465261419642024165
172	40.333588431515948969	12.505253537650364848
173	43.435668233657452220	11.500207344933937037
174	45.246089802805983027	10.894856400432251675
175	48.368753931268685164	9.820225175110188331
176	51.510515147900804322	8.702904098142994371
177	53.349596854250535216	8.033482852545045461
178	56.530861174942543812	6.851396021233539635
179	59.742709058311874060	5.630669500948361161
180	-23.294769158952476573	23.171541463535270111
181	-19.565996654498576390	23.369223782855080174
182	-15.875190836102319736	23.477532896613240609
183	-13.745754118044487768	23.500473569613198777
184	-10.120170211415029371	23.472945400773607361
185	-6.537875362851536920	23.363350643514177563
186	-4.473252264360439767	23.262991260984680508
187	-0.960569997707011680	23.029768325676773344
188	2.508474256048714324	22.722269007806854546
189	4.507720837811206138	22.510261546954129841
190	7.910095059336072154	22.091081952321289350
191	11.272671302138320470	21.604744826268159841
192	13.212261132595415347	21.291760568136318454
193	16.516919839343785270	20.704081592363962727
194	19.788757252163605926	20.055127674800704796
195	21.679125914598870395	19.650003248183427473
196	24.905932664597685289	18.907952482457432097
197	28.109016535525142899	18.109198586954050825
198	29.963796731499513726	17.618818617916911506
199	33.137394007726783229	16.733319456377422796
200	36.297650894713029857	15.794683315462911821
201	38.132413953695021291	15.224435442441386357
202	41.280215160274565278	14.204246066245421076
203	44.425691920162421411	13.134090680583248911
204	46.256966863856064265	12.488781218097217973
205	49.407588491441401857	11.342287003486571706
206	52.567005600280481303	10.149479234431563412
207	54.411478762274271048	9.434648808427898103
208	57.593410151312809830	8.172314603069729344
209	60.794853531554650772	6.868901864980318628
210	-24.417471265694757676	25.703470445771841923
211	-20.604993774853028299	26.062499821132398381
212	-16.808195946087380435	26.318933045366840418
213	-14.607758437921916084	26.421435530319843821
214	-10.845996999875524125	26.518389330385570446
215	-7.112085178466713842	26.517001810972040232
216	-4.953309040027761512	26.471831368008505336
217	-1.270786172311204609	26.319711068318987657
218	2.375638188862325251	26.075717682850839907
219	4.480386296273820790	25.892531052374174294
220	8.065937140899194446	25.508956034531156121
221	11.611684589773489051	25.040867794114678446
222	13.656826171916435442	24.730679543516249197
223	17.139364620850869869	24.134738590038317341
224	20.582727540952475920	23.461584860521362828
225	22.569170446996224655	23.035342326062426821
226	25.953327507062056156	22.245497481732151357
227	29.302538945730134401	21.385190730949073412
228	31.236595474318818333	20.853036605754947885
229	34.535586099612942235	19.886220111847421776
230	37.806546467454069216	18.855100127780954011
231	39.698566819957676444	18.226304900778231399
232	42.931827462201226808	17.098125583877052946
233	46.145784423906945904	15.911549250468551620
234	48.008847445939949239	15.195019081704035813
235	51.199882279743690106	13.920896540296801902
236	54.381417016469669079	12.594674468278377333
237	56.230226641138841615	11.799912904429818994
238	59.404827848889340203	10.396920610034520394
239	62.580213063982057520	8.949366068711517741
240	-25.562476348085738209	28.170847709395864911
241	-21.671512054805816661	28.696654346776867328
242	-17.771694487966669840	29.107775936462200406
243	-15.500832539846214786	29.294032046687927817
244	-11.601818039563795537	29.523030054562070745
245	-7.712651863944984143	29.637508994422589126
246	-5.456509450635849134	29.651869835162145250
247	-1.596987259562979489	29.587862246896701635
248	2.235630224550277489	29.413535995179980631
249	4.451547803935568481	29.262257802326438139
250	8.230520696374526324	28.918597908369218175
251	11.969781283804337590	28.471697335723384015
252	14.126293378405819112	28.165356316828464855
253	17.795976045973759483	27.561826196072839679
254	21.418769214067367557	26.863765017995859807
255	23.505092487267461365	26.415400472475049298
256	27.051552963010010444	25.575125472448686281
257	30.549649771164837375	24.649643240532128630
258	32.563527479017523092	24.073237852971988815
259	35.987012173955633898	23.020372400248920286
260	39.365523389101838347	21.891642280690238209
261	41.311991258222491297	21.201229136616611015
262	44.624369640084637467	19.959790886592333692
263	47.898813370603591011	18.651718142023995028
264	49.788392021889876560	17.861180228316545282
265	53.009984665763852263	16.455043784544258756
266	56.203141840277055508	14.991654857620520858
267	58.050060095076872813	14.115115960768822134
268	61.206728265799483779	12.568932857515077828
269	64.345953917358315266	10.975562061520637513
270	-26.242461712784347583	29.580429057462467313
271	-22.308249365079745985	30.205401948839256221
272	-18.349790679068973986	30.709175393428214562
273	-16.038122581256857302	30.945880386089591241
274	-12.058469182040880696	31.254840648509070178
275	-8.076840564284907487	31.439938338068820656
276	-5.762221800947372685	31.490759154349227344
277	-1.795694974773823560	31.480959176307091951
278	2.150175431992522590	31.349733844071060673
279	4.433931687380720632	31.218290820437012201
280	8.331140645558662072	30.899586287334056323
281	12.188732499927937170	30.466123040844010461
282	14.413266684795132733	30.162368682921798069
283	18.196957141356563170	29.554514306996107820
284	21.928507174378154332	28.841444430540786215
285	24.075040131575804025	28.379652570807923695
286	27.718666370605859584	27.508699147106053573
287	31.304936498646497967	26.543563733214934786
288	33.365593731652268161	25.940264898859798137
289	36.861134551872282827	24.835202909177429120
290	40.300692478556413789	23.647445048484581065
291	42.277462855806618336	22.919875192774853190
292	45.632773879333882405	21.610357115336800149
293	48.938533872295295168	20.229565899197343271
294	50.841004214159994490	19.394889409211465647
295	54.075680985940749679	17.910307527657408855
296	57.270662459694563040	16.365790894085201046
297	59.113579258369270519	15.441062153114813782
298	62.254922610378969239	13.810805467772601318
299	65.368503852230588791	12.132200714155002785
300	-27.440435246936203839	31.962501095001261575
301	-23.436260853087333089	32.760891376180552470
302	-19.379309379187020568	33.427771378311369688
303	-16.997727266319657247	33.753744457310425275
304	-12.877777569452632633	34.204877098095288090
305	-8.732862670101667391	34.516247493149940340
306	-6.314020565584087308	34.632530068604495455
307	-2.155395632399631722	34.720402101951457041
308	1.995154352481250726	34.667141379994923511
309	4.401946707435200778	34.571675204729530151
310	8.513992427480872038	34.298340682164571547
311	12.586651198225212056	33.889401810318126707
312	14.934642661242975237	33.590426777820169946
313	18.924637584462146833	32.974877027149901210
314	22.851857905336458998	32.234767500658087158
315	25.106046982571257331	31.748775207831489098
316	28.922056004455015454	30.822596762115527014
317	32.662854220446746467	29.786261063017445139
318	34.804528415107824912	29.134794797847916925
319	38.423107381738248023	27.936525859606813782
320	41.964591535284711199	26.643795996657718916
321	43.990799238357027434	25.850376584370362565
322	47.414037963646933349	24.420645656937271184
323	50.766420679686945050	22.912049889448979911
324	52.686399212635194544	22.000085772986224697
325	55.935066201652830387	20.378650514992344256
326	59.124384355417703318	18.693242475113805767
327	60.955315253879462034	17.685113261233297521
328	64.061802046228365271	15.909832903531833992
329	67.123389468817549641	14.084777474189198898
330	-28.684479184885105951	34.300611256923751569
331	-24.616246632059983313	35.275592889582689793
332	-20.463831570472166277	36.109846574286876830
333	-18.012514123333176030	36.527966172222235741
334	-13.749555631459429605	37.126660998367334798
335	-9.434691167026926450	37.569916739910489412
336	-6.905977603596966219	37.754866801447434455
337	-2.542808723909843138	37.945539484649430051
338	1.827701714055763205	37.974579040415157749
339	4.367355573434480220	37.917127140545787256
340	8.711971496576097707	37.691679848985394585
341	13.017502148987489363	37.308436921207750459
342	15.498892743533360772	37.014292570270960425
343	19.710846222410680184	36.390099966321137970
344	23.846846139293916167	35.620826625000823640
345	26.214886982921910885	35.108940474865136139
346	30.211175642536545638	34.124018753100010315
347	34.110772557259281257	33.012439595838195316
348	36.334289223403459346	32.310325248095274731
349	40.074621967788829124	31.014555360925935901
350	43.713653090767650156	29.612733246985747826
351	45.785513154991889451	28.751231832182188697
352	49.268427276624890965	27.197854318927021211
353	52.657476004959960392	25.558638322497508000
354	54.588618966191376103	24.568067004782221829
355	57.839825414645133606	22.808089640378348406
356	61.011797348831123600	20.980838486430958056
357	62.824031839133112953	19.889085320802301737
358	65.884579862773023251	17.968931770825545158
359	68.883975170772089314	15.998193294493411543
360	-29.434106383259063477	35.643983259572948441
361	-25.331589736446062489	36.722930927938314483
362	-21.125164090164389563	37.656279431790558476
363	-18.633341909122123070	38.129191261404606905
364	-14.285690305904040542	38.815977789685121024
365	-9.868313717606042701	39.338314208807780403
366	-7.272583117194017177	39.564555534065092957
367	-2.783558826529088037	39.817160844317143642
368	1.723380176807438602	39.895824478817118575
369	4.345783692659949793	39.861268306696160835
370	8.835554486369062488	39.664546701068537971
371	13.286439062085094065	39.296477105365077875
372	15.850932504526696221	39.004977898611734588
373	20.200617106685939461	38.375000767997782702
374	24.465204865289138070	37.587489544233001482
375	26.902807939502224599	37.059611609978126978
376	31.008145263240095346	36.038697066779697309
377	35.002288001647059446	34.881372311756223326
378	37.273776855849121148	34.148632592076346270
379	41.084128887909457717	32.794215294910756597
380	44.777503153959315796	31.327185144338201894
381	46.873905081405752071	30.425181917408092858
382	50.387230555700057266	28.798583868152181964
383	53.792524763338860794	27.082437555594705003
384	55.726969888711664680	26.045754663240526128
385	58.973967130728027541	24.204807290467051928
386	62.130133552211333381	22.295005001608089401
387	63.928244170442042105	21.154726870547502671
388	66.956753455505293005	19.150721768076753193
389	69.915123428402125683	17.095892979541812196
390	-30.774710378949407641	37.926959670377421219
391	-26.619137051186953613	39.186174382787136494
392	-22.323029629099096383	40.292257231846740240
393	-19.761832543335913215	40.861070499232369002
394	-15.265841275968227819	41.702617742790906163
395	-10.665134722696052449	42.364444463008211983
396	-7.948033618021099755	42.663693819084777203
397	-3.228825363179339547	43.025934325734674246
398	1.529895701603919633	43.192392409902218731
399	4.305729329797941318	43.198219141445953539
400	9.065258811844444153	43.051782410076079088
401	13.786256227110555983	42.709554619528482533
402	16.504815781371490857	42.421945224573576638
403	21.108661702960176854	41.780099040564330437
404	25.608466204173396363	40.958494414002551309
405	28.172129461355439162	40.401262120244851417
406	32.472787438384671077	39.315015881733870629
407	36.633171862442821975	38.075527461677545205
408	38.987473762392454546	37.288168743678376416
409	42.915984019232155333	35.829839079865926976
410	46.697544130203965551	34.248145538346598471
411	48.831964010920955843	33.275316775077776299
412	52.388942280743776791	31.521337834044430792
413	55.812270703196134036	29.672147778263177287
414	57.746299059027279554	28.556053818947891187
415	60.975388024936933107	26.576181619437946324
416	64.093857192841227288	24.525312502659375014
417	65.861783605745671366	23.302333960116222045
418	68.825661916376645877	21.155729136506632670
419	71.704897887851643645	18.958192084277637690
420	-32.194189585945252929	40.183384995238611737
421	-27.994209047668164203	41.624423619528123197
422	-23.613288597530413426	42.905858865021357929
423	-20.983261752705175240	43.572517527815371352
424	-16.335134622648638469	44.572685322946583142
425	-11.540654623042769344	45.378167856392629176
426	-8.692940015752924410	45.752800668434204567
427	-3.722519050772689297	46.228326241354778858
428	1.314521481450100282	46.485270125542633934
429	4.261073417873348035	46.532446616184614641
430	9.321708806451283635	46.436750411410073980
431	14.344119100384773446	46.119225858452388422
432	17.233980444782446284	45.834142028211765307
433	22.118480812936184066	45.177046498768952176
434	26.874679252629164239	44.316981232475086472
435	29.573868519464241444	43.727574315383613168
436	34.080924535912515694	42.570991014571035294
437	38.412211180032556967	41.244513102143912420
438	40.849308636887883495	40.399963152432960101
439	44.891860393153677933	38.833913477147632420
440	48.753239104106285140	37.134699741816447727
441	50.919294494740540813	36.089868201898397615
442	54.507105745969084865	34.207341192090204629
443	57.934170255773693725	32.224985204318016940
444	59.859133190171746719	31.029852574775922847
445	63.055399525470249955	28.912363512244571240
446	66.121705345415136890	26.722438215820375262
447	67.851423638151061368	25.418182779147301176
448	70.737801285291283193	23.131737238111064414
449	73.526400571062453082	20.794498488531882430
450	-33.063147816805496859	41.486668281455628460
451	-28.842070313714373242	43.034014778026211445
452	-24.414640065115463585	44.418490795532171944
453	-21.745018444430115778	45.142875129536712109
454	-17.006587853058817927	46.236965585101742704
455	-12.093872099641430395	47.127829162774581562
456	-9.165157290786282829	47.547348764134625299
457	-4.036971670188449934	48.090333343951229494
458	1.176863384292119008	48.400973633134022123
459	4.232491984215329239	48.472504493401473269
460	9.486039565597167211	48.406205788216496444
461	14.701471852027907516	48.102101613025695315
462	17.700657767012216937	47.817577256810089636
463	22.763122295623929858	47.149544924029058279
464	27.679956898910859309	46.264603760484035888
465	30.462973048561792666	45.654927253021668321
466	35.095658694295764235	44.454775146523232365
467	39.528303548545665080	43.075267884308928501
468	42.013200071358312471	42.196219498635187506
469	46.119306512754093319	40.565804109970237334
470	50.022178030600315424	38.797109601013090696
471	52.203034947036798030	37.710024208822872538
472	55.801766472218162107	35.752556841085869621
473	59.223405494851959929	33.693122810985833837
474	61.138584774917745790	32.452458384294260441
475	64.308103410150636137	30.255996596518109243
476	67.336766243486550820	27.986568777572568223
477	69.040254891302367923	26.635941118031162489
478	71.875183515398788359	24.269809880935380164
479	74.605412115880255897	21.853014942698969492
480	-34.642990636199897381	43.712478988637030852
481	-30.395617236220061841	45.442917889000888465
482	-25.894705870117604718	47.005773708969634583
483	-23.158465741711665942	47.830509446806523499
484	-18.262112987757518567	49.088513868319743949
485	-13.135712312774558086	50.128981627108124997
486	-10.057788832668620671	50.627298659120043567
487	-4.634654855578446586	51.288666771965765179
488	0.914156062812679693	51.693073783082887473
489	4.177860561057741506	51.806698447625976200
490	9.800556121830908296	51.790065260274765535
491	15.385064264854662497	51.506526928753984862
492	18.592390562986423674	51.220822994336877798
493	23.991005537755171417	50.529400790105569286
494	29.206837092834206260	49.596417221730135338
495	32.143461035548426707	48.948738675800100850
496	37.001898193238190515	47.668505265511662117
497	41.610944386010885410	46.193372300929276264
498	44.176240609559329187	45.252897587985316363
499	48.384380323952910885	43.509163886118983555
500	52.347409942910815062	41.619671097914547886
501	54.545973153733427807	40.459759408235136391
502	58.148926707155908389	38.374099787980462395
503	61.546007656976428279	36.183866271289083727
504	63.435524708070715860	34.866330183719291824
505	66.544328856849517706	32.537063705753652698
506	69.494507887632323673	30.134413871670680862
507	71.145450980569194144	28.706214268299721226
508	73.880207276846192599	26.206880121571309417
509	76.499799540251501639	23.657068975249551102
510	-36.352247211723465625	45.924959698505794847
511	-32.094255613113659820	47.838456314357998167
512	-27.530822224591020131	49.580892155960341938
513	-24.731018921305235381	50.507243375031762866
514	-19.674219261272128279	51.932152213608624436
515	-14.319482198216519464	53.125843106757791645
516	-11.077513745099395237	53.705084714184422978
517	-5.322903710517493892	54.487954801510085190
518	0.609857995614078163	54.987821233215811390
519	4.114435375138214113	55.143570749694930555
520	10.166354653409229059	55.174702661221502353
521	16.179360423640275712	54.907313654995753893
522	19.626704165442674821	54.616832156931835129
523	25.408238882052160079	53.894548185247955985
524	30.957055732725223152	52.905215333676991918
525	34.060664286161966174	52.214705164719617869
526	39.157165417990142942	50.846716212835247006
527	43.942967588460646766	49.269687193891357424
528	46.584337366925780088	48.264981919688210610
529	50.881151049764525851	46.404737491693367701
530	54.885749352036555138	44.393342117911814171
531	57.089720119548132971	43.160876467784348165
532	60.674526125958891498	40.948898700516238591
533	64.024383827055544316	38.631240085268458984
534	65.875352085386452927	37.239344810270125663
535	68.902339082757634969	34.782281284391160625
536	71.754657345525458823	32.251981515983622728
537	73.342684928898336238	30.749579787456287505
538	75.961091358546525498	28.122846768884134150
539	78.455947658030822822	25.445618335349116990
540	-37.417236395980523866	47.207895627642280090
541	-33.162150632622854118	49.227606303064213478
542	-28.569175273014252525	51.074865348783085039
543	-25.734656645262361963	52.060843493315992703
544	-20.584163060569608206	53.584202001427094331
545	-15.089305633268395468	54.868784763342681288
546	-11.743915731191918894	55.496165974402892118
547	-5.775975889000392272	56.351284837702749542
548	0.408456530772497217	56.907471708251584630
549	4.072369749759758406	57.087643050781608167
550	10.409340121684834912	57.145289671888974681
551	16.706419290055890770	56.884575801762650826
552	20.311816407943950935	56.589154741639568158
553	26.342518161047507874	55.844524553473362971
554	32.103296983236731421	54.817661294200419775
555	35.310711190340697385	54.099543145134049382
556	40.550808404100081361	52.676360611697532477
557	45.437745696274646434	51.036848300827877267
558	48.119947546334515209	49.993437069149109675
559	52.459484175049169608	48.064072357734538343
560	56.477000185627446172	45.981604734100400833
561	58.676982275063323868	44.707339703866395553
562	62.238669388503069513	42.423317737121912785
563	65.548733877058452890	40.033728648657756821
564	67.370416650092607824	38.600118955867792181
565	70.338764188630989338	36.071674046824405480
566	73.124191005172860969	33.470304610840614146
567	74.670345891767226476	31.926626599183180133
568	77.212908569587114016	29.228981127401233664
569	79.628137854808244356	26.480657716536128987
570	-39.389879563696069908	49.405907557940366814
571	-35.159767808591141147	51.606909245655280927
572	-30.532259787042960397	53.634315896486938868
573	-27.644336698959477872	54.723413392752092932
574	-22.335032401678745373	56.418142116634086847
575	-16.586754533630596598	57.862115026382504368
576	-13.047873198431489072	58.574257818047492208
577	-6.670426578223441538	59.556611227367518779
578	0.008213248484622682	60.211084354206882097
579	3.988561514947406295	60.432929601768719863
580	10.894303768950663880	60.533148386651312478
581	17.756702576807612104	60.277727544684971406
582	21.673828320006862214	59.968985364470093202
583	28.188370710521837736	59.176303791860213721
584	34.349156764037076073	58.074806285487348134
585	37.746504052657883221	57.303664838754883704
586	43.239077619396908858	55.777359245560539591
587	48.291257993073912758	54.024485807894265577
588	51.033893697265284572	52.912280521285190105
589	55.424844939151796552	50.862315622723556885
590	59.438895786969396795	48.658366831506839389
591	61.616482945649977410	47.313652615153564795
592	65.111998663431052137	44.909623003627473281
593	68.328625691265813202	42.401623392644530952
594	70.086343867361961202	40.899819621068594699
595	72.932365998650936945	38.255214662229185762
596	75.583765349995672977	35.538534474809239327
597	77.047989464907686852	33.927903572809256616
598	79.444923520800102779	31.115053824977838559
599	81.710183446934763651	28.250776534889453728
600	-41.576965626520063779	51.596715404867964594
601	-37.404652308950289807	53.976401163258245219
602	-32.771332545739994657	56.183192935326445649
603	-29.842496204486167244	57.375984990312446143
604	-24.383297894317138343	59.244878875228707216
605	-18.366992802479217062	60.852920338173376535
606	-14.611930695316686979	61.652990582346646420
607	-7.757935753557831049	62.767589191090408463
608	-0.483387392767326673	63.522960435000157986
609	3.885226824787650912	63.786074226732161208
610	11.493752898180815691	63.923944928661803999
611	19.051201232824553244	63.663493014895877309
612	23.345874941867293728	63.333387859854141766
613	30.431568225957676077	62.476835580825550664
614	37.042778635762715567	61.284566414967436287
615	40.643131477604924839	60.451801256957104158
616	46.387402940324221845	58.810139290116985933
617	51.582340537054562901	56.935719542110469149
618	54.365795617478738677	55.751956170824442438
619	58.768240084708452287	53.579946074879018170
620	62.735757521166277684	51.256794123887651438
621	64.865983600752997518	49.844398863832722668
622	68.254255880917810373	47.327085332185625077
623	71.339841425284475918	44.709252432332817762
624	73.013572771660506078	43.144827120577623703
625	75.706177851161896797	40.394216680002259068
626	78.196522262906228207	37.572653443981536725
627	79.564839203605515650	35.901080242389546981
628	81.794879007828853901	32.982988289751922650
629	83.892020875394166524	30.011979673678577996
630	-42.967285592457869825	52.868155367582531312
631	-38.848324473327465967	55.349990557443270234
632	-34.230109412109356981	57.660340756925066330
633	-31.286340619134875851	58.913582299213651083
634	-25.748649978323555843	60.885131810548074327
635	-19.571624818765712917	62.591231806683012451
636	-15.679252428000836517	63.444340913924001768
637	-8.509809337402998608	64.639028151203888228
638	-0.826639600200905988	65.454920650045792740
639	3.812807019312941748	65.741923084053851767
640	11.914786370264636162	65.898810847893201981
641	19.957444887446598614	65.629120106749098795
642	24.511509124603946930	65.281673132718140096
643	31.979198192206695239	64.378451241643077196
644	38.876992393504934853	63.123994159524848158
645	42.599329054631851932	62.250563009827111216
646	48.482991483421756129	60.535269227477975562
647	53.742358175867877890	58.586179865223833474
648	56.535724044367412944	57.359670159762202957
649	60.918941160334185270	55.116597057232638690
650	64.833308467244194162	52.726027660440159650
651	66.921471691185416830	51.276117811071451058
652	70.224237134033216989	48.697054509506429554
653	73.213107755853826575	46.020339643582893530
654	74.827302582132944053	44.422654016948555977
655	77.414350394370160302	41.616042422194361450
656	79.797059432079549879	38.739184762093763936
657	81.102444044112644406	37.035424083700398512
658	83.224604097700307648	34.061481955761372831
659	85.214780320193199259	31.033325142501020366
660	-45.597726210625239673	55.044456492344068010
661	-41.615180935715557098	57.697120869554105127
662	-37.067907916128149282	60.182745505876823700
663	-34.122128330470616220	61.539584532795522875
664	-28.478383440733523457	63.689677633430854087
665	-22.025644410813356444	65.569701840046249686
666	-17.877257020885281236	66.518227616347061826
667	-10.084997931848874941	67.858197936476415180
668	-1.555334827328124447	68.783059007412319374
669	3.658305040121291540	69.111227551774348399
670	12.815355773651447180	69.294382650745276919
671	21.885879829603794633	68.994000904980850919
672	26.976627942828571349	68.605260668459720819
673	35.204523280346563752	67.600130095222255022
674	42.632602364735021183	66.218419032385000378
675	46.561738232475590848	65.265183853510947642
676	52.650988018927250778	63.410841199119879263
677	57.966132307202229867	61.326950569057871121
678	60.740542266976433439	60.025797276479721631
679	65.028308954628471383	57.662357754383855024
680	68.792737540887657133	55.161522894403766770
681	70.777356770890577309	53.651737540197501630
682	73.884993559175427436	50.976099462702372023
683	76.666391327035057657	48.209128060034210250
684	78.157221368893260660	46.561016420962083373
685	80.531257521428130985	43.669988703653302764
686	82.702421841971272443	40.709858492852475820
687	83.886188275062579578	38.957437501702479210
688	85.802739720605302409	35.898415007044604863
689	87.592016728441365103	32.782042497290028393
690	-48.595739040346074944	57.204464058254757219
691	-44.825108922207334672	60.019302932269084749
692	-40.430245959790170218	62.674491020728261503
693	-37.529063444381620229	64.133624616278609665
694	-31.846060780485345276	66.464514450346612762
695	-25.142586463410225406	68.526940246979023641
696	-20.717929199761215386	69.578297460405934771
697	-12.179163499452215547	71.077967141312782928
698	-2.545996058333685141	72.122393344424409634
699	3.446511362858473149	72.492877179522579922
700	14.054376804316149219	72.691529815499677625
701	24.511873065798738480	72.333662673590012560
702	30.295162898549847341	71.883054517173576414
703	39.435209661135360193	70.738622244696060193
704	47.415132508768408570	69.196990037275213581
705	51.520974998863351857	68.149246089623119360
706	57.722719989854084588	66.139179183883570090
707	62.978750182013300218	63.914070604513071316
708	65.666565975386191667	62.538554175588892292
709	69.749720829676562062	60.060658094845514654
710	73.268424141358735824	57.460585156394486717
711	75.100488179395199495	55.899004951403611585
712	77.939830486024675338	53.142578177903395442
713	80.453091189304359432	50.302595854247101670
714	81.790231489074812998	48.614419184167758203
715	83.906403942706901944	45.656868409805007047
716	85.828860393131321871	42.631002565660054415
717	86.872322103309841168	40.839782744516526236
718	88.555348496454143969	37.711772242009061529
719	90.120203450882513607	34.521918381265024323
720	-50.544406307583301441	58.449795828864964164
721	-46.943371357970363533	61.353301906150996103
722	-42.690581897645756726	64.102941182752459781
723	-39.848283238929752770	65.620267027801361337
724	-34.195944587735766618	68.056808210887808741
725	-27.380042553372618386	70.230039097639505030
726	-22.793149828765081111	71.345889176769659912
727	-13.754956391364544288	72.948434378868412864
728	-3.309612387308447978	74.070679697364028016
729	3.281796379170941691	74.467208901402585752
730	15.020949913522315455	74.668014736741341153
731	26.534011608070812827	74.258353405981310402
732	32.816360992526995233	73.757985420739359483
733	42.557668507008202141	72.508878159155955245
734	50.837096912094921208	70.855562052402376594
735	55.008604942969213880	69.745344019087923471
736	61.194980401171562789	67.637551086804236888
737	66.333627422300594390	65.329244084879988463
738	68.926444971048539401	63.911999386696464853
739	72.823066673839605301	61.372780524311700390
740	76.143206409957315373	58.722504327765932430
741	77.859154989281762482	57.135840756627949588
742	80.502755870497992419	54.341766744086321239
743	82.828101569032241969	51.469092452462753329
744	84.060158631991555467	49.763351547759228310
745	86.003434782909607748	46.776867848326169508
746	87.762465020344166078	43.722212144623988195
747	88.714936479887967380	41.913705221195890260
748	90.248153038439909324	38.754161966916036874
749	91.670692603392012643	35.529436082079612902
750	-54.316518961815745570	60.557769624156328803
751	-51.113086754427797587	63.599466004330544422
752	-47.235637353646040992	66.499709714050936782
753	-44.581839362207347222	68.112380241460641628
754	-39.141839895319435527	70.728424108250621316
755	-32.269858007951540912	73.100508743242627929
756	-27.441683960033515177	74.337780449028471708
757	-17.444235277327379663	76.143125971432738197
758	-5.167223798906434240	77.424108231110295719
759	2.875316035612058840	77.871114445786403735
760	17.413775664655645414	78.057622172572962427
761	31.417728172270841469	77.508069567347590123
762	38.764584315699522676	76.886113962649915266
763	49.592580072274671465	75.401206994640972425
764	58.210934041333416644	73.518967732205581456
765	62.353048923105063750	72.289430770710993102
766	68.266129986850330624	70.006703023640056927
767	72.987943014336224223	67.560770706443619815
768	75.311769501461242271	66.078683539789281554
769	78.737845061984671702	63.449895722784056318
770	81.600672987558652949	60.732150016037671492
771	83.062093357174546782	59.114044569944319107
772	85.291835988418711167	56.275829426946494038
773	87.233566237491402262	53.367589684566780761
774	88.255720877055978235	51.643501441775626404
775	89.859541230213437757	48.627130892323712885
776	91.303374824325715053	45.541976005227930102
777	92.082377955988590656	43.714321861941499492
778	93.332696007232073043	40.517763664015298275
779	94.489190458111011139	37.248877436096456961
780	-58.738029413030687920	62.603421855538258001
781	-56.110695805253214985	65.757321835523299569
782	-52.844888706875451589	68.784309142684634253
783	-50.549237788924017423	70.480963306036969129
784	-45.669918570903746513	73.265428981764344485
785	-39.126871848354653594	75.843238952643162065
786	-34.244663811767452444	77.217857195390379843
787	-23.312293690901697119	79.275851854387610729
788	-8.367492472868661935	80.775312639755512123
789	2.153082762775341052	81.290106966988062709
790	21.670634079873934752	81.421304364157464306
791	39.574378559183969628	80.615464231937110640
792	48.194560900641590706	79.799566785373656330
793	59.782621312942808345	77.986614191180322564
794	68.113444384435069878	75.832734313850920671
795	71.871599675547884090	74.477121731466482402
796	76.999819494517112162	72.027891370952701777
797	80.922891524344095160	69.467519001047165261
798	82.805559436638816351	67.937614353892357144
799	85.531112332021734801	65.251314145120858257
800	87.768497738573103106	62.499399773602085872
801	88.898351787899116516	60.869193618223022213
802	90.608141273717819786	58.019456375025939110
803	92.084851335182008825	55.107140848457085269
804	92.858192446207908688	53.382420787975277676
805	94.066692420778736050	50.365460612747874336
806	95.150123494537353963	47.277563073604689237
807	95.733127033888195001	45.446157312258556260
808	96.666894660624393509	42.237626827985074840
809	97.528738834732394025	38.947664506551035402
810	-61.671335936261527877	63.751074497865864998
811	-59.485979900957602240	66.953100265697088389
812	-56.726412406929284771	70.036481952497766201
813	-54.754731928209764646	71.772500035564789300
814	-50.465289587868653598	74.641907467347806460
815	-44.471876239661185082	77.335776149084097142
816	-39.794245192836285696	78.796309405489779465
817	-28.596464334674237762	81.033029436740406481
818	-11.581676593049564872	82.712809830077148376
819	1.394329453021725840	83.286641970848606320
820	26.107543743463423880	83.345271897270649220
821	47.235225509258725651	82.286656956034306631
822	56.435881982883387309	81.308017343960869994
823	67.793335197617523136	79.260253987139904552
824	75.336817783463231990	76.943277913231398202
825	78.599110768009438743	75.520955786874722548
826	82.933445417872576400	72.993569768653927099
827	86.172015838688707845	70.388683448955177369
828	87.706177433326217852	68.843984766298106592
829	89.907544160365603148	66.145954389752716907
830	91.699624987158358635	63.394637261579696030
831	92.600184716662965911	61.768682808953997210
832	93.958108936563974112	58.930616260027711917
833	95.126820107232845203	56.033113998976268988
834	95.737561010370995973	54.317531724307045238
835	96.690426270736679726	51.315782149451763416
836	97.543316510296676825	48.240917656893344656
837	98.001816950362467651	46.415429455361731925
838	98.735635416249238006	43.213131214088193133
839	99.412455716835893327	39.923141796750215349
840	-67.449540590144749785	65.614676223945735956
841	-66.252754083979425559	68.857051502686502431
842	-64.702933706398368940	71.990347052287376073
843	-63.565670863973991800	73.764903304106169912
844	-60.990750056739500451	76.729588149458294311
845	-57.110063937394670575	79.580180317200017726
846	-53.792884903931451390	81.176825703755937980
847	-44.431757705936092862	83.762670934855691485
848	-24.229982700404889329	85.936287064923490675
849	-2.075200202402243121	86.723973671912730765
850	44.718306102070414454	86.430095648447831991
851	70.557489227405767451	84.581062725650951961
852	78.222091937658262850	83.247549342622974677
853	85.961526505112658469	80.803469582968332929
854	90.412185214786575216	78.274117100672526703
855	92.219566613424035495	76.781482059402932805
856	94.538534455323258499	74.191916408615341538
857	96.222716865950872034	71.573999137518754310
858	97.009044119012173724	70.036814510885946561
859	98.126865733176828144	67.369286223018434612
860	99.029357804535607102	64.663478448520947950
861	99.480813618114211749	63.068424653493543985
862	100.159424320274581532	60.287785177498513178
863	100.741825044212021112	57.449869741705612114
864	101.045697257311474004	55.768638991782161440
865	101.519294891653316881	52.823330282462833907
866	101.942830274818220460	49.799262557259197592
867	102.170422799818766180	47.999682930775492196
868	102.534610950840828991	44.833841269424659970
869	102.870504981504154784	41.567878875314185905
870	-74.315999159386649353	67.280942564425501473
871	-74.440790613911474338	70.488123533137581944
872	-74.605215067441065457	73.580685096906961462
873	-74.728075725265000528	75.331940838125433402
874	-75.013969485240238555	78.264780564583560363
875	-75.468558871110019481	81.110222989888200118
876	-75.884692316410848889	82.729999744748710100
877	-77.252144407485729971	85.456970381747126453
878	-82.400959347953119050	88.114142189159139207
879	-114.402325260922111738	89.559464130733815068
880	113.618254903471211037	87.720509416301339911
881	109.778374460753298081	85.170539506363340365
882	108.976161916203068358	83.695420217212316061
883	108.224509184342878143	81.174548611140565413
884	107.806502319865103345	78.664425571537265114
885	107.638134999327633068	77.205148487303929983
886	107.422501494231141805	74.694517187729900343
887	107.265802919052191555	72.172151139209475446
888	107.192528260882852464	70.695200323079077975
889	107.088166275629760094	68.135829893907754240
890	107.003690647965186145	65.541155720288998054
891	106.961345875679455730	64.011086733413904426
892	106.897570217788484115	61.341107846638493584
893	106.842704680875385748	58.610839403691457505
894	106.814025717622200773	56.990089534207434951
895	106.769251689774478109	54.143617960621277518
896	106.729126889455358196	51.210161099085212300
897	106.707530970004768278	49.458651087933034773
898	106.672921576911448938	46.365763573315661006
899	106.640941930336794030	43.158349569315930694
900	52.115735780082388828	-6.054729110259929215
901	53.228795842808352745	-9.066516069285144752
902	54.319878902418935240	-11.967543956551633499
903	54.947850446966725713	-13.608573930039664646
904	56.019850728293533848	-16.353317388890562967
905	57.089220664470133215	-19.011368464704514025
906	57.713218562671102063	-20.522080964403045300
907	58.793156966284300324	-23.061732471380295806
908	59.889351684480118365	-25.537968280578205338
909	60.537910538261627380	-26.953275987298123795
910	61.676182053840875597	-29.346272781537230401
911	62.852498961708391789	-31.696846301711275373
912	63.558563024954423781	-33.048273150345565341
913	64.816232970479006781	-35.346665209247888129
914	66.141073598515333742	-37.620810393233156788
915	66.948743524519898074	-38.935642025548027334
916	68.410870815662178757	-41.183794814109724314
917	69.984012966484726803	-43.422376997073307336
918	70.959806858781007577	-44.722575086597970540
919	72.758830817120525580	-46.954554778274356863
920	74.741502939022410601	-49.185995770575118513
921	75.995860512813663945	-50.484860112061852533
922	78.357486228404241047	-52.716363747078879953
923	81.032892869261445412	-54.944448692424693093
924	82.764009900278438181	-56.236898848980395371
925	86.101100234921261745	-58.442303950575180238
926	89.996681357383749855	-60.612223323158623600
927	92.576371176236420979	-61.848061902520967692
928	97.660396952838141260	-63.898108386484651078
929	103.733359878327632941	-65.806506646712207953
930	54.228488642742973980	-3.634644420178364754
931	55.476710830955994425	-6.664705024836330871
932	56.701826477426379824	-9.599835444443364452
933	57.407541459193510036	-11.266928470038218180
934	58.613119776559813090	-14.065457370032971696
935	59.816634145161174274	-16.786756806519580465
936	60.519231864440484969	-18.337829511465312038
937	61.735609403905101544	-20.951681897235403085
938	62.970621266293562712	-23.506823800179390105
939	63.701366052155123043	-24.969613263649456769
940	64.983799072853656753	-27.445911822646674949
941	66.308738742373122932	-29.880812592250880044
942	67.103713450919030947	-31.281281122849250664
943	68.518964845784125828	-33.663020176370118008
944	70.008368517231133410	-36.018256665928710447
945	70.915464836166961504	-37.378724220213065621
946	72.555503669026506941	-39.701664003944614478
947	74.316542183662761545	-42.009141073103293706
948	75.406767766120253782	-43.346062882947833828
949	77.411920093408696175	-45.634070444684184054
950	79.613549336880964802	-47.910754050753794786
951	81.001470229297183323	-49.230024774482650685
952	83.602995658351233033	-51.484516275487322901
953	86.530083750348296689	-53.717578833980340391
954	88.411655448543115199	-55.003227448348269490
955	92.009042201924330584	-57.177619508306698037
956	96.155379116723509014	-59.288588785646375356
957	98.867834802836341623	-60.475729947649611518
958	104.132706360583370042	-62.415461164550322337
959	110.278797768674280633	-64.179692738455941026
960	56.254999246063164264	-1.296286476197049176
961	57.635381384601885202	-4.326102088439687243
962	58.991372043734685349	-7.276680739436540257
963	59.772889567755044027	-8.959061032500500232
964	61.108477513661483727	-11.793173986643786577
965	62.442196940664928206	-14.560062656427795957
966	63.220893082203701852	-16.141508604864103660
967	64.568979606472964861	-18.812929571620166769
968	65.937425028319694320	-21.431007855675360929
969	66.746865017777338380	-22.932274904702605767
970	68.166731459324836351	-25.476857744787341886
971	69.632466437956935579	-27.981570061090309309
972	70.511193807506458597	-29.422826211170598043
973	72.073925811080357562	-31.873996211616724139
974	73.715909177365404048	-34.296662963789437129
975	74.714414052561153312	-35.694899082168255688
976	76.516414158877637419	-38.079204521857782595
977	78.446045528416448178	-40.442244337881113836
978	79.637582469900166871	-41.808171531230662765
979	81.822335486533063431	-44.139055930861815114
980	84.210169429773884531	-46.448098195765211926
981	85.709056477053650269	-47.780500532503822342
982	88.504146806454230045	-50.046150348786206052
983	91.624888227874066615	-52.273772450689797608
984	93.616596728344802614	-53.547576923063672893
985	97.391597102588207235	-55.684969648567737011
986	101.686637648981275106	-57.736033113270259776
987	104.462976500965112336	-58.877224831806529437
988	109.775664193824127324	-60.719203121760315867
989	115.852322632645325484	-62.364854652338074459
990	57.400527835669464594	0.028840140732885679
991	58.856427968839170717	-2.993416638865456392
992	60.287075460698900997	-5.945353671371317539
993	61.111762977676505670	-7.632156081185782703
994	62.521247913181241529	-10.479320948245259615
995	63.928763447986227675	-13.265205680476929828
996	64.750477715960983005	-14.860025220429651682
997	66.172798567077904863	-17.557727364353098665
998	67.616132155819570926	-20.205445457668140818
999	68.469572390637495118	-21.725149484333151406
1000	69.965953339130351196	-24.302860741734964023
1001	71.509598281595998515	-26.841812964925615859
1002	72.434419364576598355	-28.303183290778925141
1003	74.077816911040770265	-30.788683858540657923
1004	75.802513629875790002	-33.244689465049631849
1005	76.850173021913462890	-34.661544340028399347
1006	78.738455900856990866	-37.075913330368493348
1007	80.756674214299550840	-39.465811648494685926
1008	82.000768896027011579	-40.845524378869370707
1009	84.277277011795774797	-43.196249456404586908
1010	86.758027909003203604	-45.519365311482324898
1011	88.311028522018091280	-46.856867514293341515
1012	91.197777181668243429	-49.125193576481493096
1013	94.405772622861945820	-51.346817405291005798
1014	96.444421590938077316	-52.612711146382132199
1015	100.288891478249638567	-54.728312217340970847
1016	104.630948922067432250	-56.746797226965270511
1017	107.419222563571452156	-57.864110653796998918
1018	112.714398408708234456	-59.657444964283669719
1019	118.707835600703560885	-61.247339489628842557
1020	59.319761366771615485	2.247897974608548122
1021	60.903059182983639630	-0.750362763323473070
1022	62.459366404797805217	-3.693062754925586333
1023	63.356562436045578579	-5.380579009477550301
1024	64.889861931597181410	-8.238236363495181180
1025	66.420587279589625496	-11.044847939310107776
1026	67.313898138696515616	-12.655778392378731922
1027	68.859331751729598636	-15.387017966290605031
1028	70.426238347658397743	-18.074333679689086551
1029	71.351960432211569696	-19.619274239925299952
1030	72.973408923460397091	-22.243116838346935538
1031	74.643500978129907253	-24.830473648539314269
1032	75.642660749355684402	-26.320505724261415992
1033	77.415225200850954934	-28.855152343457199038
1034	79.271011381644825633	-31.358980010307252684
1035	80.395852676289109695	-32.802502479257015011
1036	82.418163612328783074	-35.259721914928768172
1037	84.571817367583037139	-37.687456656089352691
1038	85.895080460678286727	-39.086287679222060376
1039	88.307350276169756853	-41.463827093290852588
1040	90.921805516669337521	-43.804774185369275585
1041	92.550535471026819323	-45.147894225204915131
1042	95.560947175404635345	-47.416652737855940813
1043	98.879195617268578644	-49.625856040354499044
1044	100.972561860810401413	-50.878151430334284555
1045	104.887041458406542915	-52.958999991925111317
1046	109.255557590802709456	-54.928498982374975412
1047	112.031558984247340049	-56.011271518436821282
1048	117.242094914971630715	-57.737036472418772348
1049	123.048070574785413100	-59.253860383089666186
1050	61.187624687773563892	4.398773465257972859
1051	62.895443180250680371	1.436450128915387037
1052	64.574134239431231208	-1.484194284903797678
1053	65.541717942129452013	-3.164686358421559209
1054	67.194764196032679138	-6.019249740637039991
1055	68.844020096213114357	-8.832832237654473673
1056	69.805884651138228492	-10.451866137907758869
1057	71.468579811568162086	-13.202986287317445502
1058	73.152314899683233307	-15.916475251670732405
1059	74.145927209704979077	-17.478984395003962504
1060	75.883986368661794586	-20.136081863786039037
1061	77.670755859889538897	-22.759395026933830763
1062	78.737879246119803156	-24.271061529944940816
1063	80.627302387382428606	-26.843187247730480038
1064	82.599907398236666722	-29.383735124096904912
1065	83.792590471075811820	-30.847752639785912976
1066	85.930842759348877280	-33.337778683493432652
1067	88.198894264929265319	-35.794132331599939789
1068	89.587533284284461388	-37.207168025901395936
1069	92.108849141676898853	-39.604017578723890836
1070	94.826014955809228013	-41.956754082815052698
1071	96.510262815912369661	-43.302809379830016212
1072	99.605598389012470761	-45.569175300301900222
1073	102.990163906265934202	-47.765941243206171407
1074	105.110394416716872001	-49.006220469439654153
1075	109.043841872915436397	-51.058361111369606533
1076	113.385816873346641387	-52.989917998119842935
1077	116.119411778008043257	-54.047225865394764810
1078	121.199192876193365009	-55.725999262289477088
1079	126.786712689701971613	-57.196693055751126167
1080	62.255657827770733093	5.621521575395187931
1081	64.034685732001804581	2.684786766885843612
1082	65.783127934348925692	-0.217894187347092316
1083	66.790705816437196063	-1.891156602718615298
1084	68.511558314299691119	-4.738330210596746639
1085	70.227605038168405827	-7.550228303417184428
1086	71.227932881486538008	-9.170602978097495139
1087	72.956105382778218882	-11.927488661207265253
1088	74.704637330235385662	-14.650456028227974770
1089	75.735680508903328700	-16.219887023747595833
1090	77.537606775672088588	-18.890775773306192065
1091	79.387680267770178943	-21.529632201734635544
1092	80.491368910850155771	-23.050855958802515033
1093	82.443065992698848277	-25.639779702128699057
1094	84.477066878053335586	-28.196973289798538786
1095	85.704955074340659849	-29.670322226825962986
1096	87.902482108519279791	-32.175285820019524863
1097	90.227709063595568750	-34.644592970472047000
1098	91.648311510849396200	-36.063986997288864700
1099	94.221484019752779204	-38.469299229491703329
1100	96.985254259122370968	-40.826886054815815896
1101	98.693392615139146073	-42.173901638197030195
1102	101.822388960146724912	-44.438460861061670926
1103	105.228279664996648535	-46.628889222374638734
1104	107.353543994263816330	-47.863413466594742829
1105	111.279359513765257361	-49.902396963189389112
1106	115.587693871144665536	-51.817452713690485666
1107	118.286951475394118916	-52.864205491164867112
1108	123.277364948770241426	-54.524751681669769710
1109	128.731417200287751257	-55.979832258295324721
1110	64.065522221116964374	7.676707513672663019
1111	65.964866561387736965	4.790710130777851461
1112	67.830700197983901489	1.926490257666577666
1113	68.905352634284923852	0.270374807816410379
1114	70.739478608032243301	-2.555583738465944776
1115	72.566487183045126130	-5.355709013561323673
1116	73.630405456505059192	-6.973115221919805151
1117	75.466248969659829982	-9.730763031025436050
1118	77.320529748742956144	-12.460872089584741573
1119	78.412254676524639763	-14.036919891454422427
1120	80.316954212523569367	-16.722588162255185296
1121	82.267825016176061581	-19.379507686140978961
1122	83.429188394441553100	-20.912286072858265129
1123	85.478061199202841181	-23.522057150143616866
1124	87.606375182633883014	-26.100363474184366197
1125	88.887563052249504381	-27.585674873677302088
1126	91.173295990039605385	-30.109890063299971530
1127	93.581358903881607603	-32.595902626348369324
1128	95.047046978034302356	-34.023456712493697296
1129	97.690851371436565387	-36.439499320385785097
1130	100.514202794155721676	-38.803006445309591754
1131	102.250549516623721047	-40.151019158758558092
1132	105.413903241557818546	-42.412855662361742759
1133	108.831589832530937656	-44.594967548544836689
1134	110.950742539371958628	-45.822246874644086745
1135	114.838477662626758047	-47.845355908754804375
1136	119.066268318156971873	-49.741774561274837652
1137	121.695377030224449300	-50.777465337168223414
1138	126.518994688945099369	-52.421201607688217905
1139	131.741316689073414636	-53.866522277587542078
1140	65.852384313692482465	9.679155251768845503
1141	67.869634631187295781	6.851039046602442006
1142	69.849856672177963901	4.033485026800126327
1143	70.989538381759302865	2.399700312430585569
1144	72.932868803906956146	-0.395569478857539902
1145	74.866011126929038255	-3.173897765925260739
1146	75.990332215984892628	-4.782321535235069199
1147	77.927667881508170922	-7.530208135132490099
1148	79.880558410097592059	-10.256838079907382166
1149	81.028331656014756845	-11.833339117692883491
1150	83.026951980969613487	-14.523329151128427483
1151	85.068546231248205913	-17.188147663998098125
1152	86.281112527791208322	-18.726757949957452354
1153	88.414909423925109877	-21.347974806824083771
1154	90.623743137130702507	-23.938670843350838169
1155	91.949442279572963344	-25.431245572776067121
1156	94.306890976065972154	-27.967409682177841290
1157	96.779457173762921229	-30.463973446278941992
1158	98.278687215366744567	-31.896722772219362696
1159	100.971785273555099138	-34.319631297338183629
1160	103.831566634760974921	-36.686987810211036276
1161	105.581907151952975710	-38.035736864958352044
1162	108.754231052069542329	-40.296241770601199050
1163	112.157766543292609640	-42.474028705668651185
1164	114.255894141221119753	-43.697701887889472516
1165	118.081356416083053773	-45.713611755974199014
1166	122.208140309782550048	-47.603232661495624711
1167	124.758006571904616067	-48.636187586666714822
1168	129.406274391269221269	-50.279664571788856620
1169	134.400204022251614333	-51.734019418782743571
1170	66.885720024457071986	10.822618545693867276
1171	68.970556415863086386	8.030890111566373335
1172	71.016015694323868956	5.243680866581663658
1173	72.192617616427725125	3.624939852290932851
1174	74.197639723784106991	0.851328157708385991
1175	76.190319471211637392	-1.910231248566118811
1176	77.348316059940088962	-3.510950582100794026
1177	79.341850646944749315	-6.248781264208268738
1178	81.348820938088124421	-8.968926621626819085
1179	82.527071009766757470	-10.543086859438160374
1180	84.576275191609852300	-13.231152195514933823
1181	86.666061142104979353	-15.896236802885779227
1182	87.905485493253593177	-17.435800435905804306
1183	90.083181801955788615	-20.059674193403228770
1184	92.332725565908390308	-22.653884386297342246
1185	93.680449273361432461	-24.148709643026869287
1186	96.072437294060307522	-26.688791830658335158
1187	98.574669002082941915	-29.188997181479962251
1188	100.088531681020299402	-30.623602707295749070
1189	102.801427374419972693	-33.049067654146853101
1190	105.672984687469352139	-35.418038168921178510
1191	107.425801043541525814	-36.767271347593315056
1192	110.593464005859857480	-39.027895961731090324
1193	113.979024598411399438	-41.205160011646931650
1194	116.059513361739448101	-42.428434826931578527
1195	119.840368152801374890	-44.444036776018897683
1196	123.901901913368647001	-46.334788418438463964
1197	126.403160444815284791	-47.369633506671817713
1198	130.948039516514882052	-49.019710737857323579
1199	135.812340283065793756	-50.486771098746750397
1200	68.656602239958772316	12.753583635488816128
1201	70.855912735521826562	10.028121041762306120
1202	73.011240904017313369	7.297601435434901695
1203	74.249709863670375398	5.707689618704584689
1204	76.357536281497061736	2.976910127341759527
1205	78.448660061495615992	0.250310439898207115
1206	79.661958378991471363	-1.333398323485478931
1207	81.747086997072017311	-4.047218547674164668
1208	83.841258725180637157	-6.749284516045314319
1209	85.068184932407348242	-8.315342484299565129
1210	87.197316495836844297	-10.993106842997843131
1211	89.362068741302721264	-13.651792548448138831
1212	90.642673661079641079	-15.189122071242556089
1213	92.886544462278266110	-17.811206563929975033
1214	95.195854621949365537	-20.405603713046492231
1215	96.575064328519488299	-21.901181741743723563
1216	99.014743200083614738	-24.443251545149600190
1217	101.555403622802259633	-26.945874903982719673
1218	103.086732800131869681	-28.381918018746855381
1219	105.819909498154629546	-30.809709479757170669
1220	108.697468700172805711	-33.180725209681135368
1221	110.446155527132077623	-34.531046698595822875
1222	113.591542653401461394	-36.793586232106974876
1223	116.932661576490204425	-38.973365921469429907
1224	118.975594257309580826	-40.198758450628922390
1225	122.669130931098948167	-42.220053241023848045
1226	126.611160784164553661	-44.120674051615871747
1227	129.026636451446620413	-45.164087089939499720
1228	133.394409250601029271	-46.835627491625061225
1229	138.043149797511773613	-48.335442905860190876
1230	70.430000329421432070	14.646601960352930050
1231	72.741825022100215392	11.991116490655675975
1232	75.004274557690905567	9.321972257913786919
1233	76.302635757824987195	7.764029285209398168
1234	78.509207377594179889	5.082112050913710988
1235	80.693850315230520209	2.397199682617236149
1236	81.959174967849889981	0.834684906948158445
1237	84.129548823016023107	-1.847574749948291073
1238	86.303639914282427981	-4.523686059669022264
1239	87.574564848712327603	-6.076972482722764468
1240	89.774816901324470564	-8.736379440644780559
1241	92.004739716097446944	-11.380717276920940151
1242	93.320364280183639494	-12.911306891657405416
1243	95.619032359648826969	-15.524192499262342793
1244	97.975743813954011330	-18.111950240771577114
1245	99.378801923745299973	-19.604653225375290759
1246	101.852334388477288485	-22.143203917521660173
1247	104.416776101167158686	-24.643828050690679277
1248	105.956736346312027308	-26.079317828442892591
1249	108.694634674804547103	-28.507142634666713832
1250	111.562436497755356868	-30.879492925854069796
1251	113.297898362425712548	-32.231283268137950415
1252	116.405895753238837642	-34.497848788498451711
1253	119.688732237050373897	-36.684175887297925556
1254	121.686987682790288545	-37.914930993668946257
1255	125.283291385313248156	-39.949005436097934307
1256	129.099866032857448772	-41.868358482667005660
1257	131.428420805127700532	-42.926207600397390252
1258	135.621960014888486512	-44.630227445994314905
1259	140.064962379971461814	-46.174498403082722575
1260	71.467130955380014257	15.732959009738173961
1261	73.843585153802678178	13.119477766302438226
1262	76.167129975257466867	10.487755490352036247
1263	77.499435702470179876	8.949592897265871372
1264	79.761585287798823174	6.298423052746700890
1265	81.998351676404581667	3.640411529030596949
1266	83.292422807971149723	2.091898225781587684
1267	85.509444775461474819	-0.568945317364356051
1268	87.726665006120697399	-3.226726665390551307
1269	89.021034789820419064	-4.770650190007394542
1270	91.258633293658760977	-7.416016798485546069
1271	93.522026929171261145	-10.048665127315668855
1272	94.855251763765409123	-11.573429464650141441
1273	97.180723191562094598	-14.177820005846761831
1274	99.559561939927618823	-16.758809207300817690
1275	100.973164150513468940	-18.248292703505871515
1276	103.460429199458303628	-20.782446524815959776
1277	106.032497132782395965	-23.280023103815963736
1278	107.573786285572225552	-24.714341988783374404
1279	110.308031456256856018	-27.141207565986604777
1280	113.163818621453231117	-29.514024430662814780
1281	114.888002375768678576	-30.866821221614817006
1282	117.968432459395330625	-33.136591644812803281
1283	121.212234825045584330	-35.328371057637902197
1284	123.181967070011410215	-36.563560755976070027
1285	126.718398902925457605	-38.607919441680380146
1286	130.460369431129379336	-40.541696261771861032
1287	132.738360805159800293	-41.610257909561752854
1288	136.832433928736236339	-43.337478526440875726
1289	141.160270860158220785	-44.912135668037272751
1290	73.264599338610793211	17.576640242150766369
1291	75.750694591993379845	15.036852387853734569
1292	78.177066762084280072	12.471632809732430047
1293	79.566104678404087736	10.969043957779513576
1294	81.920428825461442557	8.373924587168154687
1295	84.242700909355278327	5.765926221291373999
1296	85.583472150835461889	4.243911048120835972
1297	87.875455607605772457	1.624399818493057257
1298	90.160892837009896539	-0.997008303924806327
1299	91.491805600389341180	-2.521891609178732896
1300	93.786624718808297985	-5.137948921853308981
1301	96.099946795694904722	-7.745299730948000949
1302	97.458724095812954147	-9.257063459485845414
1303	99.821752477679524418	-11.841887404550680785
1304	102.229611586313581029	-14.406617796670122544
1305	103.655894219746414819	-15.888091210395971942
1306	106.157141795375707716	-18.410902504444798922
1307	108.732471789520275252	-20.900172508441265506
1308	110.270277011531618427	-22.331076770549348254
1309	112.988409186420085462	-24.754628102560609193
1310	115.814032278262970976	-27.127613341009915615
1311	117.513565162096881522	-28.482280617058250982
1312	120.538282984537772791	-30.758715141078283750
1313	123.707949183203879784	-32.962193291847782461
1314	125.625342202853062190	-34.206890426077478651
1315	129.054890178609525719	-36.273024968333572815
1316	132.667306132383089334	-38.236659578859509168
1317	134.859051235308925243	-39.326947998729551159
1318	138.786070559383119871	-41.100183881141163056
1319	142.923614251119488472	-42.733476971392065025
1320	75.090411138872866559	19.395405072160905036
1321	77.684391145925303590	16.930436684473846753
1322	80.210813674186056232	14.433652520674815634
1323	81.654504816948701773	12.968130730482107182
1324	84.096654138650478671	10.432239423193548689
1325	86.499128036318666091	7.878157775484501357
1326	87.883087864218055074	6.385217156506060476
1327	90.243297596875208910	3.811923473785335581
1328	92.589369209217863954	1.232254595385948504
1329	93.952041822943328953	-0.270295588083940219
1330	96.295265553049489426	-2.851192136779652220
1331	98.649000560171373309	-5.427284784025302677
1332	100.027499698368956160	-6.922594483202392901
1333	102.417623052534395356	-9.482063054265481128
1334	104.843569652990254326	-12.025082326602868577
1335	106.276001916575637551	-13.495598187068607032
1336	108.779823388992213040	-16.002510221562900483
1337	111.346925982731420390	-18.479704388697957285
1338	112.874608167792246149	-19.905425842614313581
1339	115.565476948304365123	-22.323452710527082132
1340	118.350375102381349279	-24.695545540555624342
1341	120.019522772968571189	-26.052032075602813421
1342	122.979662840651883471	-28.336054183145108709
1343	126.067975700010038054	-30.553443745391032138
1344	127.929788031193197639	-31.809515948525572071
1345	131.248893147491173750	-33.901567619316658408
1346	134.731193208176932785	-35.900241427896027346
1347	136.837938472709140569	-37.015662747399815657
1348	140.603007209677002720	-38.841238954699498720
1349	144.559268734111583399	-40.539786563425707300
1350	76.170296514833296442	20.444205065723981107
1351	78.826242953726250562	18.022951060809084822
1352	81.409561082658399300	15.566513146681499435
1353	82.884056557520239039	14.123027849266382105
1354	85.375220347509298335	11.622679761654836739
1355	87.821821098000327765	9.101385070993430304
1356	89.229236221899498105	7.626328761132544543
1357	91.625950452835525084	5.081810450963590853
1358	94.003737193900462898	2.528551939046847163
1359	95.382656980535386992	1.040322267287133506
1360	97.749963998048315261	-1.517725143220090889
1361	100.122857066837468665	-4.073154996082043233
1362	101.510186877387184268	-5.557439863909031885
1363	103.911377562934603702	-8.099695266925206028
1364	106.343004080892683305	-10.627730028217083458
1365	107.776152875630259587	-12.090581972756732299
1366	110.276532079880666970	-14.586219599280354942
1367	112.833951761035450545	-17.054666893870368938
1368	114.352953208065400759	-18.476537677253976000
1369	117.023340777226053433	-20.890241931016355181
1370	119.780259629785859943	-23.261163057524886000
1371	121.429445764646970929	-24.618553418341722505
1372	124.348562696123508431	-26.907126709394571407
1373	127.386840118894554053	-29.133259152540084358
1374	129.215159527310504473	-30.396557487241498308
1375	132.468868568008645070	-32.505102692005934273
1376	135.875550515953364084	-34.525991069558834567
1377	137.933516740729487537	-35.657255680390001373
1378	141.606669928733481356	-37.515575701626438843
1379	145.461252827449413871	-39.254513603621418838
1380	78.063200067179650432	22.232423782428384129
1381	80.824129302394055685	19.885999880503533177
1382	83.502761954320817495	17.499167159028914398
1383	85.028345926040799441	16.093978916172282823
1384	87.599892390503896422	13.655914191787150713
1385	90.117686670407863403	11.192745020656127863
1386	91.562375357009386789	9.749713041357463084
1387	94.016084510716893874	7.257262854028223131
1388	96.442039130984369422	4.752456485466575842
1389	97.844949730045470915	3.290795101408397816
1390	100.246528903493754115	0.775614007573275699
1391	102.644845830620056404	-1.740500470189587201
1392	104.042845532519777407	-3.203573707176493368
1393	106.455137246146364305	-5.712350578746542951
1394	108.888474494619686084	-8.210835870257945146
1395	110.318154360606456521	-9.658401099770992815
1396	112.804602786538964665	-12.131272100504306266
1397	115.337567247420167860	-14.581705154148297154
1398	116.837257196761584055	-15.995453535474434048
1399	119.465284347371948570	-18.399605189140384454
1400	122.167614028054742903	-20.767040821427173114
1401	123.779096315654783211	-22.125452621635119499
1402	126.622695383837594818	-24.421517849848616066
1403	129.571217747963601141	-26.663094212216552847
1404	131.340460872286087124	-27.939392973529852071
1405	134.480504165874606315	-30.077830679701165195
1406	137.757823096078141134	-32.139063161499088039
1407	139.733237180027913382	-33.299056178683883900
1408	143.252302783787627050	-35.216537831334377984
1409	146.938146615391360683	-37.028020202877250711
1410	80.013798457023426636	24.006268933665726450
1411	82.877633129321111483	21.733607912345703994
1412	85.648191452782896249	19.415993445607401924
1413	87.222330553224537653	18.049210655170490725
1414	89.869022170054677190	15.674204107458223234
1415	92.451758721390660867	13.270674976675854495
1416	93.929664974358161089	11.860878186121890820
1417	96.432766139798900440	9.423107324646821326
1418	98.898590830880152680	6.969971974834458628
1419	100.320391965209125829	5.536996232779371141
1420	102.747098281529986252	3.068666291559302373
1421	105.161319657512763115	0.596187084534949063
1422	106.564327430226398974	-0.843057370242021653
1423	108.977873130013279024	-3.313774994459135037
1424	111.403044080910206048	-5.778145678449255307
1425	112.823551173243174617	-7.207830854870810988
1426	115.286452014015594614	-9.653683778498423962
1427	117.785723475075428723	-12.082225328315049140
1428	119.260972629826198954	-13.485816999914691294
1429	121.838385373107030318	-15.877379474921509583
1430	124.478763259242725780	-18.238955898441677306
1431	126.048756997368400334	-19.597343642267635033
1432	128.811357451457297429	-21.899718000993654954
1433	131.666147783635040014	-24.156352751988453775
1434	133.374789090282718007	-25.445793497480696743
1435	136.400058178506355944	-27.614970770474819517
1436	139.548989379293686852	-29.718095933222599569
1437	141.443438365717668148	-30.908000826357852731
1438	144.812944158857646926	-32.887070423491984172
1439	148.336818777338748987	-34.773880820401338099
1440	81.180722252968621433	25.033303953406033315
1441	84.103355392330968243	22.802755414835264247
1442	86.925668398041750606	20.524914345998521270
1443	88.526776934725376123	19.180338612775795326
1444	91.214566503313506018	16.842056452182738724
1445	93.831994096435209940	14.473610431497792916
1446	95.327238533169520451	13.083530354933660789
1447	97.855385478062373750	10.678481784105386510
1448	100.340427606862817811	8.256617298801470994
1449	101.770797257934987101	6.841157408527498873
1450	104.207822730497071007	4.401687546552330410
1451	106.626877831221975157	1.956384900628139745
1452	108.030197280398908788	0.532110738155661900
1453	110.439993548034408377	-1.914488851546956694
1454	112.855979741341002409	-4.356993727656884197
1455	114.268616921060811364	-5.775105548933745503
1456	116.713592817519781875	-8.203273787721968802
1457	119.189259966552754122	-10.617220075763789566
1458	120.648093004227803249	-12.013891165560968588
1459	123.192565623519101337	-14.396545737251516428
1460	125.793834253395630185	-16.753361927858428260
1461	127.338136204280544916	-18.111070593813686003
1462	130.051397533225554071	-20.416200454816113563
1463	132.850091511829191404	-22.680984290143150872
1464	134.522898077778904735	-23.977857792590121733
1465	137.481024992147922603	-26.164795868810209356
1466	140.555735863255051754	-28.292463932969379670
1467	142.403760529175258398	-29.499994592427931650
1468	145.688124859670892874	-31.515466488038402559
1469	149.120498205565240823	-33.446868343508278087
1470	83.249869671435078544	26.790704229341848475
1471	86.271313891692784637	24.630549326380190678
1472	89.179123705670065192	22.419612197502072348
1473	90.824081462055630709	21.112625487827358484
1474	93.577467922050459492	18.836952124139397569
1475	96.248685233195601541	16.528914508560045959
1476	97.770027984269290755	15.173068122495566357
1477	100.334436093420663383	12.825320099739114355
1478	102.845301792394820950	10.458811837974666403
1479	104.286062813131138682	9.074625193204120421
1480	106.733214852287858321	6.687117095452935978
1481	109.152867686811475778	4.291262636501070205
1482	110.552234012364067439	2.894455248529687719
1483	112.947945106613587996	0.492479523744184411
1484	115.340688066567395254	-1.909111993970933341
1485	116.735586150510471271	-3.305354726180067093
1486	119.142807031075960822	-5.699724193894940782
1487	121.571420958951591729	-8.085249358953786825
1488	122.998522962574952544	-9.468148799121351544
1489	125.480858503993260911	-11.832431997507551813
1490	128.010144058170794779	-14.178274823259362947
1491	129.507910700216029909	-15.533341000093530582
1492	132.133043498413030647	-17.840965629916976098
1493	134.833050696937391422	-20.117922386556308822
1494	136.443472235687409011	-21.426703979521644072
1495	139.285802609253323681	-23.643033605983269752
1496	142.233833392604651635	-25.812199445355663130
1497	144.003186852136764173	-27.049827462867927608
1498	147.144173140958628210	-29.127855783293430392
1499	150.423484314479082968	-31.136269834647599453
1500	85.413403952470787317	28.540646419578468596
1501	88.530239484350147450	26.447677203300923310
1502	91.518485202002125334	24.301136248645214266
1503	93.203695672542210104	23.030634687401768446
1504	96.015556493250187486	20.816316058896447316
1505	98.732460768689804809	18.568257284054276113
1506	100.274826715836070434	17.246769959975356556
1507	102.866303882091415289	14.957159911761651827
1508	105.393373482416052411	12.647586657899665852
1509	106.838802351802939938	11.295907493389670151
1510	109.286144818581647087	8.962971519725282832
1511	111.696462179551986083	6.619721273133563066
1512	113.086152380076669033	5.252432728187391042
1513	115.458135702646416121	2.898912231460688993
1514	117.818343720589155055	0.542367858657466062
1515	119.190305259132514948	-0.829499665078330395
1516	121.551283234312165860	-3.185658776827756888
1517	123.925016863726739302	-5.538301546355854477
1518	125.316183022534858083	-6.904847841885056070
1519	127.729837826275115731	-9.246412544306553016
1520	130.181557099591145743	-11.577122740932336953
1521	131.630026240025131301	-12.927245382484109371
1522	134.163196239787453123	-15.233668995740364593
1523	136.761923490532296910	-17.519488519083630251
1524	138.309058665585666859	-18.838453377453742377
1525	141.035138709563057091	-21.081591588686130478
1526	143.857460520934978376	-23.290186670447447170
1527	145.549369710498694985	-24.556955898538440408
1528	148.550200036027831629	-26.696333630985527918
1529	151.680995896967715453	-28.781107027296574330
1530	86.722731031779801469	29.556198674168943086
1531	89.893135669658022380	27.500515958075894218
1532	92.925443969815091805	25.389987118258400045
1533	94.632172131985328178	24.140042838408390935
1534	97.474354474292681516	21.960586237655061126
1535	100.213711475678280749	19.746993364265982507
1536	101.765758181360411072	18.445429505577315865
1537	104.368423278046975611	16.189833460781557051
1538	106.900219440101352575	13.913937482104419274
1539	108.345599103066831503	12.581648319734600960
1540	110.788305224014834494	10.281527117879024402
1541	113.188509201266754189	7.970225634359921152
1542	114.569900133770943285	6.621006890081253538
1543	116.923625326357012000	4.297386431020481901
1544	119.260665653735543401	1.968940831097254485
1545	120.616933911198429996	0.612423296612624068
1546	122.947206374878192037	-1.719406117311475413
1547	125.285543370087339099	-4.050737009472437755
1548	126.653954712619622569	-5.406477379590143073
1549	129.024797764911227205	-7.732592977308909710
1550	131.428975221333530499	-10.052285704060107463
1551	132.847575599223091558	-11.398267839236867260
1552	135.325598649392361494	-13.701887370967192226
1553	137.864287740170823326	-15.990875655267398514
1554	139.374209228434722263	-17.314677392911292486
1555	142.032428441767820004	-19.571686972071514532
1556	144.781962458600844457	-21.801706545395568071
1557	146.429281501194907378	-23.084657773356841659
1558	149.349808252737034309	-25.258609890542757626
1559	152.395949027297945122	-27.386976738544330345
1560	89.071513374076516811	31.296471457746889655
1561	92.329756694962838992	29.301148847816065768
1562	95.432123552547466261	27.249464692938413890
1563	97.172001039574297465	26.033413271581082427
1564	100.059003860957659526	23.911996731314310694
1565	102.828998596730912141	21.756514249558371432
1566	104.392849083923181297	20.488875140648673323
1567	107.006224554492007428	18.291748792889592323
1568	109.537514744974146197	16.074406584323185143
1569	110.977798852522994366	14.776119089101396042
1570	113.404037253743069869	12.534009722580085722
1571	115.778599018227509987	10.279753853502594296
1572	117.141068240419883750	8.963052473452668423
1573	119.455726163850215471	6.693668167743586750
1574	121.745726189958759278	4.416741912256865632
1575	123.071060451749531239	3.088637004565694344
1576	125.342208081339776982	0.802338598662265756
1577	127.613983112618541327	-1.488408482445756631
1578	128.940262279890930586	-2.823186667420815699
1579	131.232893919934781479	-5.118531034515854117
1580	133.551483166906905353	-7.414979866222132010
1581	134.916854508533333501	-8.751322769978058247
1582	137.297493135360582528	-11.045807662022722795
1583	139.731240714860007301	-13.336014602267846740
1584	141.176582895681121954	-14.665739962435255350
1585	143.717801060318549844	-16.942661194046440443
1586	146.342744155141303963	-19.205869774526394878
1587	147.914118150137369412	-20.514688822039893523
1588	150.698462736207261514	-22.745075632080997252
1589	153.601688771100725717	-24.945898988691578069
1590	91.563563864985212604	33.030144277826899213
1591	94.902892925252501755	31.089751660885415419
1592	98.066688693471576244	29.092470421770926237
1593	99.834033319675313578	27.908207074273082782
1594	102.755271022512147283	25.842048485452963291
1595	105.544618893578387997	23.742929570210613122
1596	107.113519317241127737	22.508657302870645367
1597	109.725874565010485640	20.369788556528927614
1598	112.244971905049396810	18.211672024395653580
1599	113.673457171067980198	16.948155638248390886
1600	116.071988348442516781	14.765981815740980565
1601	118.410132807471711658	12.571397223672093446
1602	119.747666295932162939	11.289038978194097851
1603	122.013425568630395901	9.077498673587875544
1604	124.247252224757858130	6.856246531085472107
1605	125.536683585015907738	5.559202821943452832
1606	127.740800348969059996	3.323346764215549864
1607	129.938946108187337813	1.078504687745938107
1608	131.219382566704325654	-0.232047841381221365
1609	133.428143970198959778	-2.490768519449383156
1610	135.656420404341133690	-4.757869429598467370
1611	136.966254453562839899	-6.080934710810868005
1612	139.246316830415707955	-8.359944200594132013
1613	141.572924043332136534	-10.645000601967719689
1614	142.952867532341770129	-11.976972942961435109
1615	145.376464726059168697	-14.267623537470440098
1616	147.877174803045136287	-16.558126001676750860
1617	149.373246024062495962	-17.889571979472890462
1618	152.023210879639634641	-20.171257871227638248
1619	154.786118566936465868	-22.440091419531100314
1620	93.089018717082126386	34.035274913575307210
1621	96.471595492401775118	32.124017908092980633
1622	99.666335210197189554	30.156101886067379070
1623	101.446583267571611486	28.989255462305621336
1624	104.382126799133345685	26.953824196192293527
1625	107.176886533581182448	24.886597550911297105
1626	108.745280429837862357	23.671441228603164575
1627	111.351145176793409064	21.566320470113151231
1628	113.857371441337591023	19.442941310528308207
1629	115.275718918098391441	18.199998802372963524
1630	117.652703786306005895	16.053574237819187687
1631	119.964527869500216184	13.894922250259060803
1632	121.284717124183259784	12.633396903643211218
1633	123.517431882369976393	10.457206704471984082
1634	125.714352874915448410	8.270318847831124032
1635	126.980615263508923363	6.992615089089637692
1636	129.142128686687499339	4.788481251264850691
1637	131.294237428716996874	2.572953807971087858
1638	132.546330128146678362	1.278112787203686818
1639	134.703751861720377292	-0.956364721040050547
1640	136.877360832363592635	-3.203278688459684442
1641	138.153842110462619530	-4.516738305033100254
1642	140.373935236826753226	-6.783418664950100485
1643	142.637176152853271560	-9.062073141828134837
1644	143.978662359563145401	-10.393355296568334012
1645	146.333449975197709136	-12.688577610771858417
1646	148.761899296699709794	-14.991627111148210005
1647	150.214342749984325565	-16.334368958155394580
1648	152.786714518171322652	-18.642874793993133409
1649	155.468879533056792752	-20.948570779444530388
1650	95.856704869777445310	35.753134145704088098
1651	99.304970659991795401	33.886543163735815654
1652	102.542842897335617636	31.964788007756233412
1653	104.338998157828825697	30.825870509536439812
1654	107.287955444217061540	28.840631417253401736
1655	110.080660690911429356	26.826578571225198289
1656	111.641610462036226181	25.643739105975004833
1657	114.225241380326735907	23.596352078146829001
1658	116.698686924006040044	21.533163091868441796
1659	118.093650591854384402	20.326182402515296843
1660	120.423842590325648416	18.242736195590250503
1661	122.681327309636799328	16.147967890846249617
1662	123.966729196097617205	14.923740468444849583
1663	126.134663772261717440	12.811287059541429656
1664	128.260896315093589237	10.686947463433108751
1665	129.483451201053753721	9.444737912095323651
1666	131.565643421512390887	7.299376807755081131
1667	133.633259439277594538	5.138949827165672168
1668	134.833846661015286372	3.874065800412366478
1669	136.898802847242222924	1.686673612826910418
1670	138.974936138888494952	-0.519717249651727387
1671	140.192368295720825699	-1.813103070230496883
1672	142.306971529011377697	-4.052208286429803685
1673	144.459558202063931276	-6.313207240128046571
1674	145.734233626344348522	-7.639343898498705876
1675	147.970032044904826307	-9.935546865354552892
1676	150.274163366515665530	-12.253309447531391285
1677	151.651811116785097511	-13.611553329070263274
1678	154.091549116079931991	-15.959689325628763967
1679	156.636107908659710120	-18.322782846638212106
1680	98.834287654284594282	37.454191775793184149
1681	102.334374006263431056	35.624891197379142227
1682	105.599937808376239445	33.743587067027391413
1683	107.402621353528957115	32.630008670620924249
1684	110.348646635715510911	30.691680813540376249
1685	113.123083433212684668	28.728865745450832492
1686	114.667361095333603771	27.577773274199930853
1687	117.213439513719151819	25.587996978102932388
1688	119.639618744832830544	23.585845283159429187
1689	121.003199627081016843	22.415721803557126179
1690	123.273644661513344545	20.397423278615672615
1691	125.464865787061455649	18.369447917716009044
1692	126.709019892140474894	17.184532807741305760
1693	128.801894036463863813	15.139808070808941309
1694	130.848180550520737597	13.082664855818968874
1695	132.022101599764368984	11.878953785777927266
1696	134.017281748493644500	9.798041103307951971
1697	135.993666234358443035	7.699041430318031232
1698	137.139251961880404451	6.468096636722486359
1699	139.106445938988599664	4.335144452064238152
1700	141.080677839513612071	2.177265320808245530
1701	142.236873532369372697	0.908882708597224642
1702	144.242873540150071676	-1.293730187274229948
1703	146.282478068775844804	-3.527656539220365595
1704	147.489334271868983706	-4.842977978717337706
1705	149.604975703737977710	-7.130189750870274956
1706	151.784289597492431767	-9.452558294128532879
1707	153.087133282581589810	-10.820446812890248012
1708	155.394653716777554564	-13.198372873885922729
1709	157.802480173536309849	-15.609578241350559935
1710	100.676165012479032157	38.433138957007422221
1711	104.198355213629838545	36.621968275962231587
1712	107.471430699094980810	34.761544206135290835
1713	109.272821812337213032	33.661549635942620284
1714	112.208460137012366431	31.749119542572795893
1715	114.963860506458843247	29.815383358388459101
1716	116.493732574339901475	28.682602668654773481
1717	119.010266647881167046	26.726471681028815652
1718	121.401791250586711612	24.760402372530343484
1719	122.743210442026736473	23.612235505644978417
1720	124.972641977497801236	21.633002144769875486
1721	127.119626423602653631	19.645377539628704255
1722	128.336729810726865253	18.484345077239602517
1723	130.381113069962680129	16.481001012020438878
1724	132.376582020861974343	14.465230132579360856
1725	133.519929653415886150	13.285383271186198328
1726	135.460944160638632638	11.244732099647986701
1727	137.381157122707236340	9.184557397092335762
1728	138.493139776004454689	7.975306857764066670
1729	140.401023246016677604	5.877642847072288568
1730	142.313924452709784418	3.751943976815302673
1731	143.433472880654051096	2.500566806566944855
1732	145.374812577089585375	0.323669667611770073
1733	147.347541302442209599	-1.889714054197517701
1734	148.514419188127703819	-3.195828515701062855
1735	150.559488716277428466	-5.472624508884260663
1736	152.665787287030298103	-7.792334786421957205
1737	153.924990036110727942	-9.162698515918378916
1738	156.155544973159294386	-11.552607591657826802
1739	158.483948035589492065	-13.986645751249723091
1740	104.051257086991824963	40.088328342672348015
1741	107.594041324651016112	38.302100903991480152
1742	110.862190893546255666	36.473179665887869305
1743	112.651081281637516440	35.394726071250211419
1744	115.551732277777659874	33.524810463979846986
1745	118.258230769081137623	31.640247224707486851
1746	119.754444399821295519	30.538933387551168153
1747	122.205870885884792187	28.641291406382535456
1748	124.524748172594797779	26.738626435150973037
1749	125.821030094365141849	25.629295381989759761
1750	127.968809329158261789	23.719536840405591960
1751	130.029748229115284630	21.804116623200066272
1752	131.195030833686928418	20.686020428818832073
1753	133.147726893289302552	18.757431330002461323
1754	135.048470907658384021	16.816900237793408479
1755	136.135388357502961298	15.680712580420481217
1756	137.977300994447773519	13.714232208845080763
1757	139.795751750194767737	11.726335290549490864
1758	140.847281631535963697	10.557880641307065162
1759	142.649135387652393092	8.527403981752213369
1760	144.453180097571475926	6.464217316812258751
1761	145.508014508972223666	5.246575003732896647
1762	147.335699212146892023	3.122165068781531438
1763	149.191490892684839764	0.953050526028241363
1764	150.288719516976925661	-0.331731012102437939
1765	152.211237208558259226	-2.580710452990507164
1766	154.191185941793037273	-4.885475112102219519
1767	155.375045560367993858	-6.253908333222987004
1768	157.472973464170308944	-8.653692428949039339
1769	159.664752530944383579	-11.116391204197542564
1770	107.723372784100945410	41.696163979338209060
1771	111.259355635876886481	39.927396806752035729
1772	114.495579117177499029	38.125151521847406855
1773	116.256807276439189991	37.066463748774445719
1774	119.097749778111619889	35.237483922045775842
1775	121.732560314338115859	33.402037245051374725
1776	123.182797007553915591	32.332726004450783819
1777	125.549573678334127180	30.495289809560887306
1778	127.778253644506889941	28.658579714211938949
1779	129.020057394182799726	27.589893511649297153
1780	131.071541634907816842	25.753209084641046189
1781	133.033446004427503340	23.914165604575106983
1782	134.140051779736324988	22.841688457674525381
1783	135.990392878320733416	20.992905643771230473
1784	137.787036818289266193	19.133249777695191085
1785	138.812613998485289812	18.044288362451801788
1786	140.547849611782794454	16.158642564806090292
1787	142.257964091093526804	14.250423161230777680
1788	143.245638839576599821	13.127439085935817431
1789	144.936286861693929495	11.172865250946520277
1790	146.627079392535506486	9.181829779420052517
1791	147.614972163015295337	8.003981023850643695
1792	149.325696283318734459	5.943269038651740388
1793	151.061849367970580715	3.830660702381068372
1794	152.088109064603145271	2.574800621613671403
1795	153.886196768699221593	0.367437354548961093
1796	155.738349772233164003	-1.907724229307917074
1797	156.846193744156607863	-3.265375238886506271
1798	158.810571017823406237	-5.659460206048481545
1799	160.865009966989987333	-8.135111979062271459
1800	105.684000840613350647	-67.280942564425501473
1801	105.559209386088468818	-70.488123533137581944
1802	105.394784932558934543	-73.580685096906961462
1803	105.271924274734999472	-75.331940838125433402
1804	104.986030514759761445	-78.264780564583560363
1805	104.531441128889923675	-81.110222989888200118
1806	104.115307683589094268	-82.729999744748710100
1807	102.747855592514270029	-85.456970381747126453
1808	97.599040652046880950	-88.114142189159139207
1809	65.597674739077717732	-89.559464130733815068
1810	-66.381745096528732120	-87.720509416301325700
1811	-70.221625539246701919	-85.170539506363340365
1812	-71.023838083796931642	-83.695420217212316061
1813	-71.775490815657178700	-81.174548611140551202
1814	-72.193497680134896655	-78.664425571537265114
1815	-72.361865000672366932	-77.205148487303929983
1816	-72.577498505768858195	-74.694517187729886132
1817	-72.734197080947808445	-72.172151139209461235
1818	-72.807471739117147536	-70.695200323079077975
1819	-72.911833724370239906	-68.135829893907754240
1820	-72.996309352034813855	-65.541155720288998054
1821	-73.038654124320544270	-64.011086733413904426
1822	-73.102429782211515885	-61.341107846638493584
1823	-73.157295319124614252	-58.610839403691471716
1824	-73.185974282377799227	-56.990089534207434951
1825	-73.230748310225465048	-54.143617960621284624
1826	-73.270873110544641804	-51.210161099085219405
1827	-73.292469029995288565	-49.458651087933027668
1828	-73.327078423088607906	-46.365763573315668111
1829	-73.359058069663205970	-43.158349569315930694
1830	112.550459409855307058	-65.614676223945735956
1831	113.747245916020574441	-68.857051502686516642
1832	115.297066293601631060	-71.990347052287376073
1833	116.434329136026008200	-73.764903304106169912
1834	119.009249943260499549	-76.729588149458294311
1835	122.889936062605329425	-79.580180317200017726
1836	126.207115096068491766	-81.176825703755937980
1837	135.568242294063907138	-83.762670934855691485
1838	155.770017299595110671	-85.936287064923490675
1839	177.924799797597756879	-86.723973671912730765
1840	-135.281693897929471859	-86.430095648447831991
1841	-109.442510772594232549	-84.581062725650951961
1842	-101.777908062341793993	-83.247549342622974677
1843	-94.038473494887398374	-80.803469582968332929
1844	-89.587814785213424784	-78.274117100672526703
1845	-87.780433386575964505	-76.781482059402932805
1846	-85.461465544676741501	-74.191916408615341538
1847	-83.777283134049184810	-71.573999137518754310
1848	-82.990955880987826276	-70.036814510885946561
1849	-81.873134266823228700	-67.369286223018434612
1850	-80.970642195464392898	-64.663478448520947950
1851	-80.519186381885788251	-63.068424653493543985
1852	-79.840575679725418468	-60.287785177498513178
1853	-79.258174955787978888	-57.449869741705612114
1854	-78.954302742688525996	-55.768638991782161440
1855	-78.480705108346683119	-52.823330282462833907
1856	-78.057169725181836384	-49.799262557259204698
1857	-77.829577200181290664	-47.999682930775492196
1858	-77.465389049159171009	-44.833841269424659970
1859	-77.129495018495845216	-41.567878875314185905
1860	118.328664063738472123	-63.751074497865864998
1861	120.514020099042340917	-66.953100265697088389
1862	123.273587593070715229	-70.036481952497766201
1863	125.245268071790235354	-71.772500035564789300
1864	129.534710412131346402	-74.641907467347806460
1865	135.528123760338814918	-77.335776149084111353
1866	140.205754807163657460	-78.796309405489793676
1867	151.403535665325762238	-81.033029436740406481
1868	168.418323406950435128	-82.712809830077148376
1869	-178.605670546978274160	-83.286641970848606320
1870	-153.892456256536547698	-83.345271897270649220
1871	-132.764774490741274349	-82.286656956034306631
1872	-123.564118017116584269	-81.308017343960869994
1873	-112.206664802382533708	-79.260253987139904552
1874	-104.663182216536768010	-76.943277913231398202
1875	-101.400889231990561257	-75.520955786874722548
1876	-97.066554582127423600	-72.993569768653927099
1877	-93.827984161311292155	-70.388683448955177369
1878	-92.293822566673782148	-68.843984766298106592
1879	-90.092455839634396852	-66.145954389752716907
1880	-88.300375012841641365	-63.394637261579710241
1881	-87.399815283337034089	-61.768682808953997210
1882	-86.041891063436025888	-58.930616260027711917
1883	-84.873179892767211641	-56.033113998976276093
1884	-84.262438989629060870	-54.317531724307045238
1885	-83.309573729263377118	-51.315782149451770522
1886	-82.456683489703323175	-48.240917656893351761
1887	-81.998183049637532349	-46.415429455361739031
1888	-81.264364583750761994	-43.213131214088200238
1889	-80.587544283164106673	-39.923141796750215349
1890	121.261970586969312080	-62.603421855538272212
1891	123.889304194746728172	-65.757321835523299569
1892	127.155111293124548411	-68.784309142684634253
1893	129.450762211075925734	-70.480963306036969129
1894	134.330081429096253487	-73.265428981764344485
1895	140.873128151645346406	-75.843238952643162065
1896	145.755336188232490713	-77.217857195390379843
1897	156.687706309098416568	-79.275851854387624940
1898	171.632507527131281222	-80.775312639755512123
1899	-177.846917237224658948	-81.290106966988062709
1900	-158.329365920126065248	-81.421304364157464306
1901	-140.425621440816030372	-80.615464231937110640
1902	-131.805439099358409294	-79.799566785373656330
1903	-120.217378687057191655	-77.986614191180322564
1904	-111.886555615564930122	-75.832734313850920671
1905	-108.128400324452115910	-74.477121731466482402
1906	-103.000180505482887838	-72.027891370952701777
1907	-99.077108475655904840	-69.467519001047165261
1908	-97.194440563361183649	-67.937614353892357144
1909	-94.468887667978265199	-65.251314145120858257
1910	-92.231502261426896894	-62.499399773602085872
1911	-91.101648212100883484	-60.869193618223022213
1912	-89.391858726282237058	-58.019456375025939110
1913	-87.915148664817991175	-55.107140848457085269
1914	-87.141807553792091312	-53.382420787975277676
1915	-85.933307579221263950	-50.365460612747874336
1916	-84.849876505462702880	-47.277563073604689237
1917	-84.266872966111804999	-45.446157312258549155
1918	-83.333105339375663334	-42.237626827985074840
1919	-82.471261165267662818	-38.947664506551028296
1920	125.683481038184311274	-60.557769624156328803
1921	128.886913245572202413	-63.599466004330544422
1922	132.764362646354015851	-66.499709714050936782
1923	135.418160637792652778	-68.112380241460641628
1924	140.858160104680564473	-70.728424108250621316
1925	147.730141992048515931	-73.100508743242627929
1926	152.558316039966484823	-74.337780449028471708
1927	162.555764722672620337	-76.143125971432752408
1928	174.832776201093508917	-77.424108231110295719
1929	-177.124683964387941160	-77.871114445786403735
1930	-162.586224335344354586	-78.057622172572962427
1931	-148.582271827729186953	-77.508069567347590123
1932	-141.235415684300505745	-76.886113962649915266
1933	-130.407419927725300113	-75.401206994640972425
1934	-121.789065958666583356	-73.518967732205581456
1935	-117.646951076894993093	-72.289430770710993102
1936	-111.733870013149726219	-70.006703023640056927
1937	-107.012056985663775777	-67.560770706443619815
1938	-104.688230498538814572	-66.078683539789281554
1939	-101.262154938015328298	-63.449895722784042107
1940	-98.399327012441347051	-60.732150016037671492
1941	-96.937906642825396375	-59.114044569944319107
1942	-94.708164011581345676	-56.275829426946501144
1943	-92.766433762508597738	-53.367589684566787867
1944	-91.744279122944078608	-51.643501441775626404
1945	-90.140458769786562243	-48.627130892323712885
1946	-88.696625175674284947	-45.541976005227937208
1947	-87.917622044011409344	-43.714321861941499492
1948	-86.667303992767983800	-40.517763664015305380
1949	-85.510809541888988861	-37.248877436096456961
1950	129.455593692416755403	-58.449795828864964164
1951	133.056628642029636467	-61.353301906150996103
1952	137.309418102354243274	-64.102941182752459781
1953	140.151716761070247230	-65.620267027801375548
1954	145.804055412264233382	-68.056808210887808741
1955	152.619957446627381614	-70.230039097639505030
1956	157.206850171234918889	-71.345889176769659912
1957	166.245043608635512555	-72.948434378868412864
1958	176.690387612691552022	-74.070679697364028016
1959	-176.718203620829058309	-74.467208901402585752
1960	-164.979050086477741388	-74.668014736741355364
1961	-153.465988391929158752	-74.258353405981310402
1962	-147.183639007473061611	-73.757985420739359483
1963	-137.442331492991797859	-72.508878159155955245
1964	-129.162903087905078792	-70.855562052402376594
1965	-124.991395057030786120	-69.745344019087923471
1966	-118.805019598828437211	-67.637551086804236888
1967	-113.666372577699462454	-65.329244084879988463
1968	-111.073555028951489021	-63.911999386696464853
1969	-107.176933326160451543	-61.372780524311700390
1970	-103.856793590042741471	-58.722504327765946641
1971	-102.140845010718237518	-57.135840756627949588
1972	-99.497244129502007581	-54.341766744086328345
1973	-97.171898430967814875	-51.469092452462760434
1974	-95.939841368008444533	-49.763351547759228310
1975	-93.996565217090449096	-46.776867848326169508
1976	-92.237534979655833922	-43.722212144623988195
1977	-91.285063520112032620	-41.913705221195890260
1978	-89.751846961560147520	-38.754161966916043980
1979	-88.329307396608044201	-35.529436082079612902
1980	131.404260959653925056	-57.204464058254757219
1981	135.174891077792665328	-60.019302932269091855
1982	139.569754040209772938	-62.674491020728261503
1983	142.470936555618379771	-64.133624616278609665
1984	148.153939219514711567	-66.464514450346612762
1985	154.857413536589774594	-68.526940246979023641
1986	159.282070800238841457	-69.578297460405934771
1987	167.820836500547784453	-71.077967141312797139
1988	177.454003941666428545	-72.122393344424409634
1989	-176.553488637141526851	-72.492877179522579922
1990	-165.945623195683879203	-72.691529815499691836
1991	-155.488126934201261520	-72.333662673590012560
1992	-149.704837101450152659	-71.883054517173576414
1993	-140.564790338864668229	-70.738622244696060193
1994	-132.584867491231591430	-69.196990037275213581
1995	-128.479025001136733408	-68.149246089623119360
1996	-122.277280010145943834	-66.139179183883570090
1997	-117.021249817986699782	-63.914070604513071316
1998	-114.333434024613836755	-62.538554175588892292
1999	-110.250279170323437938	-60.060658094845528865
2000	-106.731575858641292598	-57.460585156394486717
2001	-104.899511820604800505	-55.899004951403611585
2002	-102.060169513975267819	-53.142578177903402548
2003	-99.546908810695640568	-50.302595854247108775
2004	-98.209768510925187002	-48.614419184167765309
2005	-96.093596057293098056	-45.656868409805014153
2006	-94.171139606868734973	-42.631002565660061521
2007	-93.127677896690158832	-40.839782744516526236
2008	-91.444651503545856031	-37.711772242009061529
2009	-89.879796549117486393	-34.521918381265024323
2010	134.402273789374817170	-55.044456492344075116
2011	138.384819064284442902	-57.697120869554105127
2012	142.932092083871793875	-60.182745505876823700
2013	145.877871669529383780	-61.539584532795522875
2014	151.521616559266476543	-63.689677633430854087
2015	157.974355589186700399	-65.569701840046263897
2016	162.122742979114661921	-66.518227616347061826
2017	169.915002068151181902	-67.858197936476415180
2018	178.444665172671989239	-68.783059007412319374
2019	-176.341694959878736881	-69.111227551774348399
2020	-167.184644226348552820	-69.294382650745291130
2021	-158.114120170396233789	-68.994000904980850919
2022	-153.023372057171400229	-68.605260668459720819
2023	-144.795476719653436248	-67.600130095222255022
2024	-137.367397635264978817	-66.218419032385000378
2025	-133.438261767524409152	-65.265183853510947642
2026	-127.349011981072749222	-63.410841199119879263
2027	-122.033867692797798554	-61.326950569057871121
2028	-119.259457733023623405	-60.025797276479721631
2029	-114.971691045371528617	-57.662357754383855024
2030	-111.207262459112371289	-55.161522894403773876
2031	-109.222643229109394269	-53.651737540197501630
2032	-106.115006440824572564	-50.976099462702379128
2033	-103.333608672964942343	-48.209128060034210250
2034	-101.842778631106796183	-46.561016420962083373
2035	-99.468742478571869015	-43.669988703653309869
2036	-97.297578158028727557	-40.709858492852475820
2037	-96.113811724937420422	-38.957437501702479210
2038	-94.197260279394697591	-35.898415007044611968
2039	-92.407983271558634897	-32.782042497290028393
2040	137.032714407542187018	-52.868155367582538418
2041	141.151675526672534033	-55.349990557443270234
2042	145.769890587890643019	-57.660340756925066330
2043	148.713659380865124149	-58.913582299213651083
2044	154.251350021676444157	-60.885131810548067222
2045	160.428375181234230240	-62.591231806683019556
2046	164.320747571999220327	-63.444340913924001768
2047	171.490190662597001392	-64.639028151203902439
2048	179.173360399799094012	-65.454920650045792740
2049	-176.187192980687086674	-65.741923084053851767
2050	-168.085213629735392260	-65.898810847893201981
2051	-160.042555112553372965	-65.629120106749098795
2052	-155.488490875396053070	-65.281673132718140096
2053	-148.020801807793304761	-64.378451241643091407
2054	-141.123007606495093569	-63.123994159524848158
2055	-137.400670945368119646	-62.250563009827118321
2056	-131.517008516578243871	-60.535269227477975562
2057	-126.257641824132065267	-58.586179865223833474
2058	-123.464275955632615478	-57.359670159762202957
2059	-119.081058839665843152	-55.116597057232631585
2060	-115.166691532755805838	-52.726027660440159650
2061	-113.078528308814611592	-51.276117811071451058
2062	-109.775762865966839854	-48.697054509506429554
2063	-106.786892244146201847	-46.020339643582893530
2064	-105.172697417867084368	-44.422654016948555977
2065	-102.585649605629896541	-41.616042422194361450
2066	-100.202940567920450121	-38.739184762093763936
2067	-98.897555955887412438	-37.035424083700398512
2068	-96.775395902299692352	-34.061481955761379936
2069	-94.785219679806800741	-31.033325142501020366
2070	138.423034373479936221	-51.596715404867971699
2071	142.595347691049710193	-53.976401163258245219
2072	147.228667454260005343	-56.183192935326452755
2073	150.157503795513832756	-57.375984990312460354
2074	155.616702105682861657	-59.244878875228707216
2075	161.633007197520782938	-60.852920338173390746
2076	165.388069304683313021	-61.652990582346660631
2077	172.242064246442168951	-62.767589191090408463
2078	179.516612607232730170	-63.522960435000157986
2079	-176.114773175212349088	-63.786074226732161208
2080	-168.506247101819212730	-63.923944928661803999
2081	-160.948798767175446756	-63.663493014895877309
2082	-156.654125058132763115	-63.333387859854141766
2083	-149.568431774042323923	-62.476835580825564875
2084	-142.957221364237284433	-61.284566414967436287
2085	-139.356868522395075161	-60.451801256957104158
2086	-133.612597059675806577	-58.810139290116985933
2087	-128.417659462945437099	-56.935719542110476254
2088	-125.634204382521261323	-55.751956170824442438
2089	-121.231759915291604557	-53.579946074879018170
2090	-117.264242478833750738	-51.256794123887658543
2091	-115.134016399247059326	-49.844398863832722668
2092	-111.745744119082189627	-47.327085332185625077
2093	-108.660158574715524082	-44.709252432332824867
2094	-106.986427228339493922	-43.144827120577623703
2095	-104.293822148838103203	-40.394216680002259068
2096	-101.803477737093828637	-37.572653443981543830
2097	-100.435160796394541194	-35.901080242389546981
2098	-98.205120992171202943	-32.982988289751929756
2099	-96.107979124605833476	-30.011979673678577996
2100	140.610120436303986935	-49.405907557940366814
2101	144.840232191408858853	-51.606909245655280927
2102	149.467740212957039603	-53.634315896486945974
2103	152.355663301040522128	-54.723413392752085826
2104	157.664967598321311470	-56.418142116634079741
2105	163.413245466369403402	-57.862115026382504368
2106	166.952126801568510928	-58.574257818047492208
2107	173.329573421776501618	-59.556611227367518779
2108	-179.991786751515405740	-60.211084354206882097
2109	-176.011438485052622127	-60.432929601768719863
2110	-169.105696231049364542	-60.533148386651326689
2111	-162.243297423192416318	-60.277727544684971406
2112	-158.326171679993137786	-59.968985364470093202
2113	-151.811629289478219107	-59.176303791860213721
2114	-145.650843235962952349	-58.074806285487362345
2115	-142.253495947342116779	-57.303664838754883704
2116	-136.760922380603119564	-55.777359245560539591
2117	-131.708742006926058821	-54.024485807894272682
2118	-128.966106302734715428	-52.912280521285190105
2119	-124.575155060848260291	-50.862315622723556885
2120	-120.561104213030603205	-48.658366831506846495
2121	-118.383517054350022590	-47.313652615153564795
2122	-114.888001336568891020	-44.909623003627473281
2123	-111.671374308734129954	-42.401623392644530952
2124	-109.913656132638038798	-40.899819621068587594
2125	-107.067634001349119899	-38.255214662229192868
2126	-104.416234650004355444	-35.538534474809239327
2127	-102.952010535092369992	-33.927903572809256616
2128	-100.555076479199897221	-31.115053824977842112
2129	-98.289816553065236349	-28.250776534889453728
2130	142.582763604019532977	-47.207895627642287195
2131	146.837849367377202725	-49.227606303064220583
2132	151.430824726985747475	-51.074865348783085039
2133	154.265343354737638037	-52.060843493315999808
2134	159.415836939430278107	-53.584202001427094331
2135	164.910694366731547689	-54.868784763342688393
2136	168.256084268808081106	-55.496165974402899224
2137	174.224024110999664572	-56.351284837702756647
2138	-179.591543469227531205	-56.907471708251584630
2139	-175.927630250240213172	-57.087643050781608167
2140	-169.590659878315193509	-57.145289671888981786
2141	-163.293580709944137652	-56.884575801762650826
2142	-159.688183592056077487	-56.589154741639568158
2143	-153.657481838952548969	-55.844524553473370077
2144	-147.896703016763297001	-54.817661294200426880
2145	-144.689288809659331037	-54.099543145134049382
2146	-139.449191595899947060	-52.676360611697532477
2147	-134.562254303725353566	-51.036848300827884373
2148	-131.880052453665484791	-49.993437069149109675
2149	-127.540515824950830392	-48.064072357734538343
2150	-123.522999814372553828	-45.981604734100407939
2151	-121.323017724936676132	-44.707339703866402658
2152	-117.761330611496930487	-42.423317737121919890
2153	-114.451266122941547110	-40.033728648657771032
2154	-112.629583349907420597	-38.600118955867792181
2155	-109.661235811369010662	-36.071674046824412585
2156	-106.875808994827139031	-33.470304610840621251
2157	-105.329654108232830367	-31.926626599183180133
2158	-102.787091430412885984	-29.228981127401237217
2159	-100.371862145191755644	-26.480657716536128987
2160	143.647752788276534375	-45.924959698505801953
2161	147.905744386886340180	-47.838456314357998167
2162	152.469177775408979869	-49.580892155960341938
2163	155.268981078694821463	-50.507243375031762866
2164	160.325780738727758035	-51.932152213608624436
2165	165.680517801783480536	-53.125843106757798751
2166	168.922486254900604763	-53.705084714184422978
2167	174.677096289482506108	-54.487954801510092295
2168	-179.390142004385950258	-54.987821233215818495
2169	-175.885564624861785887	-55.143570749694937660
2170	-169.833645346590799363	-55.174702661221509459
2171	-163.820639576359724288	-54.907313654995753893
2172	-160.373295834557325179	-54.616832156931835129
2173	-154.591761117947839921	-53.894548185247963090
2174	-149.042944267274776848	-52.905215333676999023
2175	-145.939335713837976982	-52.214705164719624975
2176	-140.842834582009857058	-50.846716212835247006
2177	-136.057032411539353234	-49.269687193891364529
2178	-133.415662633074248333	-48.264981919688210610
2179	-129.118848950235530992	-46.404737491693374807
2180	-125.114250647963444862	-44.393342117911828382
2181	-122.910279880451867029	-43.160876467784355270
2182	-119.325473874041108502	-40.948898700516238591
2183	-115.975616172944512527	-38.631240085268473194
2184	-114.124647914613603916	-37.239344810270125663
2185	-111.097660917242365031	-34.782281284391160625
2186	-108.245342654474598021	-32.251981515983629833
2187	-106.657315071101663762	-30.749579787456287505
2188	-104.038908641453531345	-28.122846768884137703
2189	-101.544052341969234021	-25.445618335349116990
2190	145.357009363800102619	-43.712478988637037958
2191	149.604382763779995003	-45.442917889000888465
2192	154.105294129882395282	-47.005773708969634583
2193	156.841534258288334058	-47.830509446806523499
2194	161.737887012242367746	-49.088513868319743949
2195	166.864287687225441914	-50.128981627108132102
2196	169.942211167331436172	-50.627298659120043567
2197	175.365345144421610257	-51.288666771965779390
2198	-179.085843937187348729	-51.693073783082887473
2199	-175.822139438942258494	-51.806698447625976200
2200	-170.199443878169120126	-51.790065260274772641
2201	-164.614935735145365925	-51.506526928753984862
2202	-161.407609437013547904	-51.220822994336884904
2203	-156.008994462244800161	-50.529400790105569286
2204	-150.793162907165822162	-49.596417221730142444
2205	-147.856538964451601714	-48.948738675800100850
2206	-142.998101806761837906	-47.668505265511662117
2207	-138.389055613989114590	-46.193372300929276264
2208	-135.823759390440670813	-45.252897587985316363
2209	-131.615619676047117537	-43.509163886118976450
2210	-127.652590057089241782	-41.619671097914547886
2211	-125.454026846266629036	-40.459759408235136391
2212	-121.851073292844091611	-38.374099787980462395
2213	-118.453992343023628564	-36.183866271289083727
2214	-116.564475291929284140	-34.866330183719291824
2215	-113.455671143150482294	-32.537063705753645593
2216	-110.505492112367733171	-30.134413871670680862
2217	-108.854549019430805856	-28.706214268299721226
2218	-106.119792723153807401	-26.206880121571312969
2219	-103.500200459748498361	-23.657068975249551102
2220	146.936852183194503141	-41.486668281455635565
2221	151.157929686285569915	-43.034014778026211445
2222	155.585359934884593258	-44.418490795532171944
2223	158.254981555569770535	-45.142875129536712109
2224	162.993412146941125229	-46.236965585101742704
2225	167.906127900358626448	-47.127829162774581562
2226	170.834842709213717171	-47.547348764134625299
2227	175.963028329811550066	-48.090333343951236600
2228	-178.823136615707880992	-48.400973633134022123
2229	-175.767508015784699182	-48.472504493401473269
2230	-170.513960434402861210	-48.406205788216503549
2231	-165.298528147972092484	-48.102101613025695315
2232	-162.299342232987783063	-47.817577256810089636
2233	-157.236877704376070142	-47.149544924029058279
2234	-152.320043101089140691	-46.264603760484035888
2235	-149.537026951438178912	-45.654927253021668321
2236	-144.904341305704292608	-44.454775146523239471
2237	-140.471696451454363341	-43.075267884308935606
2238	-137.986799928641687529	-42.196219498635194611
2239	-133.880693487245935103	-40.565804109970237334
2240	-129.977821969399712998	-38.797109601013097802
2241	-127.796965052963173548	-37.710024208822879643
2242	-124.198233527781894736	-35.752556841085876727
2243	-120.776594505148068492	-33.693122810985840943
2244	-118.861415225082282632	-32.452458384294260441
2245	-115.691896589849420707	-30.255996596518116348
2246	-112.663233756513477601	-27.986568777572571776
2247	-110.959745108697688920	-26.635941118031162489
2248	-108.124816484601183220	-24.269809880935380164
2249	-105.394587884119744103	-21.853014942698969492
2250	147.805810414054803914	-40.183384995238618842
2251	152.005790952331722110	-41.624423619528130303
2252	156.386711402469586574	-42.905858865021357929
2253	159.016738247294824760	-43.572517527815371352
2254	163.664865377351247844	-44.572685322946583142
2255	168.459345376957230656	-45.378167856392636281
2256	171.307059984247075590	-45.752800668434204567
2257	176.277480949227424389	-46.228326241354785964
2258	-178.685478518549871296	-46.485270125542633934
2259	-175.738926582126680387	-46.532446616184614641
2260	-170.678291193548716365	-46.436750411410073980
2261	-165.655880899615226554	-46.119225858452388422
2262	-162.766019555217553716	-45.834142028211765307
2263	-157.881519187063872778	-45.177046498768952176
2264	-153.125320747370835761	-44.316981232475093577
2265	-150.426131480535786977	-43.727574315383620274
2266	-145.919075464087484306	-42.570991014571035294
2267	-141.587788819967499876	-41.244513102143912420
2268	-139.150691363112116505	-40.399963152432960101
2269	-135.108139606846350489	-38.833913477147632420
2270	-131.246760895893771703	-37.134699741816454832
2271	-129.080705505259516030	-36.089868201898397615
2272	-125.492894254030943557	-34.207341192090211734
2273	-122.065829744226334697	-32.224985204318016940
2274	-120.140866809828253281	-31.029852574775922847
2275	-116.944600474529806888	-28.912363512244571240
2276	-113.878294654584919954	-26.722438215820378815
2277	-112.148576361848995475	-25.418182779147301176
2278	-109.262198714708688385	-23.131737238111075072
2279	-106.473599428937632183	-20.794498488531882430
2280	149.225289621050592359	-37.926959670377421219
2281	153.380862948813160074	-39.186174382787136494
2282	157.676970370900903617	-40.292257231846740240
2283	160.238167456664086785	-40.861070499232369002
2284	164.734158724031772181	-41.702617742790906163
2285	169.334865277303947551	-42.364444463008211983
2286	172.051966381978786558	-42.663693819084777203
2287	176.771174636820660453	-43.025934325734681352
2288	-178.470104298396108788	-43.192392409902218731
2289	-175.694270670202058682	-43.198219141445953539
2290	-170.934741188155612690	-43.051782410076079088
2291	-166.213743772889472439	-42.709554619528482533
2292	-163.495184218628537565	-42.421945224573583744
2293	-158.891338297039851568	-41.780099040564330437
2294	-154.391533795826603637	-40.958494414002551309
2295	-151.827870538644560838	-40.401262120244851417
2296	-147.527212561615328923	-39.315015881733870629
2297	-143.366828137557206446	-38.075527461677552310
2298	-141.012526237607573876	-37.288168743678376416
2299	-137.084015980767844667	-35.829839079865926976
2300	-133.302455869796062871	-34.248145538346612682
2301	-131.168035989079044157	-33.275316775077783404
2302	-127.611057719256280052	-31.521337834044434345
2303	-124.187729296803922807	-29.672147778263177287
2304	-122.253700940972748867	-28.556053818947894740
2305	-119.024611975063066893	-26.576181619437953429
2306	-115.906142807158744290	-24.525312502659382119
2307	-114.138216394254300212	-23.302333960116222045
2308	-111.174338083623354123	-21.155729136506636223
2309	-108.295102112148356355	-18.958192084277637690
2310	150.565893616740936523	-35.643983259572948441
2311	154.668410263553880668	-36.722930927938328693
2312	158.874835909835667280	-37.656279431790558476
2313	161.366658090877876930	-38.129191261404606905
2314	165.714309694095959458	-38.815977789685121024
2315	170.131686282394070986	-39.338314208807787509
2316	172.727416882806096510	-39.564555534065100062
2317	177.216441173470911963	-39.817160844317157853
2318	-178.276619823192618242	-39.895824478817118575
2319	-175.654216307340107051	-39.861268306696167940
2320	-171.164445513630994355	-39.664546701068545076
2321	-166.713560937914905935	-39.296477105365084981
2322	-164.149067495473332201	-39.004977898611734588
2323	-159.799382893314088960	-38.375000767997782702
2324	-155.534795134710861930	-37.587489544233015692
2325	-153.097192060497775401	-37.059611609978141189
2326	-148.991854736759933076	-36.038697066779697309
2327	-144.997711998352997398	-34.881372311756223326
2328	-142.726223144150878852	-34.148632592076346270
2329	-138.915871112090599127	-32.794215294910756597
2330	-135.222496846040712626	-31.327185144338209000
2331	-133.126094918594276351	-30.425181917408103516
2332	-129.612769444299942734	-28.798583868152181964
2333	-126.207475236661139206	-27.082437555594708556
2334	-124.273030111288335320	-26.045754663240526128
2335	-121.026032869272000880	-24.204807290467055481
2336	-117.869866447788695041	-22.295005001608092954
2337	-116.071755829558014739	-21.154726870547499118
2338	-113.043246544494763839	-19.150721768076756746
2339	-110.084876571597874317	-17.095892979541812196
2340	151.315520815114950892	-34.300611256923751569
2341	155.383753367939959844	-35.275592889582696898
2342	159.536168429527776880	-36.109846574286876830
2343	161.987485876666767126	-36.527966172222235741
2344	166.250444368540570395	-37.126660998367334798
2345	170.565308832973073550	-37.569916739910489412
2346	173.094022396403033781	-37.754866801447434455
2347	177.457191276090156862	-37.945539484649430051
2348	-178.172298285944293639	-37.974579040415157749
2349	-175.632644426565548201	-37.917127140545787256
2350	-171.288028503423902293	-37.691679848985401691
2351	-166.982497851012510637	-37.308436921207750459
2352	-164.501107256466639228	-37.014292570270960425
2353	-160.289153777589376659	-36.390099966321137970
2354	-156.153153860706083833	-35.620826625000823640
2355	-153.785113017078060693	-35.108940474865136139
2356	-149.788824357463454362	-34.124018753100017420
2357	-145.889227442740718743	-33.012439595838195316
2358	-143.665710776596540654	-32.310325248095281836
2359	-139.925378032211142454	-31.014555360925943006
2360	-136.286346909232406688	-29.612733246985751379
2361	-134.214486845008082128	-28.751231832182188697
2362	-130.731572723375165879	-27.197854318927024764
2363	-127.342523995040096452	-25.558638322497511552
2364	-125.411381033808652319	-24.568067004782221829
2365	-122.160174585354866394	-22.808089640378355512
2366	-118.988202651168876400	-20.980838486430961609
2367	-117.175968160866943890	-19.889085320802301737
2368	-114.115420137226976749	-17.968931770825548710
2369	-111.116024829227910686	-15.998193294493411543
2370	152.559564753063796161	-31.962501095001265128
2371	156.563739146912666911	-32.760891376180552470
2372	160.620690620812979432	-33.427771378311369688
2373	163.002272733680342753	-33.753744457310432381
2374	167.122222430547367367	-34.204877098095288090
2375	171.267137329898332609	-34.516247493149940340
2376	173.685979434415912692	-34.632530068604502560
2377	177.844604367600368278	-34.720402101951464147
2378	-178.004845647518777696	-34.667141379994923511
2379	-175.598053292564827643	-34.571675204729530151
2380	-171.486007572519156383	-34.298340682164571547
2381	-167.413348801774816366	-33.889401810318126707
2382	-165.065357338757053185	-33.590426777820169946
2383	-161.075362415537881589	-32.974877027149901210
2384	-157.148142094663569424	-32.234767500658087158
2385	-154.893953017428771091	-31.748775207831496203
2386	-151.077943995545012967	-30.822596762115527014
2387	-147.337145779553281955	-29.786261063017452244
2388	-145.195471584892175088	-29.134794797847924031
2389	-141.576892618261751977	-27.936525859606813782
2390	-138.035408464715260379	-26.643795996657722469
2391	-136.009200761643000988	-25.850376584370366118
2392	-132.585962036353066651	-24.420645656937271184
2393	-129.233579320313083372	-22.912049889448983464
2394	-127.313600787364862299	-22.000085772986224697
2395	-124.064933798347169613	-20.378650514992351361
2396	-120.875615644582296682	-18.693242475113812873
2397	-119.044684746120537966	-17.685113261233297521
2398	-115.938197953771634729	-15.909832903531837545
2399	-112.876610531182450359	-14.084777474189198898
2400	153.757538287215595574	-29.580429057462474418
2401	157.691750634920367702	-30.205401948839256221
2402	161.650209320930969170	-30.709175393428214562
2403	163.961877418743199541	-30.945880386089594793
2404	167.941530817959119304	-31.254840648509070178
2405	171.923159435715092513	-31.439938338068820656
2406	174.237778199052570471	-31.490759154349227344
2407	178.204305025226176440	-31.480959176307091951
2408	-177.849824568007534253	-31.349733844071060673
2409	-175.566068312619336211	-31.218290820437012201
2410	-171.668859354441337928	-30.899586287334059875
2411	-167.811267500072062830	-30.466123040844010461
2412	-165.586733315204867267	-30.162368682921805174
2413	-161.803042858643436830	-29.554514306996107820
2414	-158.071492825621817246	-28.841444430540786215
2415	-155.924959868424252818	-28.379652570807923695
2416	-152.281333629394168838	-27.508699147106057126
2417	-148.695063501353502033	-26.543563733214941891
2418	-146.634406268347731839	-25.940264898859801690
2419	-143.138865448127717173	-24.835202909177429120
2420	-139.699307521443586211	-23.647445048484581065
2421	-137.722537144193381664	-22.919875192774856743
2422	-134.367226120666146016	-21.610357115336803702
2423	-131.061466127704761675	-20.229565899197346823
2424	-129.158995785840033932	-19.394889409211465647
2425	-125.924319014059278743	-17.910307527657415960
2426	-122.729337540305436960	-16.365790894085201046
2427	-120.886420741630786324	-15.441062153114810229
2428	-117.745077389621087605	-13.810805467772603095
2429	-114.631496147769439631	-12.132200714155002785
2430	154.437523651914261791	-28.170847709395861358
2431	158.328487945194297026	-28.696654346776870881
2432	162.228305512033387004	-29.107775936462200406
2433	164.499167460153785214	-29.294032046687927817
2434	168.398181960436261306	-29.523030054562063640
2435	172.287348136054959014	-29.637508994422589126
2436	174.543490549364207709	-29.651869835162145250
2437	178.403012740437020511	-29.587862246896701635
2438	-177.764369775449722511	-29.413535995179980631
2439	-175.548452196064431519	-29.262257802326438139
2440	-171.769479303625473676	-28.918597908369218175
2441	-168.030218716195690831	-28.471697335723384015
2442	-165.873706621594237731	-28.165356316828464855
2443	-162.204023954026297361	-27.561826196072843231
2444	-158.581230785932689287	-26.863765017995863360
2445	-156.494907512732538635	-26.415400472475052851
2446	-152.948447036989989556	-25.575125472448689834
2447	-149.450350228835191047	-24.649643240532132182
2448	-147.436472520982533752	-24.073237852971992368
2449	-144.012987826044422945	-23.020372400248920286
2450	-140.634476610898218496	-21.891642280690241762
2451	-138.688008741777537125	-21.201229136616614568
2452	-135.375630359915362533	-19.959790886592337245
2453	-132.101186629396465833	-18.651718142023995028
2454	-130.211607978110180284	-17.861180228316545282
2455	-126.990015334236204581	-16.455043784544258756
2456	-123.796858159722944492	-14.991654857620520858
2457	-121.949939904923155609	-14.115115960768822134
2458	-118.793271734200516221	-12.568932857515079604
2459	-115.654046082641684734	-10.975562061520637513
2460	155.582528734305299167	-25.703470445771841923
2461	159.395006225146971701	-26.062499821132401934
2462	163.191804053912676409	-26.318933045366843970
2463	165.392241562078083916	-26.421435530319836715
2464	169.154003000124475875	-26.518389330385570446
2465	172.887914821533286158	-26.517001810972043785
2466	175.046690959972238488	-26.471831368008505336
2467	178.729213827688795391	-26.319711068318987657
2468	-177.624361811137646328	-26.075717682850839907
2469	-175.519613703726179210	-25.892531052374174294
2470	-171.934062859100833975	-25.508956034531159673
2471	-168.388315410226539370	-25.040867794114681999
2472	-166.343173828083592980	-24.730679543516249197
2473	-162.860635379149130131	-24.134738590038317341
2474	-159.417272459047580924	-23.461584860521362828
2475	-157.430829553003832189	-23.035342326062430374
2476	-154.046672492937943844	-22.245497481732154910
2477	-150.697461054269865599	-21.385190730949073412
2478	-148.763404525681210089	-20.853036605754951438
2479	-145.464413900387057765	-19.886220111847421776
2480	-142.193453532545959206	-18.855100127780954011
2481	-140.301433180042351978	-18.226304900778238505
2482	-137.068172537798773192	-17.098125583877052946
2483	-133.854215576093110940	-15.911549250468555172
2484	-131.991152554060079183	-15.195019081704039365
2485	-128.800117720256309894	-13.920896540296807231
2486	-125.618582983530359343	-12.594674468278377333
2487	-123.769773358861243651	-11.799912904429818994
2488	-120.595172151110659797	-10.396920610034522170
2489	-117.419786936017942480	-8.949366068711517741
2490	156.705230841047523427	-23.171541463535273664
2491	160.434003345501366766	-23.369223782855080174
2492	164.124809163897680264	-23.477532896613244162
2493	166.254245881955512232	-23.500473569613202329
2494	169.879829788584970629	-23.472945400773607361
2495	173.462124637148463080	-23.363350643514177563
2496	175.526747735639560233	-23.262991260984687614
2497	179.039430002292988320	-23.029768325676773344
2498	-177.491525743951342520	-22.722269007806854546
2499	-175.492279162188822283	-22.510261546954129841
2500	-172.089904940663927846	-22.091081952321289350
2501	-168.727328697861707951	-21.604744826268159841
2502	-166.787738867404641496	-21.291760568136322007
2503	-163.483080160656243152	-20.704081592363962727
2504	-160.211242747836422495	-20.055127674800704796
2505	-158.320874085401158027	-19.650003248183431026
2506	-155.094067335402314711	-18.907952482457435650
2507	-151.890983464474857101	-18.109198586954050825
2508	-150.036203268500457852	-17.618818617916911506
2509	-146.862605992273245192	-16.733319456377426349
2510	-143.702349105286998565	-15.794683315462915374
2511	-141.867586046304950287	-15.224435442441386357
2512	-138.719784839725434722	-14.204246066245424629
2513	-135.574308079837578589	-13.134090680583248911
2514	-133.743033136143935735	-12.488781218097219750
2515	-130.592411508558654987	-11.342287003486573482
2516	-127.432994399719518697	-10.149479234431565189
2517	-125.588521237725785795	-9.434648808427898103
2518	-122.406589848687190170	-8.172314603069729344
2519	-119.205146468445377650	-6.868901864980318628
2520	157.351518777303795105	-21.664838119507869862
2521	161.029145726454487431	-21.771568393631874017
2522	164.656800667478819378	-21.797134522138343016
2523	166.744548702310453336	-21.775946782264615109
2524	170.291101567498230906	-21.679848969051985108
2525	173.786421489147642205	-21.511163877687550894
2526	175.797424318871435389	-21.380876315172031354
2527	179.213931828273302926	-21.103983728508438844
2528	-177.416933656792537022	-20.762637126159159351
2529	-175.476941140505005023	-20.535427824531687691
2530	-172.177283166174674989	-20.097754084693580268
2531	-168.917373817607710862	-19.602374675244792712
2532	-167.036995466593111814	-19.288369949356507504
2533	-163.832324296979209066	-18.706002960569506399
2534	-160.657294027325406205	-18.070973460038075586
2535	-158.821388538624148623	-17.677757806752527614
2536	-155.684283538613840392	-16.962412390039322219
2537	-152.565238068527150972	-16.197864017326729424
2538	-150.756436062277316523	-15.730656685099654979
2539	-147.656292408740341671	-14.890252636733199765
2540	-144.561880177049033591	-14.002956044919098844
2541	-142.761680904095328515	-13.465261419642024165
2542	-139.666411568484079453	-12.505253537650366624
2543	-136.564331766342547780	-11.500207344933938813
2544	-134.753910197194045395	-10.894856400432251675
2545	-131.631246068731343257	-9.820225175110190108
2546	-128.489484852099167256	-8.702904098142994371
2547	-126.650403145749464784	-8.033482852545045461
2548	-123.469138825057484610	-6.851396021233540523
2549	-120.257290941688097519	-5.630669500948361161
2550	158.454954624215019976	-19.012889094975907511
2551	162.040377289471280164	-18.969303285335055165
2552	165.556765289223676518	-18.859499963956842805
2553	167.572047718700048335	-18.766691864370010023
2554	170.982704141235728912	-18.560170452456837609
2555	174.330079590548734814	-18.297276002414722740
2556	176.250490335046720247	-18.119667397234170636
2557	179.505371625228349330	-17.774328382033189655
2558	-177.292560672645379327	-17.380629330330773286
2559	-175.451384757065568465	-17.130242054720500988
2560	-172.322763608826448944	-16.665000404016158342
2561	-169.233724007077682927	-16.157142509272620856
2562	-167.451961694612577958	-15.842613160824033258
2563	-164.414115928389946930	-15.270530889626908078
2564	-161.401190352201638234	-14.659403538113316756
2565	-159.656846732271390010	-14.286116849342603174
2566	-156.671312088340073387	-13.614911241361999927
2567	-153.695400279301964019	-12.906441884677986920
2568	-151.965508183632607597	-12.477100889081260249
2569	-148.992572749963244405	-11.710280742005839016
2570	-146.013769311453870614	-10.906747298443573158
2571	-144.275064517543910370	-10.422213537306703302
2572	-141.274765282600981209	-9.560655245602657004
2573	-138.253221800017968235	-8.662440823711252236
2574	-136.482616126225934750	-8.122846297801752158
2575	-133.415559611320531985	-7.166879848811237963
2576	-130.312387122640245707	-6.174808968430054001
2577	-128.487564589221165079	-5.581044602431535218
2578	-125.316130393107641794	-4.533254329338506139
2579	-122.094901729612502095	-3.451722615024575891
2580	159.555854601985856789	-16.273292348850414868
2581	163.043300239982215771	-16.088222692828502147
2582	166.444538986709289929	-15.852849848657708520
2583	168.386008759989181272	-15.694374029405006254
2584	171.660003133270265607	-15.387764517010063869
2585	174.860505075569221844	-15.040760627276858585
2586	176.691703916226288129	-14.821447013080874200
2587	179.788429900957112295	-14.416635389053755745
2588	-177.172005188637626816	-13.978469072851954280
2589	-175.426633888587787169	-13.708905023296438230
2590	-172.463526097646081325	-13.221851373329210233
2591	-169.539724552334746477	-12.705766332640854088
2592	-167.853399276670984364	-12.392470932685972329
2593	-164.977326001423477919	-11.832458494627566381
2594	-162.122247103856068406	-11.245483645146995499
2595	-160.467468122170828337	-10.891591784950827915
2596	-157.631067928502091036	-10.262509359830609412
2597	-154.797288152206931500	-9.606826432826355955
2598	-153.146447020160735519	-9.212909302520307264
2599	-150.302280709978617779	-8.514692199295684105
2600	-147.442361602313894764	-7.789117086876683693
2601	-145.767849153780900906	-7.354068620501015729
2602	-142.868479560928108185	-6.584282155549883164
2603	-139.935007706996941579	-5.785957608663542473
2604	-138.209261816572393400	-5.308048263189725446
2605	-135.207452505617197858	-4.463853123370971510
2606	-132.153483219786267000	-3.590460887057687067
2607	-130.349406742166252116	-3.068763284025321614
2608	-127.199200040166942927	-2.149644585628299520
2609	-123.979904890763577896	-1.202536078395632257
2610	160.198311818450861210	-14.634828018543915462
2611	163.625889093390469498	-14.372150312994696364
2612	166.958106760940211188	-14.068809844454662539
2613	168.855849030200033667	-13.875169681654814013
2614	172.049649524286564883	-13.515540400575368096
2615	175.164790818632354785	-13.124627513320968220
2616	176.944454289077441445	-12.883822095325871970
2617	179.950252773986903776	-12.448814075011787494
2618	-177.103188672028863948	-11.988631726179116654
2619	-175.412514600844474444	-11.709866302004408922
2620	-172.543765952983562784	-11.212945635042377290
2621	-169.714111151211113793	-10.694184589403475272
2622	-168.082188870994002627	-10.382499243585241899
2623	-165.298463025155513151	-9.830463267464311983
2624	-162.533757733204879514	-9.257775973677103920
2625	-160.930426986590020988	-8.914985510659358070
2626	-158.180057001824081908	-8.309575646768355028
2627	-155.428815089722661469	-7.683155882948439874
2628	-153.824173578304908006	-7.308747890041147777
2629	-151.055832935343005374	-6.648158748622319258
2630	-148.266717608741828371	-5.965224157738170163
2631	-146.630848195310818483	-5.557221622921954207
2632	-143.793013460602310261	-4.837610990919580800
2633	-140.914313046718575606	-4.093991968244586666
2634	-139.217030868894084961	-3.649937410509296321
2635	-136.257719289757005754	-2.867264033065703988
2636	-133.237414163341213680	-2.059488746127820402
2637	-131.448512875080893991	-1.577801277876638375
2638	-128.316167390929081193	-0.730455298720174229
2639	-125.103546673638334141	0.141179886852351083
2640	161.310271425230553177	-11.737472266258382803
2641	164.629666782238018641	-11.350870080096395753
2642	167.839395105816720388	-10.940651198958743606
2643	169.660393729568227172	-10.692405847161710497
2644	172.714715154289592647	-10.251497710084825243
2645	175.682743549375345538	-9.794469458833853892
2646	177.374100460844033478	-9.521833904560917716
2647	-179.775200771712263759	-9.042983878143774135
2648	-176.986605781309776830	-8.551968454451976953
2649	-175.388610081915203409	-8.260933594900313537
2650	-172.679516631611591038	-7.752174759296602602
2651	-170.009057213046958168	-7.232666664668012224
2652	-168.469162075113331412	-6.925398664458368714
2653	-165.841845155182681992	-6.388894588819509224
2654	-163.230615509940776064	-5.841330800504050735
2655	-161.714917914570776247	-5.517391095145005586
2656	-159.111654948717159641	-4.951355547810017299
2657	-156.502413398545343171	-4.372826497408226487
2658	-154.977722879280349844	-4.030083375047674998
2659	-152.341518111524010237	-3.430229908109891923
2660	-149.677083869700481955	-2.815823803110458101
2661	-148.109935517672056449	-2.451208164058537697
2662	-145.382809809898617459	-1.812044650958849479
2663	-142.604432816239580006	-1.156194860613629416
2664	-140.960222622707874507	-0.766537618117728692
2665	-138.081962200087900783	-0.082950791156896075
2666	-135.128499781929235724	0.618721208703715497
2667	-133.371272651711819890	1.035461344764525782
2668	-130.279667724728938083	1.765764534681628639
2669	-127.088801539753490033	2.513506286680633028
2670	162.439023389519775264	-8.728409139080721246
2671	165.642855463129194504	-8.231605824149580641
2672	168.724504348747586846	-7.728546517993849285
2673	170.466318354508416633	-7.433793147954180114
2674	173.378277124345117954	-6.925083268863503783
2675	176.197800875409143373	-6.414549051845375160
2676	177.800636199722589481	-6.116905104835022478
2677	-179.503288917241945910	-5.604894420409894273
2678	-176.871348603442527292	-5.092273906642310166
2679	-175.364995925103244190	-4.793626151139086744
2680	-172.813495547983848155	-4.279756818585943812
2681	-170.300040982173641169	-3.764592614542078941
2682	-168.850940845695276948	-3.463949769275783019
2683	-166.378155375980043118	-2.945488402163030095
2684	-163.919024881091786483	-2.423973668725337927
2685	-162.490475901788386182	-2.118716528712108804
2686	-160.034168406290746134	-1.590601462698177482
2687	-157.567795590655805427	-1.057110991947995737
2688	-156.124097863400493225	-0.743767671616822668
2689	-153.622842055883779722	-0.199792517812445086
2690	-151.087303401687847781	0.352058514268960454
2691	-149.592014258017002248	0.677224993102509165
2692	-146.982214174065461521	1.243400605199845188
2693	-144.312349976695770692	1.819678522763459982
2694	-142.726696327505180761	2.159979791192907062
2695	-139.940095836924911055	2.753476422994708628
2696	-137.065459007618358100	3.358282090052367774
2697	-135.347426014209588629	3.715470589212376051
2698	-132.310206149934970199	4.337865179117772918
2699	-129.155285744408274695	4.970437984258222919
2700	-72.276627215898997747	-41.696163979338209060
2701	-68.740644364123113519	-39.927396806752035729
2702	-65.504420882822500971	-38.125151521847406855
2703	-63.743192723560810009	-37.066463748774445719
2704	-60.902250221888380111	-35.237483922045775842
2705	-58.267439685661884141	-33.402037245051374725
2706	-56.817202992446084409	-32.332726004450783819
2707	-54.450426321665872820	-30.495289809560880201
2708	-52.221746355493110059	-28.658579714211938949
2709	-50.979942605817200274	-27.589893511649297153
2710	-48.928458365092183158	-25.753209084641046189
2711	-46.966553995572496660	-23.914165604575106983
2712	-45.859948220263675012	-22.841688457674525381
2713	-44.009607121679266584	-20.992905643771226920
2714	-42.212963181710790650	-19.133249777695191085
2715	-41.187386001514710188	-18.044288362451801788
2716	-39.452150388217205546	-16.158642564806090292
2717	-37.742035908906473196	-14.250423161230775904
2718	-36.754361160423400179	-13.127439085935817431
2719	-35.063713138306070505	-11.172865250946518501
2720	-33.372920607464493514	-9.181829779420054294
2721	-32.385027836984704663	-8.003981023850643695
2722	-30.674303716681265541	-5.943269038651741276
2723	-28.938150632029362441	-3.830660702381068372
2724	-27.911890935396968416	-2.574800621613670515
2725	-26.113803231300835250	-0.367437354548961037
2726	-24.261650227766949683	1.907724229307916630
2727	-23.153806255843392137	3.265375238886506715
2728	-21.189428982176650607	5.659460206048480657
2729	-19.134990033010126353	8.135111979062269683
2730	-75.948742913008175037	-40.088328342672348015
2731	-72.405958675348983888	-38.302100903991473047
2732	-69.137809106453744334	-36.473179665887869305
2733	-67.348918718362483560	-35.394726071250211419
2734	-64.448267722222340126	-33.524810463979846986
2735	-61.741769230918862377	-31.640247224707486851
2736	-60.245555600178761324	-30.538933387551168153
2737	-57.794129114115264656	-28.641291406382531903
2738	-55.475251827405202221	-26.738626435150969485
2739	-54.178969905634858151	-25.629295381989759761
2740	-52.031190670841738211	-23.719536840405595512
2741	-49.970251770884658526	-21.804116623200066272
2742	-48.804969166313014739	-20.686020428818832073
2743	-46.852273106710697448	-18.757431330002461323
2744	-44.951529092341615979	-16.816900237793412032
2745	-43.864611642497038702	-15.680712580420481217
2746	-42.022699005552226481	-13.714232208845080763
2747	-40.204248249805175419	-11.726335290549490864
2748	-39.152718368464036303	-10.557880641307063385
2749	-37.350864612347663751	-8.527403981752213369
2750	-35.546819902428467230	-6.464217316812259639
2751	-34.491985491027776334	-5.246575003732897535
2752	-32.664300787853107977	-3.122165068781531438
2753	-30.808509107315103392	-0.953050526028241363
2754	-29.711280483023074339	0.331731012102437939
2755	-27.788762791441740774	2.580710452990506720
2756	-25.808814058206962727	4.885475112102218631
2757	-24.624954439632006142	6.253908333222987004
2758	-22.527026535829691056	8.653692428949039339
2759	-20.335247469055730107	11.116391204197540787
2760	-79.323834987520967843	-38.433138957007422221
2761	-75.801644786370161455	-36.621968275962231587
2762	-72.528569300905019190	-34.761544206135290835
2763	-70.727178187662843811	-33.661549635942627390
2764	-67.791539862987576726	-31.749119542572799446
2765	-65.036139493541099910	-29.815383358388459101
2766	-63.506267425660098525	-28.682602668654777034
2767	-60.989733352118889798	-26.726471681028815652
2768	-58.598208749413288388	-24.760402372530347037
2769	-57.256789557973263527	-23.612235505644978417
2770	-55.027358022502198764	-21.633002144769875486
2771	-52.880373576397289526	-19.645377539628704255
2772	-51.663270189273191590	-18.484345077239602517
2773	-49.618886930037263028	-16.481001012020435326
2774	-47.623417979138025657	-14.465230132579360856
2775	-46.480070346584113850	-13.285383271186198328
2776	-44.539055839361367362	-11.244732099647984924
2777	-42.618842877292706817	-9.184557397092333986
2778	-41.506860223995545311	-7.975306857764066670
2779	-39.598976753983322396	-5.877642847072286791
2780	-37.686075547290158738	-3.751943976815302673
2781	-36.566527119345948904	-2.500566806566944855
2782	-34.625187422910414625	-0.323669667611770073
2783	-32.652458697557847245	1.889714054197517701
2784	-31.485580811872296181	3.195828515701062411
2785	-29.440511283722571534	5.472624508884260663
2786	-27.334212712969701897	7.792334786421955428
2787	-26.075009963889215214	9.162698515918378916
2788	-23.844455026840705614	11.552607591657825026
2789	-21.516051964410507935	13.986645751249721314
2790	-81.165712345715462561	-37.454191775793184149
2791	-77.665625993736568944	-35.624891197379135122
2792	-74.400062191623760555	-33.743587067027391413
2793	-72.597378646471042885	-32.630008670620924249
2794	-69.651353364284489089	-30.691680813540376249
2795	-66.876916566787372176	-28.728865745450832492
2796	-65.332638904666396229	-27.577773274199930853
2797	-62.786560486280791338	-25.587996978102928836
2798	-60.360381255167169456	-23.585845283159429187
2799	-58.996800372919040001	-22.415721803557126179
2800	-56.726355338486712299	-20.397423278615672615
2801	-54.535134212938544351	-18.369447917716005492
2802	-53.290980107859525106	-17.184532807741302207
2803	-51.198105963536136187	-15.139808070808941309
2804	-49.151819449479205559	-13.082664855818965322
2805	-47.977898400235687859	-11.878953785777927266
2806	-45.982718251506355500	-9.798041103307951971
2807	-44.006333765641613809	-7.699041430318030343
2808	-42.860748038119595549	-6.468096636722485471
2809	-40.893554061011400336	-4.335144452064238152
2810	-38.919322160486387929	-2.177265320808245086
2811	-37.763126467630627303	-0.908882708597224642
2812	-35.757126459849928324	1.293730187274229948
2813	-33.717521931224155196	3.527656539220364706
2814	-32.510665728131016294	4.842977978717337706
2815	-30.395024296262022290	7.130189750870274956
2816	-28.215710402507568233	9.452558294128531102
2817	-26.912866717418410190	10.820446812890248012
2818	-24.605346283222388593	13.198372873885919176
2819	-22.197519826463690151	15.609578241350552830
2820	-84.143295130222554690	-35.753134145704088098
2821	-80.695029340008204599	-33.886543163735815654
2822	-77.457157102664382364	-31.964788007756233412
2823	-75.661001842171174303	-30.825870509536439812
2824	-72.712044555782881616	-28.840631417253401736
2825	-69.919339309088570644	-26.826578571225198289
2826	-68.358389537963773819	-25.643739105975001280
2827	-65.774758619673264093	-23.596352078146825448
2828	-63.301313075994016799	-21.533163091868441796
2829	-61.906349408145615598	-20.326182402515296843
2830	-59.576157409674351584	-18.242736195590250503
2831	-57.318672690363200672	-16.147967890846253169
2832	-56.033270803902439638	-14.923740468444849583
2833	-53.865336227738225716	-12.811287059541429656
2834	-51.739103684906410763	-10.686947463433110528
2835	-50.516548798946303123	-9.444737912095323651
2836	-48.434356578487609113	-7.299376807755081131
2837	-46.366740560722405462	-5.138949827165671280
2838	-45.166153338984713628	-3.874065800412366478
2839	-43.101197152757833919	-1.686673612826910418
2840	-41.025063861111505048	0.519717249651727387
2841	-39.807631704279174301	1.813103070230496883
2842	-37.693028470988622303	4.052208286429803685
2843	-35.540441797936125568	6.313207240128046571
2844	-34.265766373655708321	7.639343898498705876
2845	-32.029967955095173693	9.935546865354551116
2846	-29.725836633484334470	12.253309447531387733
2847	-28.348188883214902489	13.611553329070261498
2848	-25.908450883920068009	15.959689325628763967
2849	-23.363892091340403567	18.322782846638212106
2850	-86.910981282917930457	-34.035274913575307210
2851	-83.528404507598224882	-32.124017908092980633
2852	-80.333664789802810446	-30.156101886067379070
2853	-78.553416732428388514	-28.989255462305621336
2854	-75.617873200866597472	-26.953824196192289975
2855	-72.823113466418817552	-24.886597550911297105
2856	-71.254719570162137643	-23.671441228603161022
2857	-68.648854823206590936	-21.566320470113144125
2858	-66.142628558662408977	-19.442941310528308207
2859	-64.724281081901608559	-18.199998802372963524
2860	-62.347296213693994105	-16.053574237819187687
2861	-60.035472130499783816	-13.894922250259060803
2862	-58.715282875816740216	-12.633396903643209441
2863	-56.482568117630023607	-10.457206704471984082
2864	-54.285647125084551590	-8.270318847831120479
2865	-53.019384736491076637	-6.992615089089636804
2866	-50.857871313312443817	-4.788481251264850691
2867	-48.705762571282946283	-2.572953807971087858
2868	-47.453669871853321638	-1.278112787203686818
2869	-45.296248138279622708	0.956364721040050436
2870	-43.122639167636407365	3.203278688459684442
2871	-41.846157889537380470	4.516738305033099365
2872	-39.626064763173246774	6.783418664950100485
2873	-37.362823847146728440	9.062073141828133060
2874	-36.021337640436854599	10.393355296568332236
2875	-33.666550024802290864	12.688577610771858417
2876	-31.238100703300290206	14.991627111148206453
2877	-29.785657250015674435	16.334368958155394580
2878	-27.213285481828734191	18.642874793993129856
2879	-24.531120466943207248	20.948570779444523282
2880	-88.436436135014730553	-33.030144277826899213
2881	-85.097107074747498245	-31.089751660885415419
2882	-81.933311306528480600	-29.092470421770926237
2883	-80.165966680324629579	-27.908207074273082782
2884	-77.244728977487852717	-25.842048485452959738
2885	-74.455381106421612003	-23.742929570210613122
2886	-72.886480682758872263	-22.508657302870645367
2887	-70.274125434989514360	-20.369788556528924062
2888	-67.755028094950546347	-18.211672024395650027
2889	-66.326542828932019802	-16.948155638248387334
2890	-63.928011651557483219	-14.765981815740980565
2891	-61.589867192528288342	-12.571397223672093446
2892	-60.252333704067780218	-11.289038978194096075
2893	-57.986574431369604099	-9.077498673587875544
2894	-55.752747775242141870	-6.856246531085472107
2895	-54.463316414984149105	-5.559202821943453721
2896	-52.259199651030940004	-3.323346764215550309
2897	-50.061053891812605343	-1.078504687745938107
2898	-48.780617433295674346	0.232047841381221365
2899	-46.571856029801040222	2.490768519449383600
2900	-44.343579595658923154	4.757869429598467370
2901	-43.033745546437160101	6.080934710810868005
2902	-40.753683169584292045	8.359944200594133790
2903	-38.427075956667863466	10.645000601967719689
2904	-37.047132467658229871	11.976972942961435109
2905	-34.623535273940831303	14.267623537470438322
2906	-32.122825196954863713	16.558126001676750860
2907	-30.626753975937504038	17.889571979472886909
2908	-27.976789120360308516	20.171257871227638248
2909	-25.213881433063534132	22.440091419531100314
2910	-90.928486625923426345	-31.296471457746889655
2911	-87.670243305037161008	-29.301148847816065768
2912	-84.567876447452533739	-27.249464692938413890
2913	-82.827998960425702535	-26.033413271581082427
2914	-79.940996139042340474	-23.911996731314310694
2915	-77.171001403269087859	-21.756514249558371432
2916	-75.607150916076818703	-20.488875140648673323
2917	-72.993775445507992572	-18.291748792889585218
2918	-70.462485255025853803	-16.074406584323185143
2919	-69.022201147477005634	-14.776119089101396042
2920	-66.595962746256873288	-12.534009722580085722
2921	-64.221400981772490013	-10.279753853502594296
2922	-62.858931759580116250	-8.963052473452668423
2923	-60.544273836149784529	-6.693668167743585862
2924	-58.254273810041240722	-4.416741912256864744
2925	-56.928939548250468761	-3.088637004565693900
2926	-54.657791918660223018	-0.802338598662265756
2927	-52.386016887381458673	1.488408482445756631
2928	-51.059737720109069414	2.823186667420815699
2929	-48.767106080065218521	5.118531034515854117
2930	-46.448516833093094647	7.414979866222130234
2931	-45.083145491466666499	8.751322769978058247
2932	-42.702506864639417472	11.045807662022722795
2933	-40.268759285140049542	13.336014602267846740
2934	-38.823417104318878046	14.665739962435255350
2935	-36.282198939681450156	16.942661194046436890
2936	-33.657255844858752880	19.205869774526387772
2937	-32.085881849862630588	20.514688822039893523
2938	-29.301537263792795329	22.745075632080993699
2939	-26.398311228899274283	24.945898988691570963
2940	-93.277268968220198531	-29.556198674168943086
2941	-90.106864330341977620	-27.500515958075894218
2942	-87.074556030184851352	-25.389987118258400045
2943	-85.367827868014671822	-24.140042838408390935
2944	-82.525645525707318484	-21.960586237655061126
2945	-79.786288524321719251	-19.746993364265982507
2946	-78.234241818639588928	-18.445429505577315865
2947	-75.631576721953024389	-16.189833460781553498
2948	-73.099780559898590582	-13.913937482104417498
2949	-71.654400896933168497	-12.581648319734600960
2950	-69.211694775985165506	-10.281527117879024402
2951	-66.811490798733245811	-7.970225634359921152
2952	-65.430099866229056715	-6.621006890081253538
2953	-63.076374673643044844	-4.297386431020481901
2954	-60.739334346264456599	-1.968940831097254485
2955	-59.383066088801570004	-0.612423296612624068
2956	-57.052793625121751120	1.719406117311475191
2957	-54.714456629912660901	4.050737009472436867
2958	-53.346045287380377431	5.406477379590143073
2959	-50.975202235088772795	7.732592977308909710
2960	-48.571024778666526345	10.052285704060107463
2961	-47.152424400776965285	11.398267839236867260
2962	-44.674401350607638506	13.701887370967192226
2963	-42.135712259829176674	15.990875655267398514
2964	-40.625790771565277737	17.314677392911292486
2965	-37.967571558232123152	19.571686972071514532
2966	-35.218037541399155543	21.801706545395564518
2967	-33.570718498805092622	23.084657773356841659
2968	-30.650191747262965691	25.258609890542754073
2969	-27.604050972701998035	27.386976738544330345
2970	-94.586596047529212683	-28.540646419578468596
2971	-91.469760515649852550	-26.447677203300923310
2972	-88.481514797997817823	-24.301136248645214266
2973	-86.796304327457846739	-23.030634687401775551
2974	-83.984443506749869357	-20.816316058896447316
2975	-81.267539231310195191	-18.568257284054276113
2976	-79.725173284163872722	-17.246769959975363662
2977	-77.133696117908527867	-14.957159911761648274
2978	-74.606626517583947589	-12.647586657899665852
2979	-73.161197648197060062	-11.295907493389670151
2980	-70.713855181418296070	-8.962971519725286385
2981	-68.303537820448013917	-6.619721273133563066
2982	-66.913847619923330967	-5.252432728187390154
2983	-64.541864297353583879	-2.898912231460688549
2984	-62.181656279410844945	-0.542367858657466062
2985	-60.809694740867485052	0.829499665078330284
2986	-58.448716765687834140	3.185658776827756444
2987	-56.074983136273317541	5.538301546355854477
2988	-54.683816977465141917	6.904847841885056070
2989	-52.270162173724884269	9.246412544306553016
2990	-49.818442900408854257	11.577122740932335176
2991	-48.369973759974868699	12.927245382484107594
2992	-45.836803760212546877	15.233668995740364593
2993	-43.238076509467703090	17.519488519083630251
2994	-41.690941334414333141	18.838453377453738824
2995	-38.964861290436942909	21.081591588686126926
2996	-36.142539479065078467	23.290186670447440065
2997	-34.450630289501361858	24.556955898538440408
2998	-31.449799963972111527	26.696333630985520813
2999	-28.319004103032284547	28.781107027296567225
3000	-96.750130328564921456	-26.790704229341848475
3001	-93.728686108307215363	-24.630549326380190678
3002	-90.820876294329934808	-22.419612197502072348
3003	-89.175918537944369291	-21.112625487827358484
3004	-86.422532077949483664	-18.836952124139397569
3005	-83.751314766804398459	-16.528914508560045959
3006	-82.229972015730709245	-15.173068122495566357
3007	-79.665563906579393461	-12.825320099739112578
3008	-77.154698207605179050	-10.458811837974666403
3009	-75.713937186868804474	-9.074625193204120421
3010	-73.266785147712141679	-6.687117095452935978
3011	-70.847132313188524222	-4.291262636501070205
3012	-69.447765987635932561	-2.894455248529687719
3013	-67.052054893386468848	-0.492479523744184411
3014	-64.659311933432547903	1.909111993970933341
3015	-63.264413849489528729	3.305354726180067093
3016	-60.857192968924039178	5.699724193894940782
3017	-58.428579041048408271	8.085249358953785048
3018	-57.001477037425047456	9.468148799121347992
3019	-54.519141496006739089	11.832431997507550037
3020	-51.989855941829262065	14.178274823259362947
3021	-50.492089299784026935	15.533341000093527029
3022	-47.866956501587026196	17.840965629916976098
3023	-45.166949303062608578	20.117922386556308822
3024	-43.556527764312590989	21.426703979521644072
3025	-40.714197390746676319	23.643033605983266199
3026	-37.766166607395348365	25.812199445355656025
3027	-35.996813147863292670	27.049827462867924055
3028	-32.855826859041314947	29.127855783293430392
3029	-29.576515685520917032	31.136269834647592347
3030	-98.819277747031378567	-25.033303953406033315
3031	-95.896644607669031757	-22.802755414835264247
3032	-93.074331601958192550	-20.524914345998524823
3033	-91.473223065274680721	-19.180338612775795326
3034	-88.785433496686493982	-16.842056452182738724
3035	-86.168005903564790060	-14.473610431497792916
3036	-84.672761466830479549	-13.083530354933660789
3037	-82.144614521937626250	-10.678481784105382957
3038	-79.659572393137125346	-8.256617298801470994
3039	-78.229202742065012899	-6.841157408527498873
3040	-75.792177269502928993	-4.401687546552331298
3041	-73.373122168778024843	-1.956384900628141299
3042	-71.969802719601091212	-0.532110738155663454
3043	-69.560006451965591623	1.914488851546955139
3044	-67.144020258658997591	4.356993727656882420
3045	-65.731383078939188636	5.775105548933743727
3046	-63.286407182480218125	8.203273787721965249
3047	-60.810740033447245878	10.617220075763789566
3048	-59.351906995772196751	12.013891165560963259
3049	-56.807434376480898663	14.396545737251512875
3050	-54.206165746604312972	16.753361927858421154
3051	-52.661863795719455084	18.111070593813682450
3052	-49.948602466774445929	20.416200454816113563
3053	-47.149908488170808596	22.680984290143150872
3054	-45.477101922221095265	23.977857792590114627
3055	-42.518975007852020553	26.164795868810205803
3056	-39.444264136745005089	28.292463932969376117
3057	-37.596239470824741602	29.499994592427924545
3058	-34.311875140329163969	31.515466488038395454
3059	-30.879501794434759177	33.446868343508270982
3060	-99.986201542976573364	-24.006268933665726450
3061	-97.122366870678888517	-21.733607912345703994
3062	-94.351808547217103751	-19.415993445607401924
3063	-92.777669446775462347	-18.049210655170494277
3064	-90.130977829945322810	-15.674204107458223234
3065	-87.548241278609282290	-13.270674976675858048
3066	-86.070335025641838911	-11.860878186121894373
3067	-83.567233860201099560	-9.423107324646819549
3068	-81.101409169119904163	-6.969971974834459516
3069	-79.679608034790874171	-5.536996232779371141
3070	-77.252901718470013748	-3.068666291559303261
3071	-74.838680342487236885	-0.596187084534949729
3072	-73.435672569773601026	0.843057370242020765
3073	-71.022126869986720976	3.313774994459134593
3074	-68.596955919089850795	5.778145678449254419
3075	-67.176448826756825383	7.207830854870810988
3076	-64.713547985984348543	9.653683778498423962
3077	-62.214276524924571277	12.082225328315047364
3078	-60.739027370173801046	13.485816999914691294
3079	-58.161614626892969682	15.877379474921509583
3080	-55.521236740757274220	18.238955898441677306
3081	-53.951243002631599666	19.597343642267631481
3082	-51.188642548542702571	21.899718000993654954
3083	-48.333852216364959986	24.156352751988453775
3084	-46.625210909717281993	25.445793497480696743
3085	-43.599941821493644056	27.614970770474812412
3086	-40.451010620706313148	29.718095933222599569
3087	-38.556561634282331852	30.908000826357845625
3088	-35.187055841142353074	32.887070423491977067
3089	-31.663181222661251013	34.773880820401338099
3090	-101.936799932820349568	-22.232423782428384129
3091	-99.175870697605887472	-19.885999880503533177
3092	-96.497238045679182505	-17.499167159028914398
3093	-94.971654073959200559	-16.093978916172282823
3094	-92.400107609496160421	-13.655914191787150713
3095	-89.882313329592136597	-11.192745020656127863
3096	-88.437624642990556367	-9.749713041357463084
3097	-85.983915489283106126	-7.257262854028220467
3098	-83.557960869015630578	-4.752456485466575842
3099	-82.155050269954529085	-3.290795101408397816
3100	-79.753471096506245885	-0.775614007573275699
3101	-77.355154169379943596	1.740500470189587201
3102	-75.957154467480222593	3.203573707176492924
3103	-73.544862753853635695	5.712350578746542951
3104	-71.111525505380257073	8.210835870257945146
3105	-69.681845639393543479	9.658401099770992815
3106	-67.195397213461035335	12.131272100504306266
3107	-64.662432752579775297	14.581705154148297154
3108	-63.162742803238415945	15.995453535474430495
3109	-60.534715652628108273	18.399605189140384454
3110	-57.832385971945257097	20.767040821427173114
3111	-56.220903684345216789	22.125452621635115946
3112	-53.377304616162462025	24.421517849848616066
3113	-50.428782252036398859	26.663094212216552847
3114	-48.659539127713912876	27.939392973529852071
3115	-45.519495834125393685	30.077830679701158090
3116	-42.242176903921858866	32.139063161499080934
3117	-40.266762819972029774	33.299056178683883900
3118	-36.747697216212429794	35.216537831334377984
3119	-33.061853384608639317	37.028020202877243605
3120	-103.829703485166646715	-20.444205065723981107
3121	-101.173757046273749438	-18.022951060809084822
3122	-98.590438917341543856	-15.566513146681499435
3123	-97.115943442479817804	-14.123027849266382105
3124	-94.624779652490758508	-11.622679761654836739
3125	-92.178178901999672235	-9.101385070993430304
3126	-90.770763778100501895	-7.626328761132544543
3127	-88.374049547164474916	-5.081810450963589965
3128	-85.996262806099537102	-2.528551939046848496
3129	-84.617343019464613008	-1.040322267287134173
3130	-82.250036001951684739	1.517725143220090001
3131	-79.877142933162474492	4.073154996082043233
3132	-78.489813122612815732	5.557439863909030997
3133	-76.088622437065396298	8.099695266925206028
3134	-73.656995919107316695	10.627730028217083458
3135	-72.223847124369797257	12.090581972756732299
3136	-69.723467920119333030	14.586219599280351389
3137	-67.166048238964549455	17.054666893870368938
3138	-65.647046791934599241	18.476537677253976000
3139	-62.976659222773946567	20.890241931016355181
3140	-60.219740370214140057	23.261163057524882447
3141	-58.570554235352972228	24.618553418341718952
3142	-55.651437303876491569	26.907126709394571407
3143	-52.613159881105502791	29.133259152540077253
3144	-50.784840472689495527	30.396557487241491202
3145	-47.531131431991354930	32.505102692005927167
3146	-44.124449484046635916	34.525991069558827462
3147	-42.066483259270512463	35.657255680390001373
3148	-38.393330071266575487	37.515575701626431737
3149	-34.538747172550586129	39.254513603621411733
3150	-104.909588861127133441	-19.395405072160905036
3151	-102.315608854074696410	-16.930436684473846753
3152	-99.789186325813943768	-14.433652520674815634
3153	-98.345495183051298227	-12.968130730482107182
3154	-95.903345861349521329	-10.432239423193548689
3155	-93.500871963681277066	-7.878157775484501357
3156	-92.116912135782001769	-6.385217156506062253
3157	-89.756702403124791090	-3.811923473785335581
3158	-87.410630790782136046	-1.232254595385949170
3159	-86.047958177056671047	0.270295588083939720
3160	-83.704734446950567417	2.851192136779651776
3161	-81.350999439828626691	5.427284784025301789
3162	-79.972500301631043840	6.922594483202392013
3163	-77.582376947465547801	9.482063054265481128
3164	-75.156430347009745674	12.025082326602868577
3165	-73.723998083424362449	13.495598187068607032
3166	-71.220176611007730116	16.002510221562900483
3167	-68.653074017268579610	18.479704388697957285
3168	-67.125391832207753851	19.905425842614310028
3169	-64.434523051695634877	22.323452710527078580
3170	-61.649624897618707564	24.695545540555624342
3171	-59.980477227031428811	26.052032075602813421
3172	-57.020337159348116529	28.336054183145108709
3173	-53.932024299989961946	30.553443745391025033
3174	-52.070211968806859204	31.809515948525572071
3175	-48.751106852508826250	33.901567619316651303
3176	-45.268806791823067215	35.900241427896027346
3177	-43.162061527290859431	37.015662747399808552
3178	-39.396992790322940436	38.841238954699498720
3179	-35.440731265888416601	40.539786563425693089
3180	-106.735400661389178367	-17.576640242150766369
3181	-104.249305408006591733	-15.036852387853734569
3182	-101.822933237915719928	-12.471632809732430047
3183	-100.433895321595912264	-10.969043957779513576
3184	-98.079571174538500600	-8.373924587168154687
3185	-95.757299090644721673	-5.765926221291373999
3186	-94.416527849164481268	-4.243911048120835972
3187	-92.124544392394227543	-1.624399818493056813
3188	-89.839107162990046618	0.997008303924806327
3189	-88.508194399610658820	2.521891609178732896
3190	-86.213375281191702015	5.137948921853308981
3191	-83.900053204305095278	7.745299730948000949
3192	-82.541275904186989010	9.257063459485843637
3193	-80.178247522320475582	11.841887404550680785
3194	-77.770388413686418971	14.406617796670122544
3195	-76.344105780253642024	15.888091210395971942
3196	-73.842858204624292284	18.410902504444795369
3197	-71.267528210479724748	20.900172508441265506
3198	-69.729722988468438416	22.331076770549348254
3199	-67.011590813579971382	24.754628102560609193
3200	-64.185967721737029024	27.127613341009908510
3201	-62.486434837903118478	28.482280617058250982
3202	-59.461717015462227209	30.758715141078283750
3203	-56.292050816796120216	32.962193291847775356
3204	-54.374657797146937810	34.206890426077478651
3205	-50.945109821390474281	36.273024968333565710
3206	-47.332693867616967509	38.236659578859509168
3207	-45.140948764691074757	39.326947998729551159
3208	-41.213929440616880129	41.100183881141148845
3209	-37.076385748880568372	42.733476971392057919
3210	-108.532869044620042587	-15.732959009738173961
3211	-106.156414846197321822	-13.119477766302438226
3212	-103.832870024742533133	-10.487755490352038024
3213	-102.500564297529820124	-8.949592897265871372
3214	-100.238414712201176826	-6.298423052746702666
3215	-98.001648323595475176	-3.640411529030597393
3216	-96.707577192028850277	-2.091898225781588572
3217	-94.490555224538582024	0.568945317364355274
3218	-92.273334993879359445	3.226726665390551307
3219	-90.978965210179580936	4.770650190007393654
3220	-88.741366706341239023	7.416016798485546069
3221	-86.477973070828682012	10.048665127315668855
3222	-85.144748236234590877	11.573429464650139664
3223	-82.819276808437905402	14.177820005846760054
3224	-80.440438060072381177	16.758809207300817690
3225	-79.026835849486531060	18.248292703505871515
3226	-76.539570800541696372	20.782446524815956224
3227	-73.967502867217604035	23.280023103815960184
3228	-72.426213714427774448	24.714341988783374404
3229	-69.691968543743143982	27.141207565986604777
3230	-66.836181378546768883	29.514024430662814780
3231	-65.111997624231321424	30.866821221614817006
3232	-62.031567540604726219	33.136591644812803281
3233	-58.787765174954358827	35.328371057637902197
3234	-56.818032929988646629	36.563560755976062921
3235	-53.281601097074542395	38.607919441680380146
3236	-49.539630568870563820	40.541696261771853926
3237	-47.261639194840199707	41.610257909561752854
3238	-43.167566071263820504	43.337478526440868620
3239	-38.839729139841779215	44.912135668037265646
3240	-109.569999670578567930	-14.646601960352930050
3241	-107.258174977899784608	-11.991116490655683080
3242	-104.995725442309094433	-9.321972257913790472
3243	-103.697364242175012805	-7.764029285209401721
3244	-101.490792622405820111	-5.082112050913712764
3245	-99.306149684769479791	-2.397199682617237926
3246	-98.040825032150110019	-0.834684906948159777
3247	-95.870451176983920050	1.847574749948288630
3248	-93.696360085717572019	4.523686059669021375
3249	-92.425435151287615554	6.076972482722761804
3250	-90.225183098675529436	8.736379440644780559
3251	-87.995260283902553056	11.380717276920940151
3252	-86.679635719816360506	12.911306891657405416
3253	-84.380967640351116188	15.524192499262342793
3254	-82.024256186045988670	18.111950240771573561
3255	-80.621198076254643183	19.604653225375290759
3256	-78.147665611522711515	22.143203917521656621
3257	-75.583223898832841314	24.643828050690679277
3258	-74.043263653687972692	26.079317828442892591
3259	-71.305365325195452897	28.507142634666710279
3260	-68.437563502244699976	30.879492925854069796
3261	-66.702101637574287452	32.231283268137950415
3262	-63.594104246761105514	34.497848788498451711
3263	-60.311267762949626103	36.684175887297918450
3264	-58.313012317209711455	37.914930993668946257
3265	-54.716708614686751844	39.949005436097934307
3266	-50.900133967142608071	41.868358482667005660
3267	-48.571579194872299468	42.926207600397383146
3268	-44.378039985111513488	44.630227445994307800
3269	-39.935037620028481342	46.174498403082715470
3270	-111.343397760041170841	-12.753583635488816128
3271	-109.144087264478173438	-10.028121041762306120
3272	-106.988759095982686631	-7.297601435434903472
3273	-105.750290136329624602	-5.707689618704584689
3274	-103.642463718502938264	-2.976910127341759527
3275	-101.551339938504384008	-0.250310439898207115
3276	-100.338041621008471793	1.333398323485478931
3277	-98.252913002927982689	4.047218547674163780
3278	-96.158741274819306000	6.749284516045314319
3279	-94.931815067592651758	8.315342484299565129
3280	-92.802683504163155703	10.993106842997843131
3281	-90.637931258697278736	13.651792548448138831
3282	-89.357326338920358921	15.189122071242548984
3283	-87.113455537721733890	17.811206563929975033
3284	-84.804145378050577619	20.405603713046488679
3285	-83.424935671480511701	21.901181741743723563
3286	-80.985256799916385262	24.443251545149600190
3287	-78.444596377197740367	26.945874903982719673
3288	-76.913267199868130319	28.381918018746855381
3289	-74.180090501845370454	30.809709479757170669
3290	-71.302531299827194289	33.180725209681128263
3291	-69.553844472867922377	34.531046698595815769
3292	-66.408457346598538606	36.793586232106974876
3293	-63.067338423509738732	38.973365921469422801
3294	-61.024405742690419174	40.198758450628922390
3295	-57.330869068901051833	42.220053241023840940
3296	-53.388839215835389496	44.120674051615871747
3297	-50.973363548553436431	45.164087089939499720
3298	-46.605590749399027573	46.835627491625061225
3299	-41.956850202488283230	48.335442905860183771
3300	-113.114279975542899592	-10.822618545693867276
3301	-111.029443584136970458	-8.030890111566373335
3302	-108.983984305676131044	-5.243680866581663658
3303	-107.807382383572303297	-3.624939852290932851
3304	-105.802360276215949852	-0.851328157708386102
3305	-103.809680528788362608	1.910231248566118811
3306	-102.651683940059967881	3.510950582100793582
3307	-100.658149353055250685	6.248781264208266961
3308	-98.651179061911875579	8.968926621626815532
3309	-97.472928990233242530	10.543086859438160374
3310	-95.423724808390147700	13.231152195514933823
3311	-93.333938857895020647	15.896236802885775674
3312	-92.094514506746406823	17.435800435905804306
3313	-89.916818198044154542	20.059674193403228770
3314	-87.667274434091609692	22.653884386297342246
3315	-86.319550726638567539	24.148709643026869287
3316	-83.927562705939692478	26.688791830658335158
3317	-81.425330997917058085	29.188997181479962251
3318	-79.911468318979700598	30.623602707295749070
3319	-77.198572625580027307	33.049067654146853101
3320	-74.327015312530704705	35.418038168921178510
3321	-72.574198956458531029	36.767271347593315056
3322	-69.406535994140199364	39.027895961731090324
3323	-66.020975401588600562	41.205160011646931650
3324	-63.940486638260495056	42.428434826931578527
3325	-60.159631847198625110	44.444036776018890578
3326	-56.098098086631296155	46.334788418438463964
3327	-53.596839555184715209	47.369633506671810608
3328	-49.051960483485117948	49.019710737857316474
3329	-44.187659716934206244	50.486771098746743291
3330	-114.147615686307517535	-9.679155251768845503
3331	-112.130365368812704219	-6.851039046602443783
3332	-110.150143327822092942	-4.033485026800126327
3333	-109.010461618240697135	-2.399700312430585569
3334	-107.067131196093043854	0.395569478857539902
3335	-105.133988873070961745	3.173897765925260739
3336	-104.009667784015107372	4.782321535235069199
3337	-102.072332118491829078	7.530208135132490099
3338	-100.119441589902407941	10.256838079907382166
3339	-98.971668343985243155	11.833339117692883491
3340	-96.973048019030443356	14.523329151128427483
3341	-94.931453768751794087	17.188147663998098125
3342	-93.718887472208791678	18.726757949957452354
3343	-91.585090576074890123	21.347974806824083771
3344	-89.376256862869297493	23.938670843350838169
3345	-88.050557720426979813	25.431245572776067121
3346	-85.693109023934027846	27.967409682177841290
3347	-83.220542826237078771	30.463973446278941992
3348	-81.721312784633198589	31.896722772219355591
3349	-79.028214726444900862	34.319631297338183629
3350	-76.168433365239081922	36.686987810211036276
3351	-74.418092848047024290	38.035736864958352044
3352	-71.245768947930514514	40.296241770601199050
3353	-67.842233456707333517	42.474028705668651185
3354	-65.744105858778880247	43.697701887889472516
3355	-61.918643583916946227	45.713611755974191908
3356	-57.791859690217506795	47.603232661495617606
3357	-55.241993428095383933	48.636187586666714822
3358	-50.593725608730721888	50.279664571788849514
3359	-45.599795977748385667	51.734019418782743571
3360	-115.934477778883092469	-7.676707513672663019
3361	-114.035133438612319878	-4.790710130777851461
3362	-112.169299802016098511	-1.926490257666577888
3363	-111.094647365715104570	-0.270374807816410434
3364	-109.260521391967699856	2.555583738465944776
3365	-107.433512816954873870	5.355709013561323673
3366	-106.369594543494940808	6.973115221919805151
3367	-104.533751030340170018	9.730763031025436050
3368	-102.679470251257043856	12.460872089584741573
3369	-101.587745323475417081	14.036919891454422427
3370	-99.683045787476430633	16.722588162255185296
3371	-97.732174983823938419	19.379507686140978961
3372	-96.570811605558446900	20.912286072858265129
3373	-94.521938800797158819	23.522057150143616866
3374	-92.393624817366173829	26.100363474184366197
3375	-91.112436947750495619	27.585674873677302088
3376	-88.826704009960394615	30.109890063299971530
3377	-86.418641096118392397	32.595902626348369324
3378	-84.952953021965697644	34.023456712493697296
3379	-82.309148628563434613	36.439499320385785097
3380	-79.485797205844278324	38.803006445309591754
3381	-77.749450483376278953	40.151019158758558092
3382	-74.586096758442181454	42.412855662361742759
3383	-71.168410167469062344	44.594967548544836689
3384	-69.049257460628098215	45.822246874644086745
3385	-65.161522337373241953	47.845355908754804375
3386	-60.933731681842971284	49.741774561274830546
3387	-58.304622969775550700	50.777465337168223414
3388	-53.481005311054900631	52.421201607688210800
3389	-48.258683310926585364	53.866522277587542078
3390	-117.744342172229266907	-5.621521575395187931
3391	-115.965314267998223841	-2.684786766885843612
3392	-114.216872065651102730	0.217894187347092316
3393	-113.209294183562860781	1.891156602718615298
3394	-111.488441685700308881	4.738330210596746639
3395	-109.772394961831594173	7.550228303417184428
3396	-108.772067118513518835	9.170602978097495139
3397	-107.043894617221781118	11.927488661207261700
3398	-105.295362669764585917	14.650456028227976546
3399	-104.264319491096671300	16.219887023747595833
3400	-102.462393224327911412	18.890775773306192065
3401	-100.612319732229764213	21.529632201734639096
3402	-99.508631089149844229	23.050855958802518586
3403	-97.556934007301094880	25.639779702128699057
3404	-95.522933121946664414	28.196973289798538786
3405	-94.295044925659340151	29.670322226825959433
3406	-92.097517891480663366	32.175285820019524863
3407	-89.772290936404431250	34.644592970472047000
3408	-88.351688489150603800	36.063986997288864700
3409	-85.778515980247277639	38.469299229491703329
3410	-83.014745740877629032	40.826886054815808791
3411	-81.306607384860853927	42.173901638197030195
3412	-78.177611039853275088	44.438460861061663820
3413	-74.771720335003351465	46.628889222374631629
3414	-72.646456005736183670	47.863413466594735723
3415	-68.720640486234742639	49.902396963189389112
3416	-64.412306128855334464	51.817452713690478561
3417	-61.713048524605881084	52.864205491164860007
3418	-56.722635051229758574	54.524751681669762604
3419	-51.268582799712305587	55.979832258295324721
3420	-118.812375312226436108	-4.398773465257972859
3421	-117.104556819749348051	-1.436450128915387037
3422	-115.425865760568740370	1.484194284903797678
3423	-114.458282057870519566	3.164686358421559209
3424	-112.805235803967320862	6.019249740637039991
3425	-111.155979903786885643	8.832832237654473673
3426	-110.194115348861828352	10.451866137907758869
3427	-108.531420188431866336	13.202986287317441949
3428	-106.847685100316766693	15.916475251670732405
3429	-105.854072790295049344	17.478984395003962504
3430	-104.116013631338205414	20.136081863786042589
3431	-102.329244140110461103	22.759395026933830763
3432	-101.262120753880196844	24.271061529944940816
3433	-99.372697612617571394	26.843187247730480038
3434	-97.400092601763276434	29.383735124096904912
3435	-96.207409528924188180	30.847752639785912976
3436	-94.069157240651122720	33.337778683493432652
3437	-91.801105735070734681	35.794132331599939789
3438	-90.412466715715538612	37.207168025901395936
3439	-87.891150858323101147	39.604017578723890836
3440	-85.173985044190771987	41.956754082815052698
3441	-83.489737184087630339	43.302809379830016212
3442	-80.394401610987529239	45.569175300301900222
3443	-77.009836093734065798	47.765941243206171407
3444	-74.889605583283127999	49.006220469439654153
3445	-70.956158127084563603	51.058361111369599428
3446	-66.614183126653358613	52.989917998119842935
3447	-63.880588221992013587	54.047225865394764810
3448	-58.800807123806634991	55.725999262289477088
3449	-53.213287310298028387	57.196693055751119061
3450	-120.680238633228384515	-2.247897974608548122
3451	-119.096940817016331948	0.750362763323473070
3452	-117.540633595202166362	3.693062754925587221
3453	-116.643437563954421421	5.380579009477550301
3454	-115.110138068402875433	8.238236363495182957
3455	-113.579412720410346083	11.044847939310107776
3456	-112.686101861303427540	12.655778392378731922
3457	-111.140668248270458207	15.387017966290597926
3458	-109.573761652341545414	18.074333679689086551
3459	-108.648039567788487147	19.619274239925299952
3460	-107.026591076539602909	22.243116838346935538
3461	-105.356499021870092747	24.830473648539317821
3462	-104.357339250644315598	26.320505724261415992
3463	-102.584774799148988222	28.855152343457199038
3464	-100.728988618355174367	31.358980010307252684
3465	-99.604147323710890305	32.802502479257007906
3466	-97.581836387671216926	35.259721914928761066
3467	-95.428182632416962861	37.687456656089352691
3468	-94.104919539321713273	39.086287679222060376
3469	-91.692649723830243147	41.463827093290852588
3470	-89.078194483330605635	43.804774185369261374
3471	-87.449464528973180677	45.147894225204908025
3472	-84.439052824595421498	47.416652737855933708
3473	-81.120804382731421356	49.625856040354491938
3474	-79.027438139189598587	50.878151430334284555
3475	-75.112958541593513928	52.958999991925104212
3476	-70.744442409197347388	54.928498982374968307
3477	-67.968441015752603107	56.011271518436814176
3478	-62.757905085028369285	57.737036472418772348
3479	-56.951929425214530056	59.253860383089659081
3480	-122.599472164330563828	-0.028840140732885679
3481	-121.143572031160829283	2.993416638865456392
3482	-119.712924539301070581	5.945353671371318427
3483	-118.888237022323494330	7.632156081185782703
3484	-117.478752086818758471	10.479320948245259615
3485	-116.071236552013772325	13.265205680476929828
3486	-115.249522284039016995	14.860025220429653459
3487	-113.827201432922095137	17.557727364353095112
3488	-112.383867844180485918	20.205445457668140818
3489	-111.530427609362504882	21.725149484333151406
3490	-110.034046660869648804	24.302860741734967576
3491	-108.490401718403973064	26.841812964925615859
3492	-107.565580635423373224	28.303183290778921588
3493	-105.922183088959229735	30.788683858540650817
3494	-104.197486370124238420	33.244689465049631849
3495	-103.149826978086537110	34.661544340028399347
3496	-101.261544099143009134	37.075913330368493348
3497	-99.243325785700449160	39.465811648494685926
3498	-97.999231103972931578	40.845524378869370707
3499	-95.722722988204225203	43.196249456404586908
3500	-93.241972090996796396	45.519365311482324898
3501	-91.688971477981908720	46.856867514293341515
3502	-88.802222818331756571	49.125193576481493096
3503	-85.594227377138054180	51.346817405291005798
3504	-83.555578409061865841	52.612711146382132199
3505	-79.711108521750361433	54.728312217340970847
3506	-75.369051077932567750	56.746797226965270511
3507	-72.580777436428547844	57.864110653796998918
3508	-67.285601591291822388	59.657444964283655509
3509	-61.292164399296439115	61.247339489628842557
3510	-123.745000753936892579	1.296286476197049176
3511	-122.364618615398114798	4.326102088439686355
3512	-121.008627956265286230	7.276680739436538481
3513	-120.227110432244899130	8.959061032500500232
3514	-118.891522486338544695	11.793173986643784801
3515	-117.557803059335071794	14.560062656427795957
3516	-116.779106917796298148	16.141508604864103660
3517	-115.431020393527035139	18.812929571620163216
3518	-114.062574971680305680	21.431007855675360929
3519	-113.253134982222661620	22.932274904702605767
3520	-111.833268540675135228	25.476857744787338333
3521	-110.367533562043092843	27.981570061090305757
3522	-109.488806192493541403	29.422826211170605148
3523	-107.926074188919642438	31.873996211616724139
3524	-106.284090822634595952	34.296662963789437129
3525	-105.285585947438846688	35.694899082168255688
3526	-103.483585841122362581	38.079204521857782595
3527	-101.553954471583551822	40.442244337881120941
3528	-100.362417530099889973	41.808171531230662765
3529	-98.177664513466936569	44.139055930861815114
3530	-95.789830570226115469	46.448098195765211926
3531	-94.290943522946349731	47.780500532503822342
3532	-91.495853193545769955	50.046150348786206052
3533	-88.375111772125933385	52.273772450689797608
3534	-86.383403271655140543	53.547576923063672893
3535	-82.608402897411792765	55.684969648567737011
3536	-78.313362351018724894	57.736033113270259776
3537	-75.537023499034887664	58.877224831806529437
3538	-70.224335806175872676	60.719203121760301656
3539	-64.147677367354674516	62.364854652338074459
3540	-125.771511357257054442	3.634644420178365642
3541	-124.523289169044005575	6.664705024836332647
3542	-123.298173522573620176	9.599835444443364452
3543	-122.592458540806433120	11.266928470038219956
3544	-121.386880223440186910	14.065457370032973472
3545	-120.183365854838825726	16.786756806519580465
3546	-119.480768135559515031	18.337829511465315591
3547	-118.264390596094926877	20.951681897235403085
3548	-117.029378733706494131	23.506823800179390105
3549	-116.298633947844905379	24.969613263649456769
3550	-115.016200927146314825	27.445911822646678502
3551	-113.691261257626877068	29.880812592250880044
3552	-112.896286549080969053	31.281281122849257770
3553	-111.481035154215874172	33.663020176370118008
3554	-109.991631482768866590	36.018256665928710447
3555	-109.084535163833038496	37.378724220213065621
3556	-107.444496330973493059	39.701664003944614478
3557	-105.683457816337238455	42.009141073103293706
3558	-104.593232233879746218	43.346062882947833828
3559	-102.588079906591303825	45.634070444684184054
3560	-100.386450663119035198	47.910754050753787681
3561	-98.998529770702816677	49.230024774482643579
3562	-96.397004341648766967	51.484516275487322901
3563	-93.469916249651646467	53.717578833980340391
3564	-91.588344551456884801	55.003227448348269490
3565	-87.990957798075612573	57.177619508306690932
3566	-83.844620883276490986	59.288588785646375356
3567	-81.132165197163658377	60.475729947649611518
3568	-75.867293639416629958	62.415461164550322337
3569	-69.721202231325719367	64.179692738455926815
3570	-127.884264219917668015	6.054729110259929215
3571	-126.771204157191618833	9.066516069285144752
3572	-125.680121097581036338	11.967543956551631723
3573	-125.052149553033245866	13.608573930039664646
3574	-123.980149271706466152	16.353317388890562967
3575	-122.910779335529923628	19.011368464704510473
3576	-122.286781437328897937	20.522080964403045300
3577	-121.206843033715699676	23.061732471380292253
3578	-120.110648315519938478	25.537968280578205338
3579	-119.462089461738401042	26.953275987298116689
3580	-118.323817946159124403	29.346272781537230401
3581	-117.147501038291579789	31.696846301711275373
3582	-116.441436975045576219	33.048273150345565341
3583	-115.183767029520936376	35.346665209247888129
3584	-113.858926401484609414	37.620810393233156788
3585	-113.051256475480158770	38.935642025548027334
3586	-111.589129184337821243	41.183794814109717208
3587	-110.015987033515273197	43.422376997073307336
3588	-109.040193141218992423	44.722575086597970540
3589	-107.241169182879502841	46.954554778274349758
3590	-105.258497060977560977	49.185995770575111408
3591	-104.004139487186307633	50.484860112061845427
3592	-101.642513771595758953	52.716363747078872848
3593	-98.967107130738497744	54.944448692424693093
3594	-97.235990099721561819	56.236898848980388266
3595	-93.898899765078738255	58.442303950575180238
3596	-90.003318642616193301	60.612223323158623600
3597	-87.423628823763579021	61.848061902520967692
3598	-82.339603047161801896	63.898108386484636867
3599	-76.266640121672367059	65.806506646712207953
3600	-78.615267868235946480	67.184794874854887325
3601	-79.590865745674364007	70.372896156980530691
3602	-80.870870311788507934	73.440398139873451555
3603	-81.822618703941031981	75.172997963382371722
3604	-84.018869915188588493	78.062698316756055306
3605	-87.446157657367564298	80.840511473661763375
3606	-90.498476215883499663	82.399656301787317148
3607	-99.809994781196166969	84.938401503489600941
3608	-123.961638729711580709	87.068021391916687435
3609	-155.081325328121920393	87.705479956432128574
3610	151.782612087015536417	86.788553386079726693
3611	131.922842993971300984	84.663322914196413649
3612	126.522122913666294153	83.297488940342176988
3613	121.108180570943090970	80.884486647481168120
3614	117.973554856003715940	78.436237941909354277
3615	116.690358139287525319	77.002194410758349363
3616	115.032210899065489684	74.524102162781588277
3617	113.818200789615502799	72.025518056723470295
3618	113.248222631938801896	70.559722448792882687
3619	112.434187002520843635	68.016273594795677582
3620	111.773530976429697148	65.434513239558441455
3621	111.441839470725710726	63.910925449760242145
3622	110.941673627593218043	61.250717026377948571
3623	110.510855007240138548	58.528862029513170739
3624	110.285481530274410034	56.912512684604550373
3625	109.933399941660468357	54.072914684851902223
3626	109.617663048479698773	51.145620916844471537
3627	109.447650403333113900	49.397429170314481439
3628	109.175086421878120291	46.309861048011299545
3629	108.923128625997151175	43.107363840516391917
3630	-84.917388521028726700	65.225548544919931260
3631	-87.017478602772655449	68.395031193103704936
3632	-89.698235417298178618	71.435230123729738239
3633	-91.634002910430012889	73.142530713369268369
3634	-95.906047425907615889	75.958726712862755903
3635	-102.018401000288235991	78.596899333559093748
3636	-106.905678623059429810	80.024063851681106030
3637	-118.997278454558340854	82.195848710472972698
3638	-138.147465206015169770	83.770937936862623019
3639	-152.919409727106767605	84.240803289594850867
3640	-179.870408146088152535	84.049752825870598372
3641	159.195372120543424899	82.773996771830226749
3642	150.647162329641332690	81.721122669437718855
3643	140.429355968696427226	79.624300613087228840
3644	133.771786351183550323	77.324160642563526835
3645	130.908878262743655796	75.930393533520117444
3646	127.110129598394053119	73.472150066229389154
3647	124.269951952532892392	70.952471767147883952
3648	122.922605526490883676	69.461898988361014062
3649	120.985977121987502869	66.861374248491088679
3650	119.405713882673012449	64.210243365186030928
3651	118.610102402674726818	62.642718287314615111
3652	117.408284896895850125	59.903663267659538860
3653	116.371663716653870324	57.101616999928708651
3654	115.829048325690678212	55.439162130492981362
3655	114.981154273929689680	52.523193214045107879
3656	114.220787044992732717	49.525437179292431722
3657	113.811438740218420662	47.740022885849221268
3658	113.155398253629357441	44.596883703454039960
3659	112.549310176765970937	41.351895743840138664
3660	-90.126486408486869095	63.121390247987825717
3661	-93.009278297034711613	66.214023356882279359
3662	-96.581207053061405077	69.162695122335151154
3663	-99.082233480452202912	70.805069181245372079
3664	-104.363960328007124190	73.479069736903625198
3665	-111.356286157651652502	75.920869485398071674
3666	-116.493821380887197847	77.202817420679608063
3667	-127.717931291246486580	79.078384038991700322
3668	-142.421079622200977610	80.380859599325646059
3669	-152.381461285059742750	80.792464346134579500
3670	-170.313840771751642933	80.811587786803073641
3671	173.376038851254293149	80.000027884276448731
3672	165.404567086989118252	79.218805879757638877
3673	154.437780267955417912	77.498693466711600308
3674	146.320952004272271552	75.453153737054904582
3675	142.586667729842588415	74.161509737020907096
3676	137.414626982985282666	71.819674273468010028
3677	133.398044839267583939	69.361814259663532312
3678	131.452234242743429604	67.889094606933483078
3679	128.614736874444815840	65.296775739471399902
3680	126.267793535357611745	62.633478225066973266
3681	125.076748404808427040	61.052370324215353037
3682	123.267111107741129672	58.282646791489497673
3683	121.697361811308041979	55.444608659510628001
3684	120.872863597172056416	53.760320495172010169
3685	119.581178739406993827	50.807674615383135119
3686	118.419916137279585655	47.777030005907661803
3687	117.793797655962976023	45.975410729663465759
3688	116.789233461114349666	42.811444930361645334
3689	115.860201376590737254	39.556942796045802879
3690	-92.745219053920891383	61.854287672708075263
3691	-95.961763419666453956	64.884094962397313111
3692	-99.881157108070226514	67.761576082241163022
3693	-102.579903584830105956	69.356602473199387759
3694	-108.151799341177252245	71.935474808077216835
3695	-115.260753315218721582	74.261659123564371043
3696	-120.295897310188365736	75.467509252694242150
3697	-130.798949433057487113	77.207852142108762905
3698	-143.756304974269994545	78.404989549942897042
3699	-152.220403508914046142	78.793579987510966589
3700	-167.346028485154590726	78.869846905722653219
3701	178.409394519647094057	78.217417897422720330
3702	171.083470501517467710	77.548359401750673214
3703	160.463997273433278679	76.012473513772988554
3704	152.142316981507576656	74.116346858878671355
3705	148.175665022003727245	72.893131600026322303
3706	142.540925010017645036	70.640325260024525278
3707	138.058174957377900682	68.241965045851770810
3708	135.855463209002039093	66.793220951482837222
3709	132.610098087979622505	64.228093946395262037
3710	129.898702414325953214	61.578691600821599650
3711	128.514251475962282711	60.001223368920825862
3712	126.400976443543697769	57.232447456087740534
3713	124.559270312321473284	54.391099465016004899
3714	123.589093308426697604	52.703903141673734467
3715	122.065703383689537986	49.746040701513457805
3716	120.692930798452209729	46.711568378843551841
3717	119.951675740348775889	44.909072355496711282
3718	118.760994958232743102	41.747063319869489817
3719	117.658540107396447638	38.500260327127300286
3720	-96.668083181309555130	59.632552482774975999
3721	-100.302784004842976628	62.533312840924786258
3722	-104.615750777671451033	65.269754579713122666
3723	-107.510050169685939636	66.774977493024920250
3724	-113.291657148212266293	69.183554978426059279
3725	-120.302999030547312032	71.319791326092897066
3726	-125.040557566499330733	72.409703968922187300
3727	-134.403207057910833555	73.959302853449273130
3728	-145.231363382754580016	75.017506089396874813
3729	-152.045815854794682309	75.372378543936505935
3730	-164.103233456717589434	75.498601272358953906
3731	-175.788358275926157148	75.020019681438100179
3732	177.904127290907240422	74.486683621825420687
3733	168.222098696802504492	73.198392581717541816
3734	160.080822634561627638	71.529772065719953389
3735	156.005668666868700711	70.420955812459993695
3736	149.989637114665754325	68.330541868837499919
3737	145.012419094685697019	66.054539593916032914
3738	142.506227456965518741	64.661192161489893238
3739	138.744416433673734446	62.169079235403202688
3740	135.541951746474637730	59.570594160022146468
3741	133.887308767498211637	58.015038814277886559
3742	131.338198216559248976	55.274302010183447464
3743	129.095479346245326724	52.452837800620272901
3744	127.906829922509587050	50.775090330475379119
3745	126.031265763573856020	47.832290643907739991
3746	124.332516625389303044	44.814207494980379920
3747	123.412205030948484819	43.023049212795783092
3748	121.929941316068152446	39.885488279234806441
3749	120.553670449832395661	36.671601450855433768
3750	-99.998289811184292830	57.378571314857069297
3751	-103.907339062509720407	60.131936828172150911
3752	-108.438573864568923000	62.712661639818414017
3753	-111.413615904577966376	64.122564428617806698
3754	-117.201115604636981971	66.359412245848133693
3755	-123.955927959108919367	68.317952812087099801
3756	-128.371050488057790062	69.306093928300114726
3757	-136.796727509821494095	70.697613415110438950
3758	-146.167184334241596844	71.644013961106509214
3759	-151.936725374719344472	71.967243587054710474
3760	-162.072253961824344515	72.109590139679809795
3761	-172.018479367776308209	71.732392575464274387
3762	-177.522634791673908694	71.287463065355481717
3763	173.741751132106912792	70.177426889733112603
3764	166.051736245220126875	68.693302864061479340
3765	162.064206873726107005	67.686023355741951946
3766	155.994226785198748075	65.752406263079450355
3767	150.801247045601428454	63.607840516867980796
3768	148.127418658244550898	62.279559486314575167
3769	144.041243385171469527	59.881716260111645056
3770	140.496305599692504984	57.358842274902016811
3771	138.641972847099111732	55.840399688964950542
3772	135.756654225731040242	53.154425563199971805
3773	133.191332124619179922	50.379676923310938719
3774	131.822264921713667718	48.726834364605018379
3775	129.649752314100794592	45.825126463656857823
3776	127.670149921901781909	42.848537972723136136
3777	126.593382904610507467	41.082795746805771842
3778	124.853378837691877834	37.992772006715831878
3779	123.232085856367632459	34.833247332811168917
3780	-101.714971368900421567	56.059473656925405294
3781	-105.735797281418399507	58.721261144833626133
3782	-110.339999716793897733	61.207191581366821254
3783	-113.329562926666199019	62.560377667134211777
3784	-119.070425907246885799	64.697941543359021921
3785	-125.651273765037558405	66.557853794040326534
3786	-129.888725784488883619	67.491317864173055341
3787	-137.854796724877814995	68.799995883100791616
3788	-146.571158851503696496	69.687713134910254098
3789	-151.890009991711849580	69.992416858810486247
3790	-161.202990376686898344	70.134467936756138329
3791	-170.378720327486064434	69.795899138257951222
3792	-175.502970533982932011	69.388122680010027921
3793	176.256856367395585039	68.358288723347229165
3794	168.862285459945042021	66.963726069420175691
3795	164.967211438835192894	66.008638891349590949
3796	158.951160119284509165	64.160103764536756898
3797	153.717833362902865701	62.091764405188321518
3798	150.991800680201777141	60.803244756981221997
3799	146.785147339358388763	58.466021626373461118
3800	143.097044367046521529	55.995065818847265859
3801	141.154132818572634278	54.503466871895234647
3802	138.113261596545783050	51.859036749210005723
3803	135.392582720617326686	49.121590438645597487
3804	133.934470929051144594	47.489195079969370283
3805	131.612522496673136629	44.621567769114165003
3806	129.488723456701222858	41.679036683172839162
3807	128.330574789935155877	39.933662959914464352
3808	126.455056440733187628	36.880451105757813934
3809	124.703456946656842774	33.761025997997862191
3810	-104.353752990284931457	53.788346772416012698
3811	-108.506735121763711049	56.285856034214411636
3812	-113.173581485045247064	58.604398613834867149
3813	-116.153594182248639299	59.859122788047592678
3814	-121.768984664125639483	61.827834983026889404
3815	-128.044234934666974368	63.524611253534615685
3816	-132.002769102594925243	64.369475733665623807
3817	-139.297887805091932023	65.545577144938818037
3818	-147.113424814879067526	66.338197425217771297
3819	-151.827644712783182968	66.610133645724147300
3820	-160.043910616845266759	66.740090098368170857
3821	-168.171945301810296769	66.444577064135742717
3822	-172.759320477005417160	66.083762585956492330
3823	179.744476869323307255	65.162113365910741436
3824	172.850322611824651631	63.896363602508124302
3825	169.141850853089522388	63.019930618997570093
3826	163.296366309628069757	61.305464867601671131
3827	158.086751171317700937	59.363969057721718059
3828	155.325217737889943237	58.144458387843862113
3829	150.998612842730722150	55.916744235808010899
3830	147.140733760951491149	53.544273511804568955
3831	145.084622009746112781	52.105480628105581786
3832	141.834768527826952322	49.545400293905032640
3833	138.895619446519106077	46.886184560270798727
3834	137.308810971838397563	45.297426014993291687
3835	134.766172627686842134	42.503088994286244429
3836	132.424664390533962433	39.633596098778021144
3837	131.141870244628535147	37.931429002813224827
3838	129.056318460566899375	34.954943853075107540
3839	127.100190837979198477	31.916855558797848857
3840	-106.668947192785822153	51.517052231867886292
3841	-110.898348942153461394	53.844151349431903952
3842	-115.573608087424531732	55.991699424053720691
3843	-118.516879142328775742	57.147437668295637536
3844	-123.977621962009948220	58.949541131724707554
3845	-129.957807607542122241	60.489192190938993576
3846	-133.671009506774225883	61.250110516957136042
3847	-140.413360291758067433	62.301467232519762263
3848	-147.526181474368740965	63.002733284356722265
3849	-151.780428718860548543	63.240369153024353466
3850	-159.167966449726975497	63.347293087813497436
3851	-166.491283719455168466	63.073918406004651160
3852	-170.652325801282358952	62.744751246831775404
3853	-177.525795974005632161	61.903391285970108981
3854	176.042303945257856412	60.741147269803867914
3855	172.528560915236653273	59.931360765995599138
3856	166.902209162833059963	58.336254419651588421
3857	161.789038200050981686	56.514536167085523743
3858	159.038617663453692330	55.363145040436279487
3859	154.672031157255901235	53.248087013082418650
3860	150.718937751210546594	50.981963744432349017
3861	148.589300321371979408	49.602199665079673707
3862	145.191593864008780201	47.139201313851479824
3863	142.086392428924909836	44.572687095087594855
3864	140.397683243325786862	43.036460590355716249
3865	137.674715033496909200	40.331047705052704089
3866	135.149593180467377351	37.550181178198023701
3867	133.759517847784309197	35.900078731084249739
3868	131.490138553958331613	33.014888735906971817
3869	129.351796254657074314	30.071570143895698379
3870	-107.893411906275730416	50.196396083037569724
3871	-112.148394465631213279	52.422376443373714494
3872	-116.811569000937254259	54.469407037375788150
3873	-119.725843858961525257	55.567504545483217271
3874	-125.090766300710924952	57.273609575613292577
3875	-130.907802819635094238	58.723889207754105257
3876	-134.492265029141094601	59.437431385931112970
3877	-140.955475934263290583	60.418476301591596211
3878	-147.724890624835666131	61.067372181706652157
3879	-151.757774380751754961	61.284305326569715078
3880	-158.748304291240970088	61.373954827947706292
3881	-165.682795814651399269	61.106428845016651508
3882	-169.634005243091337434	60.790510949587400091
3883	-176.191792958230507793	59.986223191294698154
3884	177.623607257300648143	58.875006877921030934
3885	174.220654364330869157	58.099389563941862491
3886	168.730553435852471011	56.567657631419528741
3887	163.693095125470676976	54.812159029235786534
3888	160.963282587075411811	53.699563652392477309
3889	156.599567533272704623	51.650439817837479950
3890	152.617143643950839760	49.448530416120441089
3891	150.459178126410847653	48.105190698679798800
3892	146.998433477853893692	45.703188814608125767
3893	143.816978390876784033	43.195967210525303415
3894	142.079604298773460869	41.693671934087298325
3895	139.267969936299095934	39.046004305673868373
3896	136.649960344649286981	36.322767744943263324
3897	135.204630142973655893	34.706425186433428109
3898	132.839168523314128834	31.880073265884146139
3899	130.604102365258313512	28.997173510280262576
3900	-109.821646346698003072	47.929615889669030082
3901	-114.096330060962372954	49.979599212022527865
3902	-118.718630972643097721	51.852975529303130031
3903	-121.575175563744664942	52.852204936961221904
3904	-126.772551307606249793	54.394905446225394030
3905	-132.325691668296428816	55.694390624164405779
3906	-135.709857668429663136	56.328360705528908170
3907	-141.751196894973020335	57.191204783100339171
3908	-148.014433460187660785	57.750682873419165730
3909	-151.724851284279566244	57.930854718277871029
3910	-158.139251123180372360	57.985595590568244972
3911	-164.506265557830829493	57.718982654171696822
3912	-168.147222549836101280	57.419120079221201536
3913	-174.228249452916884366	56.665797261344316382
3914	179.975320895806021326	55.629683705365110313
3915	176.753872232368109962	54.906224138523874956
3916	171.500335599722461666	53.474285146247609646
3917	166.611762662029605053	51.826759932480619852
3918	163.933153684549324680	50.779035001859753606
3919	159.606058533879718198	48.842721385635165632
3920	155.607122234421410667	46.753569131904740175
3921	153.420056902787734998	45.475344555933496338
3922	149.883153353183388390	43.184018856362584415
3923	146.600113777155684147	40.785979352277010435
3924	144.794811864821895142	39.346684661789133486
3925	141.855239984118156826	36.806754665970892404
3926	139.098924986362476375	34.191257371385610497
3927	137.569709176210494661	32.637941062667707115
3928	135.056054802194466902	29.921000850121910020
3929	132.669320902032950471	27.149606873202525748
3930	-111.563883081821586529	45.664656070703209423
3931	-115.835006407361049696	47.536819811939409419
3932	-120.398674757868093366	49.236080394090961931
3933	-123.191548679628567697	50.136877747377859293
3934	-128.222512861796076322	51.518062824479265771
3935	-133.532097816922373568	52.669645126609509589
3936	-136.738491412959092486	53.225830190466098202
3937	-142.416342635216096824	53.972854482412635946
3938	-148.254607470482255849	54.443202749790089001
3939	-151.697618681437575106	54.585320671284009109
3940	-157.636299328375173445	54.599940499005654715
3941	-163.532308987559360958	54.325338290965220267
3942	-166.912494428162972326	54.034988952319707778
3943	-172.584379304680965106	53.320066023748616146
3944	-178.034934898315555074	52.346318844792200764
3945	178.912062122018824084	51.668181621901567269
3946	173.890007824798772162	50.326163932320660876
3947	169.162531919058835683	48.779802819435850836
3948	166.547920937346816572	47.794545596636325513
3949	162.285640092389371603	45.969578744723726516
3950	158.302587690221798766	43.994824851435289759
3951	156.105915245853168472	42.783915208973304800
3952	152.525903342750211777	40.608802713699269304
3953	149.172529565252261818	38.327199221563169829
3954	147.316307878762245309	36.955689860918319312
3955	144.275706478319079906	34.532321816418338756
3956	141.404963444010832063	32.033734552165725518
3957	139.804386285686291558	30.548769962571810765
3958	137.161825854870585317	27.950117094946218543
3959	134.640102575399907892	25.298484493293987185
3960	-112.506026253408379034	44.346218392975139011
3961	-116.766905527683036325	46.114427578875769598
3962	-121.290757655602305931	47.712414705383203284
3963	-124.045064719136576059	48.556215772304689438
3964	-128.980925091358585632	49.844282608720916983
3965	-134.157464105096437379	50.910964870294563411
3966	-137.269156044866008415	51.422565944603938703
3967	-142.757068224215743157	52.103060193113286402
3968	-148.377009462340311075	52.521623977895785629
3969	-151.683766296422163578	52.641124376099412530
3970	-157.380778353135951875	52.630537481820475421
3971	-163.036811555741678603	52.348130394232967433
3972	-166.283106473212569654	52.060987640939075050
3973	-171.742190060119582995	51.363881558506143676
3974	-177.008603307207692978	50.421725366016602266
3975	-179.969663368874421394	49.767372482287960622
3976	175.138695054021241049	48.473811284873001171
3977	170.507189470064020043	46.983471544191154123
3978	167.933427532662165049	46.033457202686960841
3979	163.717854389433625784	44.272361000779561380
3980	159.755252026018638389	42.364440293230430257
3981	157.560029227928225737	41.193348778954252509
3982	153.967266803291408905	39.087694933586945467
3983	150.585019117203614769	36.876410413815996492
3984	148.705868192966647712	35.546088475123966077
3985	145.617261450984756266	33.193829533428640843
3986	142.689669815891136295	30.766747213845313524
3987	141.052729967343111639	29.323596926775337579
3988	138.343170250772402596	26.797205473861751557
3989	135.749867694344402480	24.218480684964720950
3990	-114.020833165628232564	42.077728275103005728
3991	-118.253200722652877630	43.667031756742666460
3992	-122.701725924581865002	45.091505852917521224
3993	-125.388457029430810508	45.838022352878525112
3994	-130.164861880442344955	46.967705056434439825
3995	-135.126257528138580710	47.890458264933606358
3996	-138.087932508768915341	48.326547008400225991
3997	-143.279687944355259788	48.894126726272325811
3998	-148.563955260420129889	49.223986113749916171
3999	-151.662643359319361025	49.304065417318525988
4000	-156.991582246937923628	49.247785146280101287
4001	-162.281362729761553965	48.947813958683376256
4002	-165.322098091449220192	48.663071472708836041
4003	-170.451148975061357760	47.990436143738442354
4004	-175.426679120902804243	47.096024910084594239
4005	-178.239630615062651486	46.478848597006702903
4006	177.084051767474647932	45.262852491472230554
4007	172.617799074112326707	43.864330115581338987
4008	170.117853853224573868	42.972998962460408734
4009	165.993206689893895600	41.319756803004374035
4010	162.080291346224953486	39.526447373624982617
4011	159.897108501657726265	38.424360232822031946
4012	156.299723556837420801	36.440147677413584404
4013	152.885315396456576309	34.352921373476469569
4014	150.976674612867839187	33.095658303783288545
4015	147.821803281988366052	30.870009981987173830
4016	144.811439790506881309	28.570595568236374362
4017	143.120012949243005096	27.202155704080670517
4018	140.307838774647962055	24.804797519554593777
4019	137.602506157360267025	22.355975229617040867
4020	-115.424367078641239459	39.801239405555129736
4021	-119.617292380312505884	41.211822914782764826
4022	-123.984198451258748719	42.463872264792534850
4023	-126.602681640878699909	43.114125430433496433
4024	-131.225025215059645234	44.087685384544400335
4025	-135.986347563130834715	44.869063393053629341
4026	-138.811583171005395343	45.231050235901271606
4027	-143.738579323958333589	45.687590427913377766
4028	-148.727330493683666646	45.929413293737233914
4029	-151.644216863366409598	45.969710977669123508
4030	-156.652524164100100279	45.865646796935962470
4031	-161.622644406909046211	45.544173999935324559
4032	-164.482874015751690422	45.258798390841214143
4033	-169.319041980465613051	44.604501974852432511
4034	-174.031424529386583799	43.751122173237462221
4035	-176.707636445225830357	43.167232874569677392
4036	178.819959398744572354	42.022608968145391373
4037	174.516915368621880589	40.710805829370613651
4038	172.093277290455432649	39.875855573991223935
4039	168.068866957789794014	38.327809505153410896
4040	164.219654626100577843	36.648148865212931469
4041	162.058123989698287915	35.615262446018846276
4042	158.474079520605187099	33.754013019477007163
4043	155.046222614012094709	31.793654788646563247
4044	153.118931506199373871	30.611566742377835482
4045	149.915836681906853300	28.516784726942642436
4046	146.839570973933064124	26.349816377522891742
4047	145.102801679827848602	25.058993289949366812
4048	142.202439115257220692	22.795696943469735629
4049	139.397808228372298345	20.481648203870701508
4050	-116.197923607371819799	38.470539540356668340
4051	-120.363851225548785351	39.777422532825426060
4052	-124.681150164194491481	40.929827080957437602
4053	-127.259883149638653776	41.524625727797165098
4054	-131.795032852726535566	42.408499274817714308
4055	-136.445988710858898685	43.108873033805998887
4056	-139.197095843539671023	43.428436247922263647
4057	-143.981933676705125436	43.821333338617009190
4058	-148.813684389012564679	44.012422636114990837
4059	-151.634489702325822691	44.029569248823953842
4060	-156.473718151348862193	43.897128164899370972
4061	-161.275086581566711175	43.561851205464336090
4062	-164.039649580063155554	43.275056915727709850
4063	-168.719511367742825314	42.629232417680547940
4064	-173.289664891030042781	41.797229126229709095
4065	-175.890974132369024119	41.231217565394906899
4066	179.750196949975816096	40.125667907101927767
4067	175.540540528166616241	38.862190497830788161
4068	173.161812477251316977	38.059021034294808317
4069	169.198643352234967097	36.570871797996794328
4070	165.391428295834998607	34.956640026156136969
4071	163.246036151330315533	33.963897214370597055
4072	159.676584627355055090	32.174450312431417842
4073	156.248241057588643343	30.288691608517922305
4074	154.314434073020152027	29.151003959878377003
4075	151.090615113607725561	27.133780324697383435
4076	147.982979734164132424	25.045547861611897389
4077	146.223650142884935121	23.800934524688415195
4078	143.278053521938090853	21.617501993719621112
4079	140.421046739468010855	19.383724192129825781
4080	-117.464206062126663710	36.170043148707122782
4081	-121.578020915813283409	37.299646198021115140
4082	-125.807358692670561595	38.282400262222829213
4083	-128.317990243542226381	38.783082301186162510
4084	-132.707309623508251661	39.515162759381581736
4085	-137.177696037809596419	40.078802493286282527
4086	-139.809106380998514396	40.326832187969031907
4087	-144.366727877015591730	40.612361568174456750
4088	-148.949834465552441998	40.717543017375504633
4089	-151.619170574882446090	40.695210915811770747
4090	-156.192381171633201120	40.513674129981644967
4091	-160.728043363961660361	40.153241408781703115
4092	-163.341494197846827774	39.862704467973259170
4093	-167.773040535706343235	39.228534018417654750
4094	-172.114846526403653115	38.429780292758572102
4095	-174.594550955322347363	37.892330541765502971
4096	-178.766408935822141757	36.850227255337465238
4097	177.181137153439294707	35.666383367876903776
4098	174.879751782530718174	34.916082229305885676
4099	171.025189197730583146	33.528412701266333329
4100	167.296684041562059519	32.024967143705310946
4101	165.183948130894123096	31.100639800050306150
4102	161.649382678943652536	29.434269354252087680
4103	158.231066751568050677	27.677180907193740467
4104	156.292607816696659029	26.616392440911834427
4105	153.044430328123723939	24.733946726448031939
4106	149.893779057541962629	22.782983435789489590
4107	148.101717079156514956	21.619079413286772962
4108	145.088073722611284211	19.575291506040976230
4109	142.149738803888453731	17.481953033987227997
4110	-118.663398654216166506	33.846276425516272468
4111	-122.718966272316436061	34.800201830141631376
4112	-126.857620474797158749	35.615752391748301875
4113	-129.300534019785004602	36.024060680952857183
4114	-133.548597171337064538	36.607707059970231001
4115	-137.848310421861924624	37.038135863233051737
4116	-140.368246067667598709	37.216604742192942012
4117	-144.716681248595932630	37.397751984695645433
4118	-149.073248081108772567	37.419189199740053198
4119	-151.605302566232410300	37.358142867000267984
4120	-155.937979251571846362	37.127849078624493018
4121	-160.233228471086476929	36.741322688661981033
4122	-162.709487080662654535	36.445936663774858744
4123	-166.914188256407214794	35.820685989452059061
4124	-171.044981260077975094	35.051639664790940287
4125	-173.410939339107983415	34.540452236615529102
4126	-177.405245469656279056	33.557681322018979131
4127	178.695207129389416423	32.449450205185243590
4128	176.470882785758135469	31.749843696416522931
4129	172.727837004774755769	30.459376075180568222
4130	169.084575162178794017	29.064172328485767594
4131	167.009630212586102971	28.207163114068865895
4132	163.520477779920213379	26.662673819585087642
4133	160.124168759095027781	25.033919898915527824
4134	158.188402254411300873	24.050207257793712046
4135	154.928683954576627002	22.303415014906111224
4136	151.747618913256246742	20.491212015107365119
4137	149.929882590521060592	19.409113508041052398
4138	146.859610640523555958	17.507147581145286352
4139	143.850251898183671528	15.556674989690989719
4140	-119.335443768852883295	32.480455109145552228
4141	-123.354657525100378734	33.333095917772517680
4142	-127.439492157881602452	34.052694195680281553
4143	-129.843179636591912640	34.408179651708401536
4144	-134.010888197049553128	34.907214930349837800
4145	-138.215170851606217184	35.261966302832270515
4146	-140.673427169925616909	35.400995187719253465
4147	-144.907062066202911410	35.523014421433664722
4148	-149.140227340808337431	35.496985845830735684
4149	-151.597783225361183668	35.413938636853494302
4150	-155.800157395021358298	35.155762759342707113
4151	-159.965125607713275713	34.753988230919738101
4152	-162.366870557251047558	34.455493114338224814
4153	-166.447842836201573391	33.834550062320928987
4154	-170.462633423296949786	33.081500238926643931
4155	-172.765537679772080537	32.584704672153890215
4156	-176.660394397810591727	31.634783408791488313
4157	179.527113522539195856	30.568809568847630231
4158	177.347376949780482391	29.897709948199000962
4159	173.670145176662401809	28.662213351461680588
4160	170.078905698661401402	27.328627802842344607
4161	168.027930845709420282	26.510125009979645938
4162	164.569371436268625075	25.035666751455192269
4163	161.190731284280275304	23.481034820122623330
4164	159.259562415750622222	22.542003517895260245
4165	155.998493853930312980	20.874110204724612316
4166	152.805088000698333417	19.142905410848378267
4167	150.975443155328889588	18.108674821857349002
4168	147.877163552452145723	16.289860578885019038
4169	144.830971924431025855	14.423318162751666449
4170	-120.453253310389300168	30.105669060761922395
4171	-124.406209739869723307	30.786334092108159410
4172	-128.396962870119637046	31.343835699856899879
4173	-130.733512163416207841	31.610430000280189233
4174	-134.765873844796374215	31.967581790140453535
4175	-138.811870091696789586	32.195927063441217797
4176	-141.168780145396908665	32.269245219182678852
4177	-145.215163005356430403	32.292921017610019874
4178	-149.248388758087742190	32.188017958422960874
4179	-151.585651134134195672	32.068385669724882803
4180	-155.577966454976206023	31.763705803299085773
4181	-159.532872105659748740	31.336204887610474401
4182	-161.814244900690823670	31.032213111571461894
4183	-165.694616821031445397	30.417711917300980673
4184	-169.520053318053044222	29.690418310942103375
4185	-171.719288429256664585	29.217055886983992252
4186	-175.449157391041694609	28.320988657843411573
4187	-179.115164679258441538	27.324752548355068171
4188	178.781174860306407481	26.700916254351806600
4189	175.218146334230141292	25.556968580621845177
4190	171.719723669862162296	24.326557480832285307
4191	169.712842874277953342	23.572795479315310274
4192	166.313115971981460461	22.216550968506822983
4193	162.972316205945162437	20.787636925921450626
4194	161.053781277936877814	19.924658359673568242
4195	157.798887287253592149	18.391504907024927462
4196	154.592887415109771609	16.799153079147231438
4197	152.747704573557484764	15.847203653525602007
4198	149.609402771016505085	14.171663726401328987
4199	146.507353622264190562	12.450116594193378461
4200	-121.532811250453505636	27.688975740117999891
4201	-125.415047350216013911	28.200844277150665107
4202	-129.309757471315265320	28.600375368733953252
4203	-131.579366702635184083	28.780812932868375498
4204	-135.479216211495440803	29.001138784315529051
4205	-139.372960041132614606	29.108291913211854052
4206	-141.633443751083575535	29.118865049010704382
4207	-145.503173383041371380	29.048941894840570654
4208	-149.349240933006001342	28.869201982740971602
4209	-151.574350511156865196	28.714907969603959970
4210	-155.371205753023332363	28.366170765205694693
4211	-159.130632662641971820	27.914216002557758145
4212	-161.299759920203769070	27.604915477875888286
4213	-164.992321919256482943	26.996261914023008899
4214	-168.639127243070902296	26.293071180949681320
4215	-170.739770769205165379	25.841757887946339878
4216	-174.311138941872002306	24.996582883125160635
4217	-177.834176411921362160	24.066583539216775733
4218	-179.862433600452277460	23.487819481123963783
4219	176.689845682251302605	22.431551510204375433
4220	173.287967572246770942	21.300500750845536402
4221	171.328414615777546715	20.609362350694684807
4222	167.994610013582530428	19.367981297696157839
4223	164.700268995507599357	18.061908959503430339
4224	162.799892317618628113	17.273565746953870814
4225	159.561204933883686863	15.873199340869177831
4226	156.352921340798104666	14.418382751641205530
4227	154.498154729457041867	13.548241392079125589
4228	151.329711961928410346	12.015653731189072317
4229	148.180946658231960100	10.439366682771188621
4230	-122.147028850196647909	26.260052223665191207
4231	-125.986136296831773507	26.675446125233190031
4232	-129.824026642062960946	26.985256827636408872
4233	-132.054688866312005757	27.116998076629155179
4234	-135.878440641736006000	27.260340591162854906
4235	-139.685864379326972085	27.299674765469468696
4236	-141.892110914218847029	27.275275371425450999
4237	-145.663092153077172952	27.153366285186823603
4238	-149.405134556407062973	26.932231132187364864
4239	-151.568092350332392471	26.758823599576054164
4240	-155.256789883169403765	26.385867890699287841
4241	-158.908053323139029089	25.920555344030894673
4242	-161.014985617288289177	25.608412346364620049
4243	-164.603191182925911562	25.003143779530020652
4244	-168.150209907551811739	24.313435743266591516
4245	-170.195464261700408315	23.874419283590135876
4246	-173.677148606359196492	23.057622356742367487
4247	-177.118383929106926189	22.164607192051338558
4248	-179.103030669510417283	21.611054707406104569
4249	177.516800954244217792	20.603945793161674516
4250	174.172640530084947841	19.528791430636097459
4251	172.241974172797199572	18.872985915709342919
4252	168.949513258468300592	17.696617007037083624
4253	165.685882429753291945	16.460359896806700419
4254	163.798453348727207413	15.714575741550554255
4255	160.573566845220284449	14.390183144147757233
4256	157.368503119846309346	13.014388044022577873
4257	155.510811364425762804	12.191402676372232960
4258	152.329267035641692019	10.741475995198737081
4259	149.157459220231601194	9.249504688514484485
4260	-123.183772796071934863	23.760620022069662838
4261	-126.945422512927848402	24.013868415457803707
4262	-130.683975921677358656	24.173941919198881578
4263	-132.847571527866534780	24.224853874968275136
4264	-136.541839623908458634	24.241073556065973804
4265	-140.204107625799849757	24.169120790932431930
4266	-142.319813552921232258	24.087608996986627830
4267	-145.926888435452269732	23.881188478957433574
4268	-149.497173951493664390	23.593151605580530372
4269	-151.557794513603766973	23.389012850241268637
4270	-155.068654071017647311	22.977369693255905503
4271	-158.542092909306120418	22.491062367267364408
4272	-160.546653247784774976	22.174708639626540929
4273	-163.962668197796858749	21.575613831736855985
4274	-167.344258265149733234	20.908460225885740158
4275	-169.297221567309179591	20.489803290206111797
4276	-172.628517507400943032	19.719814988877143236
4277	-175.931209237849088822	18.887723255534314859
4278	-177.841282494471727205	18.375716636743078425
4279	178.895390785338804562	17.449719716757858379
4280	175.652856870589914706	16.467013976261817731
4281	173.773970352728042599	15.869783713771678180
4282	170.557330052550298660	14.801488450701064892
4283	167.352419044154885341	13.681729949976510596
4284	165.491128425472197705	13.007189921538291344
4285	162.297166610307385781	11.810406361234578654
4286	159.105234444975849328	10.567917692673765018
4287	157.246988881057291110	9.824759863548111483
4288	154.050485010618274373	8.515254438951744831
4289	150.846206117354654452	7.167140723853708373
4290	-124.203484107572307948	21.197897822370176613
4291	-127.883358962295972105	21.294446267587481714
4292	-131.520178741581617032	21.311255518921697671
4293	-133.616284029361850116	21.285435286703020097
4294	-137.182057500759924551	21.181879649249335529
4295	-140.702264810693577601	21.006048626433191373
4296	-142.730123598549027975	20.871619228211564234
4297	-146.179240090907796912	20.587465747571258134
4298	-149.585036235526217752	20.238512412018803133
4299	-151.547972579052498077	20.006663802749898196
4300	-154.889373521800052913	19.560604374710106157
4301	-158.193410184078516068	19.056303100356711155
4302	-160.100321172352096255	18.736872601898856061
4303	-163.351634360177399685	18.144840218660398534
4304	-166.574138527961281397	17.499827422435078716
4305	-168.437834954033291979	17.100724036218387880
4306	-171.622605094076902787	16.375275556716410108
4307	-174.788765149828464018	15.600860258245095480
4308	-176.624538172948746251	15.128132693843433287
4309	-179.769929856591602402	14.278843140944866619
4310	177.092187481175528774	13.383720553562945099
4311	175.267682965381141003	12.842107346434804782
4312	172.132651936871752696	11.876730297330377439
4313	168.993699304194024080	10.868398412891625782
4314	167.163309668110741768	10.262264711035188114
4315	164.009168753824155829	9.188527667599464266
4316	160.839845284895943678	8.075309387606681710
4317	158.986673712564993366	7.409924202921419401
4318	155.784798668214989448	6.237886589084822297
4319	152.557187648798560531	5.031477177177589688
4320	-124.791964524411923776	19.673759014885362717
4321	-128.422178732658153422	19.682071028131733925
4322	-131.998545031001413008	19.618931593468445840
4323	-134.055055643661034992	19.550592759735714310
4324	-137.546215335302974836	19.381122188675057316
4325	-140.984774941983346253	19.148621791088942246
4326	-142.962467979135453788	18.985528355481136487
4327	-146.321833915449644792	18.659576153827469369
4328	-149.634605484256894670	18.278214633352455110
4329	-151.542435001499711689	18.031785480437516611
4330	-154.788366149299861263	17.567909251759189715
4331	-157.996990798524279853	17.054739587942606249
4332	-159.848854685758226424	16.734158423910212576
4333	-163.007140481029409784	16.146826233817606067
4334	-166.139444138440239840	15.514657461875874134
4335	-167.952316774302744307	15.126632093338043816
4336	-171.053223945828676733	14.426144235258089310
4337	-174.140598314756744003	13.683832928363830916
4338	-175.933158024004114850	13.232913432847091428
4339	-179.009317967363188018	12.426174228202865990
4340	177.915110995143550099	11.579652014881816058
4341	176.123435307398665373	11.068936772210944852
4342	173.038504731975649520	10.160843071370724289
4343	169.941199032157669535	9.214720770988392928
4344	168.130947879967152403	8.646888766787878211
4345	165.004033933831010472	7.642275404055759225
4346	161.852228236845235188	6.602009870223302102
4347	160.004621233133548230	5.980685426648263636
4348	156.804110148618178755	4.886848666955740050
4349	153.567248660059021859	3.761485847131369908
4350	-125.799299855441063301	16.992540377613373437
4351	-129.340408767334452023	16.855229637826713684
4352	-132.810456908175751778	16.661477078081155412
4353	-134.798162054254476061	16.524230922629161711
4354	-138.160905530868603819	16.248775066551271351
4355	-141.460295648577243810	15.926081158333481369
4356	-143.352996639633033737	15.717754544931425542
4357	-146.561024089383067803	15.326439694252325552
4358	-149.717629375857370633	14.895100760931534012
4359	-151.533165956275979624	14.626525450791143967
4360	-154.619411142865033071	14.136226848559966029
4361	-157.668499463318880771	13.610917841121436211
4362	-159.428251706806236143	13.289638996385397363
4363	-162.430602165587174568	12.711671079223490821
4364	-165.411186036550702738	12.101726739099012420
4365	-167.138250065789179644	11.732324246315494420
4366	-170.096888558628677401	11.073206671255418243
4367	-173.049604976363468722	10.383602394086681286
4368	-174.767774290165448292	9.968341435468541789
4369	-177.723738677708581690	9.231032472765271280
4370	179.310276022731784451	8.463749692348084608
4371	177.577055997762613515	8.003434313298885883
4372	174.582682881546702447	7.188903389143359135
4373	171.562518713799022407	6.344649958189520156
4374	169.790568996021590920	5.839701382653370132
4375	166.717431308086077024	4.948933390976597124
4376	163.603319871251869699	4.029365727959941523
4377	161.769861861790957391	3.481227882164938059
4378	158.579655207266114303	2.517849029476964873
4379	155.334668763241211309	1.528479688494511102
4380	-126.807704914933594864	14.224377789889215862
4381	-130.254551706472398109	13.950322831294446502
4382	-133.614732527215551272	13.635717227032534637
4383	-135.532338264408565465	13.435461838118921918
4384	-138.765745840465342553	13.064225708896680445
4385	-141.926585795869641515	12.661284228726968237
4386	-143.735286791759335756	12.413250395940941928
4387	-146.794593782721733533	11.965407336942558203
4388	-149.798554040784779318	11.491873453646075376
4389	-151.524138326951174349	11.205116563744125457
4390	-154.454998086972409510	10.694135661163411299
4391	-157.348923155988359213	10.160986967816029392
4392	-159.019016880949720871	9.840826963389535109
4393	-161.869285586235378105	9.274156397759259818
4394	-164.701309850330517293	8.686888522296516868
4395	-166.343986650353258483	8.335712069775034649
4396	-169.161934094335947520	7.716207812882994510
4397	-171.980323561046304803	7.076292210041617459
4398	-173.623664661807310949	6.694405873658033634
4399	-176.457530141434801862	6.021802896523359649
4400	-179.310525258590985231	5.328173366258870836
4401	179.017386695275376951	4.914683993789679128
4402	176.119335203791251843	4.187156121284744792
4403	173.183467097512675537	3.437861779626756320
4404	171.454564388938024422	2.991699137519829410
4405	168.444216041492893510	2.207754272076249524
4406	165.377668318554299276	1.402074668657883327
4407	163.564370649458965090	0.923344612303797718
4408	160.394999342736582548	0.084393671487373215
4409	157.152302503152043300	-0.774248193930250461
4410	-127.397801520451707802	12.569541408358849921
4411	-130.787195622878016366	12.220664062810890016
4412	-134.081557810667959529	11.840825163086490690
4413	-135.957611690819817341	11.606932950789971670
4414	-139.115012310097881709	11.185134740748853943
4415	-142.195138196283210164	10.740472533168963665
4416	-143.955172302220773872	10.472074849157998244
4417	-146.928686709130261079	9.995695503587446851
4418	-149.844947938712380164	9.501429261479202637
4419	-151.518965933218055397	9.206036880199853556
4420	-154.360861263322021841	8.685842375732908849
4421	-157.165988740898910692	8.150264776847651049
4422	-158.784745037373113519	7.831672383909530133
4423	-161.547811825292114918	7.272590466546497545
4424	-164.294409574617247927	6.698834888486767447
4425	-165.888407902239350733	6.358136707346353056
4426	-168.624869447170226522	5.760952725821598008
4427	-171.364964474757471180	5.148612883844495336
4428	-172.964425294316924919	4.785110394063250894
4429	-175.726174871693615387	4.147977562218626346
4430	-178.511709514300264345	3.494578742086200229
4431	179.853075482752728931	3.106633104052019423
4432	177.013829309375751109	2.426560372607673433
4433	174.130406545250480121	1.729119972906167702
4434	172.428802640887738562	1.315115620810086927
4435	169.459278105225280342	0.589759251071672819
4436	166.425136248283763507	-0.153195861682071666
4437	164.626472410118878997	-0.593548081909303082
4438	161.474357859097040091	-1.363382131640518802
4439	158.238138082220928027	-2.148934373695575495
4440	-128.422046667529002661	9.644376404535076830
4441	-131.707801351714692828	9.176418849151460222
4442	-134.885360378912650958	8.694394649541445474
4443	-136.688419107371373684	8.408496846871864605
4444	-139.713393180968239449	7.909574512609387931
4445	-142.654064105990642020	7.402472851049648916
4446	-144.330455944034042659	7.104133669872714663
4447	-147.157131512321484479	6.586689030522028254
4448	-149.923878330310685669	6.063741695696826639
4449	-151.510171290409516587	5.757034869458838244
4450	-154.200908468929242190	5.226123373296538865
4451	-156.855236638884775857	4.690260341623333495
4452	-158.386772024218657862	4.376052010981282159
4453	-161.001500393323226490	3.831933546239832733
4454	-163.602401027351390894	3.282101209014578469
4455	-165.113136711637082499	2.959272906514816892
4456	-167.709698994822701934	2.399310744734267864
4457	-170.314583549192889222	1.832145697175494803
4458	-171.837837820529728106	1.498482425650599970
4459	-174.473507012402706096	0.918556068956510319
4460	-177.139912771266267555	0.329702853140139640
4461	-178.709396075249742353	-0.017360484783412754
4462	178.557361592984648269	-0.621565663239349919
4463	175.770119498982012374	-1.236099592283341320
4464	174.119442457985428518	-1.598632358594584524
4465	171.227750480236807107	-2.230024237152702149
4466	168.257834594286919128	-2.872016406081264517
4467	166.489603538317680886	-3.250368284892219961
4468	163.376587054192441428	-3.908042497936332182
4469	160.161107581277633471	-4.574207604804982452
4470	-129.465654541128969868	6.607778156842186057
4471	-132.640833662470868148	6.034551555636753939
4472	-135.696188480415628419	5.464389834566594217
4473	-137.423806067333885039	5.134562422443143426
4474	-140.313277018378812500	4.571926372155072471
4475	-143.112699296027244600	4.014908690208199182
4476	-144.704916784188526435	3.693398806700438630
4477	-147.384566330482755347	3.145492709012986943
4478	-150.002327151659699211	2.603039195373789028
4479	-151.501436762817434101	2.289659022416362433
4480	-154.042186155951299042	1.754763079311665752
4481	-156.546987665189135441	1.223753458682502515
4482	-157.992000499969208249	0.916185139913285873
4483	-160.459371048976890961	0.389657277969223725
4484	-162.915102210150166684	-0.135171206564275226
4485	-164.342597208420329480	-0.440192362830735207
4486	-166.798685199720807759	-0.964185240221574702
4487	-169.266866325862451959	-1.488810401402492323
4488	-170.712562051733357293	-1.794770821130584615
4489	-173.218905583388846026	-2.322132915063568781
4490	-175.761672750967250067	-2.852220257938792081
4491	-177.262180995438484388	-3.162243053542780569
4492	-179.882740882975895147	-3.697916212268141489
4493	177.434295663805528420	-4.237685630660061875
4494	175.839905698370898790	-4.553794732473323670
4495	173.036320243855129775	-5.100308508244585148
4496	170.142129403971125612	-5.650777574380400736
4497	168.411504094668487141	-5.972699734913367031
4498	165.350529501272262678	-6.527751443766128148
4499	162.169162719355028912	-7.083786651296967385
4500	-71.076871374002848825	-43.107363840516391917
4501	-70.824913578121879709	-46.309861048011299545
4502	-70.552349596666886100	-49.397429170314474334
4503	-70.382336951520244384	-51.145620916844471537
4504	-70.066600058339531643	-54.072914684851909328
4505	-69.714518469725646810	-56.912512684604550373
4506	-69.489144992759918296	-58.528862029513170739
4507	-69.058326372406838800	-61.250717026377948571
4508	-68.558160529274289274	-63.910925449760242145
4509	-68.226469023570302852	-65.434513239558441455
4510	-67.565812997479213209	-68.016273594795677582
4511	-66.751777368061141260	-70.559722448792882687
4512	-66.181799210384497201	-72.025518056723470295
4513	-64.967789100934510316	-74.524102162781574066
4514	-63.309641860712531525	-77.002194410758349363
4515	-62.026445143996284060	-78.436237941909354277
4516	-58.891819429056909030	-80.884486647481168120
4517	-53.477877086333705847	-83.297488940342162778
4518	-48.077157006028699016	-84.663322914196413649
4519	-28.217387912984463583	-86.788553386079726693
4520	24.918674671878022764	-87.705479956432114363
4521	56.038361270288419291	-87.068021391916687435
4522	80.190005218803776188	-84.938401503489600941
4523	89.501523784116500337	-82.399656301787317148
4524	92.553842342632378859	-80.840511473661763375
4525	95.981130084811411507	-78.062698316756055306
4526	98.177381296058911175	-75.172997963382371722
4527	99.129129688211492066	-73.440398139873451555
4528	100.409134254325635993	-70.372896156980530691
4529	101.384732131764053520	-67.184794874854887325
4530	-67.450689823234029063	-41.351895743840131558
4531	-66.844601746370642559	-44.596883703454039960
4532	-66.188561259781579338	-47.740022885849221268
4533	-65.779212955007267283	-49.525437179292431722
4534	-65.018845726070310320	-52.523193214045107879
4535	-64.170951674309378632	-55.439162130492981362
4536	-63.628336283346072833	-57.101616999928708651
4537	-62.591715103104149875	-59.903663267659538860
4538	-61.389897597325273182	-62.642718287314615111
4539	-60.594286117326987551	-64.210243365186045139
4540	-59.014022878012497131	-66.861374248491088679
4541	-57.077394473509116324	-69.461898988361014062
4542	-55.730048047467164452	-70.952471767147869741
4543	-52.889870401605946881	-73.472150066229389154
4544	-49.091121737256344204	-75.930393533520117444
4545	-46.228213648816449677	-77.324160642563526835
4546	-39.570644031303629617	-79.624300613087214629
4547	-29.352837670358724154	-81.721122669437704644
4548	-20.804627879456575101	-82.773996771830212538
4549	0.129591853911819044	-84.049752825870598372
4550	27.080590272893175552	-84.240803289594850867
4551	41.852534793984773387	-83.770937936862623019
4552	61.002721545441573880	-82.195848710472972698
4553	73.094321376940570190	-80.024063851681106030
4554	77.981598999711764009	-78.596899333559093748
4555	84.093952574092327268	-75.958726712862755903
4556	88.365997089569987111	-73.142530713369268369
4557	90.301764582701821382	-71.435230123729752449
4558	92.982521397227344551	-68.395031193103704936
4559	95.082611478971273300	-65.225548544919945471
4560	-64.139798623409262746	-39.556942796045788668
4561	-63.210766538885593491	-42.811444930361645334
4562	-62.206202344037080820	-45.975410729663465759
4563	-61.580083862720414345	-47.777030005907661803
4564	-60.418821260593063016	-50.807674615383135119
4565	-59.127136402827886741	-53.760320495172010169
4566	-58.302638188692014865	-55.444608659510620896
4567	-56.732888892258870328	-58.282646791489497673
4568	-54.923251595191572960	-61.052370324215353037
4569	-53.732206464642388255	-62.633478225066973266
4570	-51.385263125555184160	-65.296775739471399902
4571	-48.547765757256627239	-67.889094606933483078
4572	-46.601955160732416061	-69.361814259663532312
4573	-42.585373017014717334	-71.819674273468010028
4574	-37.413332270157468429	-74.161509737020907096
4575	-33.679047995727728448	-75.453153737054904582
4576	-25.562219732044582088	-77.498693466711586098
4577	-14.595432913010881748	-79.218805879757638877
4578	-6.623961148745820537	-80.000027884276448731
4579	9.686159228248300224	-80.811587786803073641
4580	27.618538714940228829	-80.792464346134579500
4581	37.578920377798993968	-80.380859599325646059
4582	52.282068708753484998	-79.078384038991700322
4583	63.506178619112830575	-77.202817420679608063
4584	68.643713842348319076	-75.920869485398071674
4585	75.636039671992818967	-73.479069736903639409
4586	80.917766519547797088	-70.805069181245372079
4587	83.418792946938594923	-69.162695122335151154
4588	86.990721702965288387	-66.214023356882293569
4589	89.873513591513074061	-63.121390247987825717
4590	-62.341459892603495518	-38.500260327127300286
4591	-61.239005041767313742	-41.747063319869489817
4592	-60.048324259651280954	-44.909072355496711282
4593	-59.307069201547790271	-46.711568378843551841
4594	-57.934296616310405170	-49.746040701513457805
4595	-56.410906691573302396	-52.703903141673741573
4596	-55.440729687678583559	-54.391099465016004899
4597	-53.599023556456302231	-57.232447456087747639
4598	-51.485748524037717289	-60.001223368920825862
4599	-50.101297585674103630	-61.578691600821599650
4600	-47.389901912020377495	-64.228093946395262037
4601	-44.144536790997960907	-66.793220951482823011
4602	-41.941825042622099318	-68.241965045851770810
4603	-37.459074989982298121	-70.640325260024525278
4604	-31.824334977996272755	-72.893131600026322303
4605	-27.857683018492480187	-74.116346858878671355
4606	-19.536002726566721321	-76.012473513772988554
4607	-8.916529498482532290	-77.548359401750673214
4608	-1.590605480352905943	-78.217417897422720330
4609	12.653971514845409274	-78.869846905722653219
4610	27.779596491085953858	-78.793579987510966589
4611	36.243695025730005455	-78.404989549942897042
4612	49.201050566942456044	-77.207852142108762905
4613	59.704102689811634264	-75.467509252694242150
4614	64.739246684781278418	-74.261659123564371043
4615	71.848200658822776177	-71.935474808077216835
4616	77.420096415169837201	-69.356602473199387759
4617	80.118842891929716643	-67.761576082241163022
4618	84.038236580333546044	-64.884094962397298900
4619	87.254780946079108617	-61.854287672708075263
4620	-59.446329550167604339	-36.671601450855433768
4621	-58.070058683931847554	-39.885488279234806441
4622	-56.587794969051515181	-43.023049212795783092
4623	-55.667483374610696956	-44.814207494980379920
4624	-53.968734236426143980	-47.832290643907732886
4625	-52.093170077490412950	-50.775090330475379119
4626	-50.904520653754673276	-52.452837800620272901
4627	-48.661801783440751024	-55.274302010183454570
4628	-46.112691232501845207	-58.015038814277900769
4629	-44.458048253525305427	-59.570594160022146468
4630	-41.255583566326322398	-62.169079235403202688
4631	-37.493772543034481259	-64.661192161489893238
4632	-34.987580905314246138	-66.054539593916032914
4633	-30.010362885334302518	-68.330541868837499919
4634	-23.994331333131412975	-70.420955812459979484
4635	-19.919177365438372362	-71.529772065719953389
4636	-11.777901303197495508	-73.198392581717541816
4637	-2.095872709092759578	-74.486683621825420687
4638	4.211641724073814430	-75.020019681438100179
4639	15.896766543282438988	-75.498601272358953906
4640	27.954184145205289269	-75.372378543936505935
4641	34.768636617245419984	-75.017506089396860602
4642	45.596792942089166445	-73.959302853449273130
4643	54.959442433500640846	-72.409703968922187300
4644	59.697000969452659547	-71.319791326092897066
4645	66.708342851787733707	-69.183554978426059279
4646	72.489949830314060364	-66.774977493024920250
4647	75.384249222328605811	-65.269754579713122666
4648	79.697215995156966528	-62.533312840924786258
4649	83.331916818690444870	-59.632552482774990210
4650	-56.767914143632424384	-34.833247332811161812
4651	-55.146621162308122166	-37.992772006715831878
4652	-53.406617095389492533	-41.082795746805771842
4653	-52.329850078098274935	-42.848537972723136136
4654	-50.350247685899205408	-45.825126463656857823
4655	-48.177735078286332282	-48.726834364605018379
4656	-46.808667875380820078	-50.379676923310938719
4657	-44.243345774269016601	-53.154425563199971805
4658	-41.358027152900945111	-55.840399688964943437
4659	-39.503694400307551859	-57.358842274902016811
4660	-35.958756614828587317	-59.881716260111645056
4661	-31.872581341755505946	-62.279559486314575167
4662	-29.198752954398571546	-63.607840516867980796
4663	-24.005773214801251925	-65.752406263079450355
4664	-17.935793126273892995	-67.686023355741951946
4665	-13.948263754779873125	-68.693302864061479340
4666	-6.258248867893144052	-70.177426889733112603
4667	2.477365208326091306	-71.287463065355481717
4668	7.981520632223634948	-71.732392575464274387
4669	17.927746038175655485	-72.109590139679809795
4670	28.063274625280683949	-71.967243587054710474
4671	33.832815665758346313	-71.644013961106509214
4672	43.203272490178534326	-70.697613415110438950
4673	51.628949511942209938	-69.306093928300114726
4674	56.044072040891080633	-68.317952812087114012
4675	62.798884395363018029	-66.359412245848133693
4676	68.586384095422033624	-64.122564428617806698
4677	71.561426135431020157	-62.712661639818414017
4678	76.092660937490279593	-60.131936828172150911
4679	80.001710188815707170	-57.378571314857083507
4680	-55.296543053343157226	-33.761025997997862191
4681	-53.544943559266869215	-36.880451105757806829
4682	-51.669425210064844123	-39.933662959914464352
4683	-50.511276543298777142	-41.679036683172839162
4684	-48.387477503326863371	-44.621567769114165003
4685	-46.065529070948912249	-47.489195079969370283
4686	-44.607417279382673314	-49.121590438645597487
4687	-41.886738403454273794	-51.859036749210005723
4688	-38.845867181427422565	-54.503466871895234647
4689	-36.902955632953535314	-55.995065818847258754
4690	-33.214852660641611237	-58.466021626373461118
4691	-29.008199319798222859	-60.803244756981221997
4692	-26.282166637097134299	-62.091764405188321518
4693	-21.048839880715490835	-64.160103764536756898
4694	-15.032788561164807106	-66.008638891349590949
4695	-11.137714540054957979	-66.963726069420175691
4696	-3.743143632604414961	-68.358288723347229165
4697	4.497029466017039567	-69.388122680010027921
4698	9.621279672513935566	-69.795899138257951222
4699	18.797009623313073234	-70.134467936756138329
4700	28.109990008288121999	-69.992416858810486247
4701	33.428841148496303504	-69.687713134910254098
4702	42.145203275122185005	-68.799995883100791616
4703	50.111274215511116381	-67.491317864173055341
4704	54.348726234962384751	-66.557853794040326534
4705	60.929574092753114201	-64.697941543359021921
4706	66.670437073333772560	-62.560377667134211777
4707	69.660000283206073846	-61.207191581366821254
4708	74.264202718581600493	-58.721261144833640344
4709	78.285028631099521590	-56.059473656925412399
4710	-52.899809162020801523	-31.916855558797848857
4711	-50.943681539433100625	-34.954943853075107540
4712	-48.858129755371521696	-37.931429002813231932
4713	-47.575335609466037567	-39.633596098778021144
4714	-45.233827372313157866	-42.503088994286244429
4715	-42.691189028161602437	-45.297426014993298793
4716	-41.104380553480950766	-46.886184560270798727
4717	-38.165231472173047678	-49.545400293905032640
4718	-34.915377990253944063	-52.105480628105588892
4719	-32.859266239048565694	-53.544273511804576060
4720	-29.001387157269277850	-55.916744235808010899
4721	-24.674782262110056763	-58.144458387843862113
4722	-21.913248828682299063	-59.363969057721718059
4723	-16.703633690371930243	-61.305464867601664025
4724	-10.858149146910477612	-63.019930618997570093
4725	-7.149677388175405213	-63.896363602508124302
4726	-0.255523130676692745	-65.162113365910741436
4727	7.240679522994554418	-66.083762585956506541
4728	11.828054698189731653	-66.444577064135742717
4729	19.956089383154733241	-66.740090098368170857
4730	28.172355287216788611	-66.610133645724133089
4731	32.886575185120932474	-66.338197425217771297
4732	40.702112194908067977	-65.545577144938818037
4733	47.997230897405131600	-64.369475733665623807
4734	51.955765065333054054	-63.524611253534615685
4735	58.231015335874360517	-61.827834983026889404
4736	63.846405817751360701	-59.859122788047606889
4737	66.826418514954724515	-58.604398613834867149
4738	71.493264878236288951	-56.285856034214411636
4739	75.646247009715068543	-53.788346772416026909
4740	-50.648203745342868842	-30.071570143895698379
4741	-48.509861446041668387	-33.014888735906971817
4742	-46.240482152215747647	-35.900078731084249739
4743	-44.850406819532622649	-37.550181178198023701
4744	-42.325284966503090800	-40.331047705052704089
4745	-39.602316756674269982	-43.036460590355723355
4746	-37.913607571075147007	-44.572687095087587750
4747	-34.808406135991219799	-47.139201313851479824
4748	-31.410699678628020592	-49.602199665079680813
4749	-29.281062248789453406	-50.981963744432349017
4750	-25.327968842744212452	-53.248087013082418650
4751	-20.961382336546421357	-55.363145040436272382
4752	-18.210961799949018314	-56.514536167085523743
4753	-13.097790837166940037	-58.336254419651588421
4754	-7.471439084763460414	-59.931360765995599138
4755	-3.957696054742200431	-60.741147269803853703
4756	2.474204025994367839	-61.903391285970108981
4757	9.347674198717669469	-62.744751246831775404
4758	13.508716280544803112	-63.073918406004651160
4759	20.832033550273024503	-63.347293087813497436
4760	28.219571281139451457	-63.240369153024353466
4761	32.473818525631259035	-63.002733284356722265
4762	39.586639708241904145	-62.301467232519762263
4763	46.328990493225745695	-61.250110516957136042
4764	50.042192392457934602	-60.489192190938993576
4765	56.022378037990080202	-58.949541131724707554
4766	61.483120857671167414	-57.147437668295637536
4767	64.426391912575439846	-55.991699424053727796
4768	69.101651057846538606	-53.844151349431911058
4769	73.331052807214177847	-51.517052231867893397
4770	-49.395897634741686488	-28.997173510280255471
4771	-47.160831476685871166	-31.880073265884146139
4772	-44.795369857026287264	-34.706425186433421004
4773	-43.350039655350713019	-36.322767744943263324
4774	-40.732030063700960909	-39.046004305673868373
4775	-37.920395701226539131	-41.693671934087298325
4776	-36.183021609123272810	-43.195967210525303415
4777	-33.001566522146106308	-45.703188814608125767
4778	-29.540821873589152347	-48.105190698679798800
4779	-27.382856356049160240	-49.448530416120441089
4780	-23.400432466727352221	-51.650439817837472845
4781	-19.036717412924645032	-53.699563652392470203
4782	-16.306904874529436711	-54.812159029235786534
4783	-11.269446564147528989	-56.567657631419528741
4784	-5.779345635669187686	-58.099389563941862491
4785	-2.376392742699408700	-58.875006877921030934
4786	3.808207041769492207	-59.986223191294698154
4787	10.365994756908662566	-60.790510949587400091
4788	14.317204185348600731	-61.106428845016651508
4789	21.251695708759058334	-61.373954827947706292
4790	28.242225619248245039	-61.284305326569715078
4791	32.275109375164305447	-61.067372181706652157
4792	39.044524065736709417	-60.418476301591582001
4793	45.507734970858876977	-59.437431385931112970
4794	49.092197180364848919	-58.723889207754105257
4795	54.909233699289103470	-57.273609575613292577
4796	60.274156141038446322	-55.567504545483217271
4797	63.188430999062745741	-54.469407037375788150
4798	67.851605534368843564	-52.422376443373714494
4799	72.106588093724298005	-50.196396083037583935
4800	-47.330679097966992686	-27.149606873202525748
4801	-44.943945197805589942	-29.921000850121910020
4802	-42.430290823789562182	-32.637941062667707115
4803	-40.901075013637580469	-34.191257371385610497
4804	-38.144760015881843174	-36.806754665970892404
4805	-35.205188135178104858	-39.346684661789133486
4806	-33.399886222844315853	-40.785979352277010435
4807	-30.116846646816611610	-43.184018856362591521
4808	-26.579943097212208158	-45.475344555933503443
4809	-24.392877765578532490	-46.753569131904747280
4810	-20.393941466120281802	-48.842721385635165632
4811	-16.066846315450675320	-50.779035001859753606
4812	-13.388237337970394947	-51.826759932480619852
4813	-8.499664400277652021	-53.474285146247602540
4814	-3.246127767631946881	-54.906224138523867850
4815	-0.024679104194092361	-55.629683705365110313
4816	5.771750547083087213	-56.665797261344316382
4817	11.852777450163841877	-57.419120079221201536
4818	15.493734442169142085	-57.718982654171696822
4819	21.860748876819627640	-57.985595590568244972
4820	28.275148715720405335	-57.930854718277871029
4821	31.985566539812310793	-57.750682873419151520
4822	38.248803105026979665	-57.191204783100339171
4823	44.290142331570336864	-56.328360705528915275
4824	47.674308331703571184	-55.694390624164405779
4825	53.227448692393750207	-54.394905446225394030
4826	58.424824436255306637	-52.852204936961221904
4827	61.281369027356873858	-51.852975529303130031
4828	65.903669939037683889	-49.979599212022527865
4829	70.178353653301996928	-47.929615889669030082
4830	-45.359897424600092108	-25.298484493293983633
4831	-42.838174145129414683	-27.950117094946218543
4832	-40.195613714313708442	-30.548769962571810765
4833	-38.595036555989167937	-32.033734552165725518
4834	-35.724293521680976937	-34.532321816418338756
4835	-32.683692121237754691	-36.955689860918326417
4836	-30.827470434747795025	-38.327199221563169829
4837	-27.474096657249901909	-40.608802713699283515
4838	-23.894084754146888372	-42.783915208973304800
4839	-21.697412309778201234	-43.994824851435296864
4840	-17.714359907610742084	-45.969578744723726516
4841	-13.452079062653183428	-47.794545596636325513
4842	-10.837468080941221160	-48.779802819435843730
4843	-6.109992175201341524	-50.326163932320660876
4844	-1.087937877981175916	-51.668181621901567269
4845	1.965065101684444926	-52.346318844792200764
4846	7.415620695319063316	-53.320066023748616146
4847	13.087505571837027674	-54.034988952319714883
4848	16.467691012440639042	-54.325338290965220267
4849	22.363700671624826555	-54.599940499005661820
4850	28.302381318562396473	-54.585320671284009109
4851	31.745392529517772573	-54.443202749790089001
4852	37.583657364783903176	-53.972854482412635946
4853	43.261508587040935936	-53.225830190466098202
4854	46.467902183077626432	-52.669645126609516694
4855	51.777487138203952100	-51.518062824479265771
4856	56.808451320371432303	-50.136877747377859293
4857	59.601325242131935056	-49.236080394090961931
4858	64.164993592638950304	-47.536819811939409419
4859	68.436116918178413471	-45.664656070703216528
4860	-44.250132305655654363	-24.218480684964720950
4861	-41.656829749227654247	-26.797205473861751557
4862	-38.947270032656945205	-29.323596926775337579
4863	-37.310330184108863705	-30.766747213845313524
4864	-34.382738549015300578	-33.193829533428640843
4865	-31.294131807033352288	-35.546088475123973183
4866	-29.414980882796385231	-36.876410413815996492
4867	-26.032733196708591095	-39.087694933586952573
4868	-22.439970772071774263	-41.193348778954245404
4869	-20.244747973981475297	-42.364440293230430257
4870	-16.282145610566431060	-44.272361000779561380
4871	-12.066572467337891794	-46.033457202686960841
4872	-9.492810529936036801	-46.983471544191154123
4873	-4.861304945978758951	-48.473811284873001171
4874	0.030336631125550184	-49.767372482287960622
4875	2.991396692792307022	-50.421725366016602266
4876	8.257809939880360162	-51.363881558506143676
4877	13.716893526787430346	-52.060987640939075050
4878	16.963188444258321397	-52.348130394232974538
4879	22.619221646864048125	-52.630537481820475421
4880	28.316233703577864844	-52.641124376099412530
4881	31.622990537659660504	-52.521623977895778523
4882	37.242931775784256843	-52.103060193113286402
4883	42.730843955133991585	-51.422565944603938703
4884	45.842535894903505778	-50.910964870294556306
4885	51.019074908641385946	-49.844282608720916983
4886	55.954935280863423941	-48.556215772304689438
4887	58.709242344397694069	-47.712414705383210389
4888	63.233094472316935253	-46.114427578875769598
4889	67.493973746591620966	-44.346218392975146116
4890	-42.397493842639789818	-22.355975229617037314
4891	-39.692161225352037945	-24.804797519554593777
4892	-36.879987050756994904	-27.202155704080670517
4893	-35.188560209493118691	-28.570595568236377915
4894	-32.178196718011690791	-30.870009981987173830
4895	-29.023325387132160813	-33.095658303783288545
4896	-27.114684603543423691	-34.352921373476462463
4897	-23.700276443162579199	-36.440147677413577298
4898	-20.102891498342387422	-38.424360232822039052
4899	-17.919708653775160201	-39.526447373624989723
4900	-14.006793310106104400	-41.319756803004366930
4901	-9.882146146775539819	-42.972998962460401629
4902	-7.382200925887673293	-43.864330115581338987
4903	-2.915948232525352068	-45.262852491472230554
4904	1.760369384937376935	-46.478848597006702903
4905	4.573320879097167335	-47.096024910084594239
4906	9.548851024938642240	-47.990436143738442354
4907	14.677901908550779808	-48.663071472708836041
4908	17.718637270238446035	-48.947813958683376256
4909	23.008417753062047950	-49.247785146280101287
4910	28.337356640680638975	-49.304065417318525988
4911	31.436044739579841689	-49.223986113749909066
4912	36.720312055644740212	-48.894126726272325811
4913	41.912067491231084659	-48.326547008400225991
4914	44.873742471861447711	-47.890458264933606358
4915	49.835138119557683467	-46.967705056434439825
4916	54.611542970569217914	-45.838022352878532217
4917	57.298274075418078155	-45.091505852917521224
4918	61.746799277347065527	-43.667031756742673565
4919	65.979166834371767436	-42.077728275103005728
4920	-40.602191771627701655	-20.481648203870701508
4921	-37.797560884742722465	-22.795696943469735629
4922	-34.897198320172208241	-25.058993289949366812
4923	-33.160429026066992719	-26.349816377522891742
4924	-30.084163318093146700	-28.516784726942642436
4925	-26.881068493800739816	-30.611566742377835482
4926	-24.953777385987905291	-31.793654788646556142
4927	-21.525920479394926588	-33.754013019477007163
4928	-17.941876010301712085	-35.615262446018853382
4929	-15.780345373899422157	-36.648148865212938574
4930	-11.931133042210149142	-38.327809505153403791
4931	-7.906722709544510508	-39.875855573991223935
4932	-5.483084631378119411	-40.710805829370613651
4933	-1.180040601255427646	-42.022608968145391373
4934	3.292363554774169643	-43.167232874569677392
4935	5.968575470613416201	-43.751122173237462221
4936	10.680958019534330106	-44.604501974852432511
4937	15.517125984248366422	-45.258798390841214143
4938	18.377355593090953789	-45.544173999935324559
4939	23.347475835899928143	-45.865646796935962470
4940	28.355783136633561980	-45.969710977669123508
4941	31.272669506316333354	-45.929413293737226809
4942	36.261420676041666411	-45.687590427913377766
4943	41.188416828994576235	-45.231050235901271606
4944	44.013652436869165285	-44.869063393053629341
4945	48.774974784940383188	-44.087685384544400335
4946	53.397318359121300091	-43.114125430433503539
4947	56.015801548741308125	-42.463872264792534850
4948	60.382707619687465694	-41.211822914782764826
4949	64.575632921358760541	-39.801239405555129736
4950	-39.578953260531989145	-19.383724192129822228
4951	-36.721946478061909147	-21.617501993719617559
4952	-33.776349857115121722	-23.800934524688415195
4953	-32.017020265835924420	-25.045547861611897389
4954	-28.909384886392274439	-27.133780324697390540
4955	-25.685565926979734286	-29.151003959878377003
4956	-23.751758942411470343	-30.288691608517915199
4957	-20.323415372645058596	-32.174450312431417842
4958	-16.753963848669741310	-33.963897214370597055
4959	-14.608571704165115079	-34.956640026156144074
4960	-10.801356647765032903	-36.570871797996794328
4961	-6.838187522748739866	-38.059021034294808317
4962	-4.459459471833383759	-38.862190497830788161
4963	-0.249803050024183904	-40.125667907101927767
4964	4.109025867630975881	-41.231217565394906899
4965	6.710335108969985640	-41.797229126229709095
4966	11.280488632257174686	-42.629232417680547940
4967	15.960350419936844446	-43.275056915727709850
4968	18.724913418433288825	-43.561851205464336090
4969	23.526281848651166229	-43.897128164899378078
4970	28.365510297674120466	-44.029569248823946737
4971	31.186315610987463742	-44.012422636114990837
4972	36.018066323294817721	-43.821333338617009190
4973	40.802904156460328977	-43.428436247922263647
4974	43.554011289141101315	-43.108873033805998887
4975	48.204967147273492856	-42.408499274817714308
4976	52.740116850361317802	-41.524625727797172203
4977	55.318849835805451676	-40.929827080957444707
4978	59.636148774451214649	-39.777422532825426060
4979	63.802076392628208623	-38.470539540356668340
4980	-37.850261196111546269	-17.481953033987227997
4981	-34.911926277388715789	-19.575291506040976230
4982	-31.898282920843541888	-21.619079413286776514
4983	-30.106220942458094214	-22.782983435789489590
4984	-26.955569671876219218	-24.733946726448031939
4985	-23.707392183303454658	-26.616392440911834427
4986	-21.768933248431949323	-27.677180907193740467
4987	-18.350617321056347464	-29.434269354252087680
4988	-14.816051869105876904	-31.100639800050306150
4989	-12.703315958437997324	-32.024967143705318051
4990	-8.974810802269416854	-33.528412701266333329
4991	-5.120248217469224983	-34.916082229305885676
4992	-2.818862846560705293	-35.666383367876903776
4993	1.233591064177858243	-36.850227255337465238
4994	5.405449044677681059	-37.892330541765502971
4995	7.885153473596318463	-38.429780292758572102
4996	12.226959464293628344	-39.228534018417654750
4997	16.658505802153115383	-39.862704467973259170
4998	19.271956636038282795	-40.153241408781703115
4999	23.807618828366827302	-40.513674129981644967
5000	28.380829425117553910	-40.695210915811770747
5001	31.050165534447558002	-40.717543017375504633
5002	35.633272122984465113	-40.612361568174456750
5003	40.190893619001542447	-40.326832187969031907
5004	42.822303962190403581	-40.078802493286275421
5005	47.292690376491748339	-39.515162759381581736
5006	51.682009756457802041	-38.783082301186162510
5007	54.192641307329438405	-38.282400262222836318
5008	58.421979084186745013	-37.299646198021115140
5009	62.535793937873364712	-36.170043148707129887
5010	-36.149748101816328472	-15.556674989690989719
5011	-33.140389359476444042	-17.507147581145286352
5012	-30.070117409478996251	-19.409113508041052398
5013	-28.252381086743753258	-20.491212015107368671
5014	-25.071316045423372998	-22.303415014906111224
5015	-21.811597745588755970	-24.050207257793712046
5016	-19.875831240904972219	-25.033919898915527824
5017	-16.479522220079843464	-26.662673819585087642
5018	-12.990369787413897029	-28.207163114068869447
5019	-10.915424837821205983	-29.064172328485767594
5020	-7.272162995225244231	-30.459376075180568222
5021	-3.529117214241864531	-31.749843696416522931
5022	-1.304792870610526734	-32.449450205185243590
5023	2.594754530343720944	-33.557681322018979131
5024	6.589060660892016585	-34.540452236615529102
5025	8.955018739921996485	-35.051639664790940287
5026	13.085811743592813627	-35.820685989452059061
5027	17.290512919337345465	-36.445936663774865849
5028	19.766771528913523071	-36.741322688661988138
5029	24.062020748428153638	-37.127849078624493018
5030	28.394697433767589700	-37.358142867000267984
5031	30.926751918891284276	-37.419189199740053198
5032	35.283318751404095792	-37.397751984695645433
5033	39.631753932332401291	-37.216604742192942012
5034	42.151689578138075376	-37.038135863233051737
5035	46.451402828662878619	-36.607707059970231001
5036	50.699465980214966976	-36.024060680952857183
5037	53.142379525202784407	-35.615752391748316086
5038	57.281033727683563939	-34.800201830141624271
5039	61.336601345783861916	-33.846276425516272468
5040	-35.169028075568974145	-14.423318162751666449
5041	-32.122836447547854277	-16.289860578885019038
5042	-29.024556844671110412	-18.108674821857349002
5043	-27.194911999301666583	-19.142905410848381820
5044	-24.001506146069687020	-20.874110204724615869
5045	-20.740437584249320935	-22.542003517895256692
5046	-18.809268715719781540	-23.481034820122623330
5047	-15.430628563731488612	-25.035666751455195822
5048	-11.972069154290693405	-26.510125009979653044
5049	-9.921094301338598598	-27.328627802842344607
5050	-6.329854823337655034	-28.662213351461680588
5051	-2.652623050219517609	-29.897709948199000962
5052	-0.472886477460860988	-30.568809568847630231
5053	3.339605602189408273	-31.634783408791488313
5054	7.234462320227919463	-32.584704672153890215
5055	9.537366576703021792	-33.081500238926643931
5056	13.552157163798426609	-33.834550062320928987
5057	17.633129442748924021	-34.455493114338224814
5058	20.034874392286724287	-34.753988230919738101
5059	24.199842604978641702	-35.155762759342707113
5060	28.402216774638816332	-35.413938636853494302
5061	30.859772659191634148	-35.496985845830735684
5062	35.092937933797088590	-35.523014421433657617
5063	39.326572830074439935	-35.400995187719260571
5064	41.784829148393754394	-35.261966302832263409
5065	45.989111802950475294	-34.907214930349837800
5066	50.156820363408087360	-34.408179651708401536
5067	52.560507842118397548	-34.052694195680281553
5068	56.645342474899649687	-33.333095917772524786
5069	60.664556231147173548	-32.480455109145552228
5070	-33.492646377735866281	-12.450116594193378461
5071	-30.390597228983494915	-14.171663726401328987
5072	-27.252295426442515236	-15.847203653525602007
5073	-25.407112584890228391	-16.799153079147234990
5074	-22.201112712746407851	-18.391504907024927462
5075	-18.946218722063122186	-19.924658359673568242
5076	-17.027683794054837563	-20.787636925921450626
5077	-13.686884028018539539	-22.216550968506822983
5078	-10.287157125722046658	-23.572795479315310274
5079	-8.280276330137894547	-24.326557480832285307
5080	-4.781853665769858708	-25.556968580621845177
5081	-1.218825139693535675	-26.700916254351806600
5082	0.884835320741558462	-27.324752548355068171
5083	4.550842608958305391	-28.320988657843415126
5084	8.280711570743335415	-29.217055886983992252
5085	10.479946681946955778	-29.690418310942103375
5086	14.305383178968583024	-30.417711917300980673
5087	18.185755099309119487	-31.032213111571461894
5088	20.467127894340251260	-31.336204887610477954
5089	24.422033545023793977	-31.763705803299085773
5090	28.414348865865775906	-32.068385669724882803
5091	30.751611241912257810	-32.188017958422960874
5092	34.784836994643512753	-32.292921017610019874
5093	38.831219854603091335	-32.269245219182678852
5094	41.188129908303181992	-32.195927063441210692
5095	45.234126155203682629	-31.967581790140453535
5096	49.266487836583792159	-31.610430000280189233
5097	51.603037129880306111	-31.343835699856899879
5098	55.593790260130305114	-30.786334092108159410
5099	59.546746689610756675	-30.105669060761929501
5100	-31.819053341767983056	-10.439366682771186845
5101	-28.670288038071589654	-12.015653731189072317
5102	-25.501845270542958133	-13.548241392079129142
5103	-23.647078659201952178	-14.418382751641205530
5104	-20.438795066116313137	-15.873199340869177831
5105	-17.200107682381371887	-17.273565746953867261
5106	-15.299731004492400643	-18.061908959503430339
5107	-12.005389986417412729	-19.367981297696157839
5108	-8.671585384222453285	-20.609362350694688359
5109	-6.712032427753229058	-21.300500750845536402
5110	-3.310154317748811081	-22.431551510204375433
5111	0.137566399547722540	-23.487819481123963783
5112	2.165823588078666262	-24.066583539216775733
5113	5.688861058127997694	-24.996582883125164187
5114	9.260229230794863042	-25.841757887946339878
5115	11.360872756929097704	-26.293071180949681320
5116	15.007678080743545479	-26.996261914023008899
5117	18.700240079796259351	-27.604915477875888286
5118	20.869367337358028180	-27.914216002557758145
5119	24.628794246976667637	-28.366170765205698245
5120	28.425649488843134804	-28.714907969603959970
5121	30.650759066994027080	-28.869201982740971602
5122	34.496826616958628620	-29.048941894840584865
5123	38.366556248916424465	-29.118865049010704382
5124	40.627039958867356972	-29.108291913211854052
5125	44.520783788504559197	-29.001138784315529051
5126	48.420633297364787495	-28.780812932868375498
5127	50.690242528684763101	-28.600375368733956805
5128	54.584952649783957668	-28.200844277150665107
5129	58.467188749546465942	-27.688975740118003444
5130	-30.842540779768455650	-9.249504688514484485
5131	-27.670732964358307981	-10.741475995198735305
5132	-24.489188635574237196	-12.191402676372236513
5133	-22.631496880153690654	-13.014388044022579649
5134	-19.426433154779715551	-14.390183144147757233
5135	-16.201546651272792587	-15.714575741550554255
5136	-14.314117570246708055	-16.460359896806696867
5137	-11.050486741531813095	-17.696617007037083624
5138	-7.758025827202800428	-18.872985915709342919
5139	-5.827359469915109003	-19.528791430636097459
5140	-2.483199045755782208	-20.603945793161674516
5141	0.896969330489582717	-21.611054707406104569
5142	2.881616070893016968	-22.164607192051338558
5143	6.322851393640803508	-23.057622356742367487
5144	9.804535738299563263	-23.874419283590135876
5145	11.849790092448216683	-24.313435743266591516
5146	15.396808817074060016	-25.003143779530020652
5147	18.985014382711682401	-25.608412346364620049
5148	21.091946676860914067	-25.920555344030894673
5149	24.743210116830624656	-26.385867890699287841
5150	28.431907649667607529	-26.758823599576054164
5151	30.594865443592937027	-26.932231132187361311
5152	34.336907846922855470	-27.153366285186820051
5153	38.107889085781181393	-27.275275371425450999
5154	40.314135620673027915	-27.299674765469465143
5155	44.121559358263994000	-27.260340591162851354
5156	47.945311133687994243	-27.116998076629151626
5157	50.175973357937039054	-26.985256827636405319
5158	54.013863703168254915	-26.675446125233190031
5159	57.852971149803352091	-26.260052223665191207
5160	-29.153793882645402391	-7.167140723853707485
5161	-25.949514989381668784	-8.515254438951746607
5162	-22.753011118942822577	-9.824759863548115035
5163	-20.894765555024150672	-10.567917692673765018
5164	-17.702833389692614219	-11.810406361234576877
5165	-14.508871574527802295	-13.007189921538291344
5166	-12.647580955845114659	-13.681729949976510596
5167	-9.442669947449758183	-14.801488450701064892
5168	-6.226029647272071088	-15.869783713771685285
5169	-4.347143129410142137	-16.467013976261817731
5170	-1.104609214661195438	-17.449719716757858379
5171	2.158717505528301217	-18.375716636743078425
5172	4.068790762150939599	-18.887723255534314859
5173	7.371482492599085390	-19.719814988877143236
5174	10.702778432690791988	-20.489803290206111797
5175	12.655741734850266766	-20.908460225885740158
5176	16.037331802203141251	-21.575613831736859538
5177	19.453346752215253446	-22.174708639626544482
5178	21.457907090693879582	-22.491062367267364408
5179	24.931345928982352689	-22.977369693255909056
5180	28.442205486396204606	-23.389012850241268637
5181	30.502826048506307188	-23.593151605580530372
5182	34.073111564547730268	-23.881188478957433574
5183	37.680186447078767742	-24.087608996986627830
5184	39.795892374200150243	-24.169120790932435483
5185	43.458160376091569788	-24.241073556065977357
5186	47.152428472133493642	-24.224853874968275136
5187	49.316024078322641344	-24.173941919198885131
5188	53.054577487072123176	-24.013868415457803707
5189	56.816227203928093559	-23.760620022069666391
5190	-27.442812351201382626	-5.031477177177588800
5191	-24.215201331785010552	-6.237886589084823186
5192	-21.013326287435120321	-7.409924202921421177
5193	-19.160154715104113166	-8.075309387606681710
5194	-15.990831246175957858	-9.188527667599464266
5195	-12.836690331889258232	-10.262264711035191667
5196	-11.006300695805975920	-10.868398412891625782
5197	-7.867348063128247304	-11.876730297330377439
5198	-4.732317034618858997	-12.842107346434810111
5199	-2.907812518824584913	-13.383720553562950428
5200	0.230070143408369177	-14.278843140944866619
5201	3.375461827051253749	-15.128132693843433287
5202	5.211234850171507560	-15.600860258245095480
5203	8.377394905923125634	-16.375275556716410108
5204	11.562165045966736443	-17.100724036218387880
5205	13.425861472038718603	-17.499827422435082269
5206	16.648365639822600315	-18.144840218660398534
5207	19.899678827647960588	-18.736872601898856061
5208	21.806589815921427089	-19.056303100356711155
5209	25.110626478199947087	-19.560604374710109710
5210	28.452027420947501923	-20.006663802749898196
5211	30.414963764473782248	-20.238512412018803133
5212	33.820759909092231510	-20.587465747571258134
5213	37.269876401450972025	-20.871619228211567787
5214	39.297735189306450820	-21.006048626433191373
5215	42.817942499240075449	-21.181879649249335529
5216	46.383715970638093040	-21.285435286703020097
5217	48.479821258418382968	-21.311255518921697671
5218	52.116641037703999473	-21.294446267587481714
5219	55.796515892427720473	-21.197897822370180165
5220	-26.432751339940978141	-3.761485847131369908
5221	-23.195889851381821245	-4.886848666955740050
5222	-19.995378766866451770	-5.980685426648263636
5223	-18.147771763154878499	-6.602009870223302102
5224	-14.995966066168875841	-7.642275404055759225
5225	-11.869052120032847597	-8.646888766787879987
5226	-10.058800967842330465	-9.214720770988392928
5227	-6.961495268024464167	-10.160843071370726065
5228	-3.876564692601391471	-11.068936772210948405
5229	-2.084889004856449901	-11.579652014881817834
5230	0.990682032636811982	-12.426174228202865990
5231	4.066841975995885150	-13.232913432847091428
5232	5.859401685243255997	-13.683832928363830916
5233	8.946776054171294845	-14.426144235258092863
5234	12.047683225697255693	-15.126632093338043816
5235	13.860555861559760160	-15.514657461875874134
5236	16.992859518970561794	-16.146826233817606067
5237	20.151145314241773576	-16.734158423910216129
5238	22.003009201475691725	-17.054739587942609802
5239	25.211633850700138737	-17.567909251759189715
5240	28.457564998500259890	-18.031785480437516611
5241	30.365394515743048487	-18.278214633352455110
5242	33.678166084550355208	-18.659576153827472922
5243	37.037532020864574633	-18.985528355481136487
5244	39.015225058016682169	-19.148621791088942246
5245	42.453784664697025164	-19.381122188675057316
5246	45.944944356338993430	-19.550592759735714310
5247	48.001454968998558570	-19.618931593468445840
5248	51.577821267341789735	-19.682071028131741031
5249	55.208035475588047802	-19.673759014885366270
5250	-24.665331236758788691	-1.528479688494511102
5251	-21.420344792733885697	-2.517849029476964873
5252	-18.230138138208985765	-3.481227882164938059
5253	-16.396680128748130301	-4.029365727959941523
5254	-13.282568691913866132	-4.948933390976598012
5255	-10.209431003978352237	-5.839701382653369244
5256	-8.437481286200977593	-6.344649958189520156
5257	-5.417317118453411240	-7.188903389143359135
5258	-2.422944002237500172	-8.003434313298887659
5259	-0.689723977268158706	-8.463749692348084608
5260	2.276261322291389888	-9.231032472765271280
5261	5.232225709834494864	-9.968341435468541789
5262	6.950395023636531278	-10.383602394086681286
5263	9.903111441371322599	-11.073206671255418243
5264	12.861749934210791935	-11.732324246315494420
5265	14.588813963449325684	-12.101726739099012420
5266	17.569397834412853854	-12.711671079223490821
5267	20.571748293193735435	-13.289638996385397363
5268	22.331500536681176072	-13.610917841121436211
5269	25.380588857134995351	-14.136226848559967806
5270	28.466834043724048797	-14.626525450791145744
5271	30.282370624142600946	-14.895100760931528683
5272	33.438975910616903775	-15.326439694252325552
5273	36.647003360366966263	-15.717754544931429095
5274	38.539704351422727768	-15.926081158333481369
5275	41.839094469131367759	-16.248775066551271351
5276	45.201837945745552361	-16.524230922629165264
5277	47.189543091824276644	-16.661477078081155412
5278	50.659591232665547977	-16.855229637826717237
5279	54.200700144558908278	-16.992540377613376990
5280	-22.847697496848013543	0.774248193930250350
5281	-19.605000657263417452	-0.084393671487373215
5282	-16.435629350541034910	-0.923344612303797718
5283	-14.622331681445757567	-1.402074668657883105
5284	-11.555783958507163334	-2.207754272076249524
5285	-8.545435611061975578	-2.991699137519829854
5286	-6.816532902487324463	-3.437861779626756320
5287	-3.880664796208748157	-4.187156121284745680
5288	-0.982613304724509362	-4.914683993789679128
5289	0.689474741409014769	-5.328173366258870836
5290	3.542469858565169716	-6.021802896523359649
5291	6.376335338192717472	-6.694405873658033634
5292	8.019676438953695197	-7.076292210041617459
5293	10.838065905664080901	-7.716207812882994510
5294	13.656013349646713095	-8.335712069775036426
5295	15.298690149669482707	-8.686888522296518644
5296	18.130714413764593473	-9.274156397759261594
5297	20.980983119050307550	-9.840826963389536886
5298	22.651076844011669209	-10.160986967816029392
5299	25.545001913027590490	-10.694135661163411299
5300	28.475861673048854072	-11.205116563744123681
5301	30.201445959215220682	-11.491873453646078929
5302	33.205406217278266467	-11.965407336942556427
5303	36.264713208240721087	-12.413250395940943704
5304	38.073414204130330063	-12.661284228726968237
5305	41.234254159534629025	-13.064225708896682221
5306	44.467661735591434535	-13.435461838118921918
5307	46.385267472784477150	-13.635717227032534637
5308	49.745448293527630312	-13.950322831294446502
5309	53.192295085066376714	-14.224377789889215862
5310	-21.761861917779128817	2.148934373695575939
5311	-18.525642140902959909	1.363382131640518802
5312	-15.373527589881177846	0.593548081909303082
5313	-13.574863751716293336	0.153195861682071666
5314	-10.540721894774719658	-0.589759251071672930
5315	-7.571197359112261438	-1.315115620810086705
5316	-5.869593454749519879	-1.729119972906167702
5317	-2.986170690624248891	-2.426560372607673433
5318	-0.146924517247271069	-3.106633104052019423
5319	1.488290485699735655	-3.494578742086200229
5320	4.273825128306384613	-4.147977562218626346
5321	7.035574705683075081	-4.785110394063250894
5322	8.635035525242500398	-5.148612883844495336
5323	11.375130552829801900	-5.760952725821598008
5324	14.111592097760677689	-6.358136707346353056
5325	15.705590425382780495	-6.698834888486768335
5326	18.452188174707885082	-7.272590466546497545
5327	21.215254962626914903	-7.831672383909531909
5328	22.834011259101117730	-8.150264776847651049
5329	25.639138736677978159	-8.685842375732908849
5330	28.481034066781916181	-9.206036880199853556
5331	30.155052061287648257	-9.501429261479202637
5332	33.071313290869710499	-9.995695503587446851
5333	36.044827697779226128	-10.472074849157998244
5334	37.804861803716818258	-10.740472533168961888
5335	40.884987689902146712	-11.185134740748853943
5336	44.042388309180182659	-11.606932950789971670
5337	45.918442189331983627	-11.840825163086490690
5338	49.212804377122040478	-12.220664062810890016
5339	52.602198479548320620	-12.569541408358849921
5340	-19.838892418722480215	4.574207604804982452
5341	-16.623412945807558572	3.908042497936332182
5342	-13.510396461682375957	3.250368284892220405
5343	-11.742165405712967186	2.872016406081264517
5344	-8.772249519763136050	2.230024237152701705
5345	-5.880557542014571482	1.598632358594584968
5346	-4.229880501017987626	1.236099592283341320
5347	-1.442638407015351731	0.621565663239349919
5348	1.290603924750229226	0.017360484783412754
5349	2.860087228733675602	-0.329702853140139696
5350	5.526492987597293904	-0.918556068956510430
5351	8.162162179470271894	-1.498482425650599970
5352	9.685416450807110778	-1.832145697175494803
5353	12.290301005177269644	-2.399310744734268308
5354	14.886863288362945923	-2.959272906514816892
5355	16.397598972648637528	-3.282101209014578913
5356	18.998499606676745088	-3.831933546239832733
5357	21.613227975781370560	-4.376052010981282159
5358	23.144763361115252565	-4.690260341623333495
5359	25.799091531070729388	-5.226123373296538865
5360	28.489828709590426570	-5.757034869458837356
5361	30.076121669689342752	-6.063741695696826639
5362	32.842868487678515521	-6.586689030522026478
5363	35.669544055965957341	-7.104133669872715551
5364	37.345935894009357980	-7.402472851049648916
5365	40.286606819031760551	-7.909574512609387931
5366	43.311580892628626316	-8.408496846871864605
5367	45.114639621087349042	-8.694394649541445474
5368	48.292198648285335594	-9.176418849151460222
5369	51.577953332471054182	-9.644376404535076830
5370	-17.830837280645027931	7.083786651296965609
5371	-14.649470498727737322	6.527751443766128148
5372	-11.588495905331456015	5.972699734913367919
5373	-9.857870596028874388	5.650777574380400736
5374	-6.963679756144983912	5.100308508244585148
5375	-4.160094301629101210	4.553794732473324558
5376	-2.565704336194471580	4.237685630660061875
5377	0.117259117024104853	3.697916212268141489
5378	2.737819004561487191	3.162243053542780569
5379	4.238327249032778354	2.852220257938792081
5380	6.781094416611182396	2.322132915063568781
5381	9.287437948266699550	1.794770821130584615
5382	10.733133674137576463	1.488810401402492323
5383	13.201314800279220663	0.964185240221574702
5384	15.657402791579642098	0.440192362830735262
5385	17.084897789849776473	0.135171206564275254
5386	19.540628951023109039	-0.389657277969223725
5387	22.007999500030763329	-0.916185139913285873
5388	23.453012334810836137	-1.223753458682502515
5389	25.957813844048700958	-1.754763079311665974
5390	28.498563237182565899	-2.289659022416361989
5391	29.997672848340329210	-2.603039195373789028
5392	32.615433669517244653	-3.145492709012986943
5393	35.295083215811473565	-3.693398806700439518
5394	36.887300703972726978	-4.014908690208199182
5395	39.686722981621215922	-4.571926372155073359
5396	42.576193932666114961	-5.134562422443143426
5397	44.303811519584371581	-5.464389834566594217
5398	47.359166337529131852	-6.034551555636755715
5399	50.534345458871058554	-6.607778156842188721
